seed,delta_v_t_mps,elapsed_seconds,seconds_since_burn,position_separation_km,geocentric_angle_deg,sensor,topocentric_angle_deg
0,1,900.0,0.0,0.0,0.0,agent_0,8.537736462515939e-07
0,1,900.0,0.0,0.0,0.0,agent_1,8.537736462515939e-07
0,1,900.0,0.0,0.0,0.0,agent_2,0.0
0,1,1200.0,300.0,0.2999846995357293,0.0003510110486750262,agent_0,0.0003862115654031625
0,1,1200.0,300.0,0.2999846995357293,0.0003510110486750262,agent_1,0.0003639359762247095
0,1,1200.0,300.0,0.2999846995357293,0.0003510110486750262,agent_2,0.0003330341073454329
0,1,1500.0,600.0,0.5998778529216279,0.0007010199143280164,agent_0,0.0007721022089029822
0,1,1500.0,600.0,0.5998778529216279,0.0007010199143280164,agent_1,0.0007271966599785984
0,1,1500.0,600.0,0.5998778529216279,0.0007010199143280164,agent_2,0.000666069309069336
0,1,1800.0,900.0,0.8995888096887271,0.0010497087088018723,agent_0,0.0011571285287015878
0,1,1800.0,900.0,0.8995888096887271,0.0010497087088018723,agent_1,0.0010893693382094082
0,1,1800.0,900.0,0.8995888096887271,0.0010497087088018723,agent_2,0.0009988545974423295
0,1,2100.0,1200.0,1.1990282535265544,0.0013967614213848541,agent_0,0.0015407577325300835
0,1,2100.0,1200.0,1.1990282535265544,0.0013967614213848541,agent_1,0.0014500651061639888
0,1,2100.0,1200.0,1.1990282535265544,0.0013967614213848541,agent_2,0.001331134424423135
0,1,2400.0,1500.0,1.4981086003966066,0.0017418666831634756,agent_0,0.0019224645110185496
0,1,2400.0,1500.0,1.4981086003966066,0.0017418666831634756,agent_1,0.0018088987492096953
0,1,2400.0,1500.0,1.4981086003966066,0.0017418666831634756,agent_2,0.001662644770000169
0,1,2700.0,1800.0,1.7967443828391014,0.0020847149019989153,agent_0,0.0023017428737840784
0,1,2700.0,1800.0,1.7967443828391014,0.0020847149019989153,agent_1,0.002165505255948535
0,1,2700.0,1800.0,1.7967443828391014,0.0020847149019989153,agent_2,0.0019931109424712293
0,1,3000.0,2100.0,2.094852641280423,0.0024249983734693156,agent_0,0.0026780967275799802
0,1,3000.0,2100.0,2.094852641280423,0.0024249983734693156,agent_1,0.0025195294274259882
0,1,3000.0,2100.0,2.094852641280423,0.0024249983734693156,agent_2,0.002322250820767158
0,1,3300.0,2400.0,2.392353308028407,0.002762412570538011,agent_0,0.003051045268472038
0,1,3300.0,2400.0,2.392353308028407,0.002762412570538011,agent_1,0.0028706284935202816
0,1,3300.0,2400.0,2.392353308028407,0.002762412570538011,agent_2,0.002649773544792253
0,1,3600.0,2700.0,2.689169591525813,0.0030966532574673786,agent_0,0.0034201225991482695
0,1,3600.0,2700.0,2.689169591525813,0.0030966532574673786,agent_1,0.00321847231637098
0,1,3600.0,2700.0,2.689169591525813,0.0030966532574673786,agent_2,0.002975376413906546
0,1,3900.0,3000.0,2.985228368120851,0.003427418768838413,agent_0,0.0037848770855832548
0,1,3900.0,3000.0,2.985228368120851,0.003427418768838413,agent_1,0.0035627433106750826
0,1,3900.0,3000.0,2.985228368120851,0.003427418768838413,agent_2,0.0032987480318760563
0,1,4200.0,3300.0,3.280460566214771,0.0037544075544276184,agent_0,0.004144871277917706
0,1,4200.0,3300.0,3.280460566214771,0.0037544075544276184,agent_1,0.0039031328397909687
0,1,4200.0,3300.0,3.280460566214771,0.0037544075544276184,agent_2,0.003619564991206149
0,1,4500.0,3600.0,3.5748015693253454,0.004077318936989659,agent_0,0.004499683740814722
0,1,4500.0,3600.0,3.5748015693253454,0.004077318936989659,agent_1,0.004239344930704835
0,1,4500.0,3600.0,3.5748015693253454,0.004077318936989659,agent_2,0.003937492706005827
0,1,4800.0,3900.0,3.8681916045625746,0.004395853501102417,agent_0,0.004848908115536164
0,1,4800.0,3900.0,3.8681916045625746,0.004395853501102417,agent_1,0.0045710933393679
0,1,4800.0,3900.0,3.8681916045625746,0.004395853501102417,agent_2,0.004252186025608197
0,1,5100.0,4200.0,4.160576155307405,0.004709710051037226,agent_0,0.005192151902656723
0,1,5100.0,4200.0,4.160576155307405,0.004709710051037226,agent_1,0.004898100154131015
0,1,5100.0,4200.0,4.160576155307405,0.004709710051037226,agent_2,0.004563286202215359
0,1,5400.0,4500.0,4.451906366962684,0.005018588469022572,agent_0,0.005529037739760909
0,1,5400.0,4500.0,4.451906366962684,0.005018588469022572,agent_1,0.005220097681817109
0,1,5400.0,4500.0,4.451906366962684,0.005018588469022572,agent_2,0.004870422165470185
0,5,900.0,0.0,0.0,0.0,agent_0,8.537736462515939e-07
0,5,900.0,0.0,0.0,0.0,agent_1,8.537736462515939e-07
0,5,900.0,0.0,0.0,0.0,agent_2,0.0
0,5,1200.0,300.0,1.499923497724693,0.0017550542051123538,agent_0,0.0019310548072871648
0,5,1200.0,300.0,1.499923497724693,0.0017550542051123538,agent_1,0.001819686891353392
0,5,1200.0,300.0,1.499923497724693,0.0017550542051123538,agent_2,0.0016651687857800125
0,5,1500.0,600.0,2.999389265896843,0.003505094269115791,agent_0,0.0038605177482074404
0,5,1500.0,600.0,2.999389265896843,0.003505094269115791,agent_1,0.003635988512865632
0,5,1500.0,600.0,2.999389265896843,0.003505094269115791,agent_2,0.0033303342887769007
0,5,1800.0,900.0,4.49794405821905,0.005248523477250231,agent_0,0.005785653228964648
0,5,1800.0,900.0,4.49794405821905,0.005248523477250231,agent_1,0.005446860878548424
0,5,1800.0,900.0,4.49794405821905,0.005248523477250231,agent_2,0.004994246206270642
0,5,2100.0,1200.0,5.995141308658979,0.006983764369699574,agent_0,0.007703787106997709
0,5,2100.0,1200.0,5.995141308658979,0.006983764369699574,agent_1,0.007250331366635246
0,5,2100.0,1200.0,5.995141308658979,0.006983764369699574,agent_2,0.006655618132112116
0,5,2400.0,1500.0,7.490543126638811,0.00870924947717222,agent_0,0.009612300801873098
0,5,2400.0,1500.0,7.490543126638811,0.00870924947717222,agent_1,0.009044487670235232
0,5,2400.0,1500.0,7.490543126638811,0.00870924947717222,agent_2,0.008313120434112694
0,5,2700.0,1800.0,8.983722222865094,0.010423428786880599,agent_0,0.011508648484975873
0,5,2700.0,1800.0,8.983722222865094,0.010423428786880599,agent_1,0.010827489537399792
0,5,2700.0,1800.0,8.983722222865094,0.010423428786880599,agent_2,0.009965384551366821
0,5,3000.0,2100.0,10.474263870074077,0.012124762597103789,agent_0,0.013390350052395925
0,5,3000.0,2100.0,10.474263870074077,0.012124762597103789,agent_1,0.012597559094688678
0,5,3000.0,2100.0,10.474263870074077,0.012124762597103789,agent_2,0.011610995663669764
0,5,3300.0,2400.0,11.961767826822985,0.013811720952358062,agent_0,0.015254996360004562
0,5,3300.0,2400.0,11.961767826822985,0.013811720952358062,agent_1,0.01435298075136154
0,5,3300.0,2400.0,11.961767826822985,0.013811720952358062,agent_2,0.013248491284611313
0,5,3600.0,2700.0,13.445850262359578,0.015482782334152454,agent_0,0.01710025054065218
0,5,3600.0,2700.0,13.445850262359578,0.015482782334152454,agent_1,0.016092099589603254
0,5,3600.0,2700.0,13.445850262359578,0.015482782334152454,agent_2,0.014876359028063592
0,5,3900.0,3000.0,14.926145719563266,0.01713643349151675,agent_0,0.018923851489431685
0,5,3900.0,3000.0,14.926145719563266,0.01713643349151675,agent_1,0.01781332088479008
0,5,3900.0,3000.0,14.926145719563266,0.01713643349151675,agent_2,0.016493035719627496
0,5,4200.0,3300.0,16.402309044262108,0.018771164241038245,agent_0,0.020723609998972475
0,5,4200.0,3300.0,16.402309044262108,0.018771164241038245,agent_1,0.019515103157475927
0,5,4200.0,3300.0,16.402309044262108,0.018771164241038245,agent_2,0.018096901811346003
0,5,4500.0,3600.0,17.87401738272054,0.020385467695351003,agent_0,0.022497411709176747
0,5,4500.0,3600.0,17.87401738272054,0.020385467695351003,agent_1,0.021195958384608082
0,5,4500.0,3600.0,17.87401738272054,0.020385467695351003,agent_2,0.019686281081237704
0,5,4800.0,3900.0,19.340972153087524,0.021977844238623225,agent_0,0.024243223942461322
0,5,4800.0,3900.0,19.340972153087524,0.021977844238623225,agent_1,0.02285445471141881
0,5,4800.0,3900.0,19.340972153087524,0.021977844238623225,agent_2,0.021259444198730385
0,5,5100.0,4200.0,20.802901095237637,0.023546786787555896,agent_0,0.025959079112042517
0,5,5100.0,4200.0,20.802901095237637,0.023546786787555896,agent_1,0.0244891997177674
0,5,5100.0,4200.0,20.802901095237637,0.023546786787555896,agent_2,0.022814594368337056
0,5,5400.0,4500.0,22.25956030440384,0.025090789232699123,agent_0,0.027643088521876396
0,5,5400.0,4500.0,22.25956030440384,0.025090789232699123,agent_1,0.02609885122278262
0,5,5400.0,4500.0,22.25956030440384,0.025090789232699123,agent_2,0.024349874224019335
0,10,900.0,0.0,0.0,0.0,agent_0,8.537736462515939e-07
0,10,900.0,0.0,0.0,0.0,agent_1,8.537736462515939e-07
0,10,900.0,0.0,0.0,0.0,agent_2,0.0
0,10,1200.0,300.0,2.999846995552299,0.0035101068531426154,agent_0,0.003862116692816418
0,10,1200.0,300.0,2.999846995552299,0.0035101068531426154,agent_1,0.0036393804928676935
0,10,1200.0,300.0,2.999846995552299,0.0035101068531426154,agent_2,0.003330333084960018
0,10,1500.0,600.0,5.998778535030999,0.007010174555994468,agent_0,0.0077210546656472055
0,10,1500.0,600.0,5.998778535030999,0.007010174555994468,agent_1,0.00727199697675416
0,10,1500.0,600.0,5.998778535030999,0.007010174555994468,agent_2,0.006660645324776888
0,10,1800.0,900.0,8.9958881409144,0.010497000648007283,agent_0,0.011571328142788787
0,10,1800.0,900.0,8.9958881409144,0.010497000648007283,agent_1,0.010893749705462167
0,10,1800.0,900.0,8.9958881409144,0.010497000648007283,agent_2,0.009988426852047186
0,10,2100.0,1200.0,11.990282720018953,0.013967419745369553,agent_0,0.015407575100390317
0,10,2100.0,1200.0,11.990282720018953,0.013967419745369553,agent_1,0.014500681613044976
0,10,2100.0,1200.0,11.990282720018953,0.013967419745369553,agent_2,0.013311096071775679
0,10,2400.0,1500.0,14.981086565258012,0.017418286708424435,agent_0,0.01922454517572614
0,10,2400.0,1500.0,14.981086565258012,0.017418286708424435,agent_1,0.01808895696097778
0,10,2400.0,1500.0,14.981086565258012,0.017418286708424435,agent_2,0.016625984784408673
0,10,2700.0,1800.0,17.967445218291935,0.0208464926126549,agent_0,0.02301713327874527
0,10,2700.0,1800.0,17.967445218291935,0.0208464926126549,agent_1,0.02165488473516934
0,10,2700.0,1800.0,17.967445218291935,0.0208464926126549,agent_2,0.019930347211816253
0,10,3000.0,2100.0,20.94852940142344,0.024248948465577534,agent_0,0.026780366859399874
0,10,3000.0,2100.0,20.94852940142344,0.024248948465577534,agent_1,0.02519489843327135
0,10,3000.0,2100.0,20.94852940142344,0.024248948465577534,agent_2,0.02322134457596815
0,10,3300.0,2400.0,23.923538875093495,0.027622585561553278,agent_0,0.03050941514509006
0,10,3300.0,2400.0,23.923538875093495,0.027622585561553278,agent_1,0.028705557177032614
0,10,3300.0,2400.0,23.923538875093495,0.027622585561553278,agent_2,0.026496043183885994
0,10,3600.0,2700.0,26.89170629679075,0.030964352169814906,agent_0,0.03419959306163912
0,10,3600.0,2700.0,26.89170629679075,0.030964352169814906,agent_1,0.03218354154581577
0,10,3600.0,2700.0,26.89170629679075,0.030964352169814906,agent_2,0.02975140952208174
0,10,3900.0,3000.0,29.85230115559676,0.034271213749829055,agent_0,0.03784636747535633
0,10,3900.0,3000.0,29.85230115559676,0.034271213749829055,agent_1,0.03562565277023392
0,10,3900.0,3000.0,29.85230115559676,0.034271213749829055,agent_2,0.03298430871431592
0,10,4200.0,3300.0,32.80463363715368,0.03754014182267579,agent_0,0.04144534980589493
0,10,4200.0,3300.0,32.80463363715368,0.03754014182267579,agent_1,0.03902879951363854
0,10,4200.0,3300.0,32.80463363715368,0.03754014182267579,agent_2,0.036191493210389704
0,10,4500.0,3600.0,35.74805862906014,0.04076811516028127,agent_0,0.044992302103981884
0,10,4500.0,3600.0,35.74805862906014,0.04076811516028127,agent_1,0.04238999743875679
0,10,4500.0,3600.0,35.74805862906014,0.04076811516028127,agent_2,0.0393696024953834
0,10,4800.0,3900.0,38.68197966549534,0.0439521276249352,agent_0,0.04848315031160961
0,10,4800.0,3900.0,38.68197966549534,0.0439521276249352,agent_1,0.04570637538908121
0,10,4800.0,3900.0,38.68197966549534,0.0439521276249352,agent_2,0.042515169717398237
0,10,5100.0,4200.0,41.60585303401479,0.047089158497579005,agent_0,0.0519139515287166
0,10,5100.0,4200.0,41.60585303401479,0.047089158497579005,agent_1,0.04897514141545988
0,10,5100.0,4200.0,41.60585303401479,0.047089158497579005,agent_2,0.04562459377320384
0,10,5400.0,4500.0,44.519191846034246,0.05017618945016968,agent_0,0.05528092152625753
0,10,5400.0,4500.0,44.519191846034246,0.05017618945016968,agent_1,0.05219360463983305
0,10,5400.0,4500.0,44.519191846034246,0.05017618945016968,agent_2,0.048694152679772805
0,25,900.0,0.0,0.0,0.0,agent_0,8.537736462515939e-07
0,25,900.0,0.0,0.0,0.0,agent_1,8.537736462515939e-07
0,25,900.0,0.0,0.0,0.0,agent_2,0.0
0,25,1200.0,300.0,7.499617489643789,0.00877525437898321,agent_0,0.009655344899641035
0,25,1200.0,300.0,7.499617489643789,0.00877525437898321,agent_1,0.00909850428670009
0,25,1200.0,300.0,7.499617489643789,0.00877525437898321,agent_2,0.008325799985607563
0,25,1500.0,600.0,14.996946361907058,0.017525333115315737,agent_0,0.019302778493911397
0,25,1500.0,600.0,14.996946361907058,0.017525333115315737,agent_1,0.018180144014848996
0,25,1500.0,600.0,14.996946361907058,0.017525333115315737,agent_2,0.01665143876792155
0,25,1800.0,900.0,22.489720536295856,0.026242154053358214,agent_0,0.028928480507148212
0,25,1800.0,900.0,22.489720536295856,0.026242154053358214,agent_1,0.02723458332927092
0,25,1800.0,900.0,22.489720536295856,0.026242154053358214,agent_2,0.024970574507699093
0,25,2100.0,1200.0,29.975707572168492,0.0349177289190692,agent_0,0.03851894167198288
0,25,2100.0,1200.0,29.975707572168492,0.0349177289190692,agent_1,0.03625184276395068
0,25,2100.0,1200.0,29.975707572168492,0.0349177289190692,agent_2,0.03327668694502761
0,25,2400.0,1500.0,37.45271875875572,0.04354412130623344,agent_0,0.04806093438936408
0,25,2400.0,1500.0,37.45271875875572,0.04354412130623344,agent_1,0.04522224986465764
0,25,2400.0,1500.0,37.45271875875572,0.04354412130623344,agent_2,0.04156303856251781
0,25,2700.0,1800.0,44.91861885410418,0.052113487431493986,agent_0,0.05754159711707543
0,25,2700.0,1800.0,44.91861885410418,0.052113487431493986,agent_1,0.05413649567099493
0,25,2700.0,1800.0,44.91861885410418,0.052113487431493986,agent_2,0.04982269789057473
0,25,3000.0,2100.0,52.37133599315701,0.06061803544442378,agent_0,0.06694840325814425
0,25,3000.0,2100.0,52.37133599315701,0.06061803544442378,agent_1,0.06298558580178926
0,25,3000.0,2100.0,52.37133599315701,0.06061803544442378,agent_2,0.058048501541764684
0,25,3300.0,2400.0,59.808871405590665,0.06905002629451894,agent_0,0.07626918484393387
0,25,3300.0,2400.0,59.808871405590665,0.06905002629451894,agent_1,0.0717608426495984
0,25,3300.0,2400.0,59.808871405590665,0.06905002629451894,agent_2,0.06623304904252966
0,25,3600.0,2700.0,67.22930913212795,0.07740176622840317,agent_0,0.08549214259578289
0,25,3600.0,2700.0,67.22930913212795,0.07740176622840317,agent_1,0.08045389604022458
0,25,3600.0,2700.0,67.22930913212795,0.07740176622840317,agent_2,0.07436869133308485
0,25,3900.0,3000.0,74.6308259245162,0.08566560675434713,agent_0,0.09460586226945743
0,25,3900.0,3000.0,74.6308259245162,0.08566560675434713,agent_1,0.08905668061608515
0,25,3900.0,3000.0,74.6308259245162,0.08566560675434713,agent_2,0.08244752681106161
0,25,4200.0,3300.0,82.01170096799525,0.09383391773126921,agent_0,0.1035992964003769
0,25,4200.0,3300.0,82.01170096799525,0.09383391773126921,agent_1,0.09756140342016031
0,25,4200.0,3300.0,82.01170096799525,0.09383391773126921,agent_2,0.09046137335598278
0,25,4500.0,3600.0,89.37032593881301,0.10189909029168877,agent_0,0.11246177986387058
0,25,4500.0,3600.0,89.37032593881301,0.10189909029168877,agent_1,0.10596054284841766
0,25,4500.0,3600.0,89.37032593881301,0.10189909029168877,agent_2,0.09840176830989478
0,25,4800.0,3900.0,96.70521491791753,0.1098535564390038,agent_0,0.12118306331701385
0,25,4800.0,3900.0,96.70521491791753,0.1098535564390038,agent_1,0.11424686415974755
0,25,4800.0,3900.0,96.70521491791753,0.1098535564390038,agent_2,0.10625998492906062
0,25,5100.0,4200.0,104.01501468919189,0.11768971541202722,agent_0,0.1297532316477879
0,25,5100.0,4200.0,104.01501468919189,0.11768971541202722,agent_1,0.12241333476509242
0,25,5100.0,4200.0,104.01501468919189,0.11768971541202722,agent_2,0.11402696324189558
0,25,5400.0,4500.0,111.29851494386516,0.1253999761052956,agent_0,0.13816277274014047
0,25,5400.0,4500.0,111.29851494386516,0.1253999761052956,agent_1,0.130453178760423
0,25,5400.0,4500.0,111.29851494386516,0.1253999761052956,agent_2,0.12169334379659892
0,50,900.0,0.0,0.0,0.0,agent_0,8.537736462515939e-07
0,50,900.0,0.0,0.0,0.0,agent_1,8.537736462515939e-07
0,50,900.0,0.0,0.0,0.0,agent_2,0.0
0,50,1200.0,300.0,14.999234981844932,0.017550465261773375,agent_0,0.019310866996964434
0,50,1200.0,300.0,14.999234981844932,0.017550465261773375,agent_1,0.018197184202604244
0,50,1200.0,300.0,14.999234981844932,0.017550465261773375,agent_2,0.016651491014213596
0,50,1500.0,600.0,29.99389280531832,0.03505031998278403,agent_0,0.03860602776612556
0,50,1500.0,600.0,29.99389280531832,0.03505031998278403,agent_1,0.03636079161358162
0,50,1500.0,600.0,29.99389280531832,0.03505031998278403,agent_2,0.03330229378228773
0,50,1800.0,900.0,44.97944168904971,0.05248314382015949,agent_0,0.05785748721220384
0,50,1800.0,900.0,44.97944168904971,0.05248314382015949,agent_1,0.05446985673168634
0,50,1800.0,900.0,44.97944168904971,0.05248314382015949,agent_2,0.049939502034188024
0,50,2100.0,1200.0,59.951417730945344,0.06983270931535462,agent_0,0.07703787803559115
0,50,2100.0,1200.0,59.951417730945344,0.06983270931535462,agent_1,0.072504132793883
0,50,2100.0,1200.0,59.951417730945344,0.06983270931535462,agent_2,0.06654985145691918
0,50,2400.0,1500.0,74.90544537494041,0.08708289795834105,agent_0,0.09612040432991875
0,50,2400.0,1500.0,74.90544537494041,0.08708289795834105,agent_1,0.0904439946473768
0,50,2400.0,1500.0,74.90544537494041,0.08708289795834105,agent_2,0.08311964302513034
0,50,2700.0,1800.0,89.83725716417838,0.10421778306699744,agent_0,0.11507901227435675
0,50,2700.0,1800.0,89.83725716417838,0.10421778306699744,agent_1,0.1082705526899046
0,50,2700.0,1800.0,89.83725716417838,0.10421778306699744,agent_2,0.09963479011842633
0,50,3000.0,2100.0,104.74271381922078,0.12122154862640244,agent_0,0.13388833010806359
0,50,3000.0,2100.0,104.74271381922078,0.12122154862640244,agent_1,0.12596555620627106
0,50,3000.0,2100.0,104.74271381922078,0.12122154862640244,agent_2,0.11608074323884603
0,50,3300.0,2400.0,119.61782392081616,0.13807849210850393,agent_0,0.1525237172604708
0,50,3300.0,2400.0,119.61782392081616,0.13807849210850393,agent_1,0.14351139846327
0,50,3300.0,2400.0,119.61782392081616,0.13807849210850393,agent_2,0.13244248049435586
0,50,3600.0,2700.0,134.45876357277328,0.1547730101525313,agent_0,0.17096128617778314
0,50,3600.0,2700.0,134.45876357277328,0.1547730101525313,agent_1,0.16089109894338308
0,50,3600.0,2700.0,134.45876357277328,0.1547730101525313,agent_2,0.14870448538298
0,50,3900.0,3000.0,149.26189641355631,0.17128959914803119,agent_0,0.18917793650475265
0,50,3900.0,3000.0,149.26189641355631,0.17128959914803119,agent_1,0.17808829863255543
0,50,3900.0,3000.0,149.26189641355631,0.17128959914803119,agent_2,0.1648507398484241
0,50,4200.0,3300.0,164.02379325271517,0.1876128021732121,agent_0,0.20715131989562682
0,50,4200.0,3300.0,164.02379325271517,0.1876128021732121,agent_1,0.1950871960758589
0,50,4200.0,3300.0,164.02379325271517,0.1876128021732121,agent_2,0.1808646693299468
0,50,4500.0,3600.0,178.74125235287585,0.20372721558819956,agent_0,0.22485987230470247
0,50,4500.0,3600.0,178.74125235287585,0.20372721558819956,agent_1,0.21187254538859746
0,50,4500.0,3600.0,178.74125235287585,0.20372721558819956,agent_2,0.1967291438740326
0,50,4800.0,3900.0,193.41131940254775,0.2196175288674038,agent_0,0.24228288183319927
0,50,4800.0,3900.0,193.41131940254775,0.2196175288674038,agent_1,0.22842968804306404
0,50,4800.0,3900.0,193.41131940254775,0.2196175288674038,agent_2,0.212426512059228
0,50,5100.0,4200.0,208.03130822828814,0.23526837816871332,agent_0,0.25940032657458256
0,50,5100.0,4200.0,208.03130822828814,0.23526837816871332,agent_1,0.24474438368027576
0,50,5100.0,4200.0,208.03130822828814,0.23526837816871332,agent_2,0.22793846423482422
0,50,5400.0,4500.0,222.59882129106978,0.2506644312951936,agent_0,0.2761930121239255
0,50,5400.0,4500.0,222.59882129106978,0.2506644312951936,agent_1,0.2608029189181584
0,50,5400.0,4500.0,222.59882129106978,0.2506644312951936,agent_2,0.24324610084106815
0,100,900.0,0.0,0.0,0.0,agent_0,8.537736462515939e-07
0,100,900.0,0.0,0.0,0.0,agent_1,8.537736462515939e-07
0,100,900.0,0.0,0.0,0.0,agent_2,0.0
0,100,1200.0,300.0,29.9984699740131,0.03510075517606753,agent_0,0.03862244070887142
0,100,1200.0,300.0,29.9984699740131,0.03510075517606753,agent_1,0.03639506882807603
0,100,1200.0,300.0,29.9984699740131,0.03510075517606753,agent_2,0.033302544774093404
0,100,1500.0,600.0,59.987785939733946,0.07009924180625518,agent_0,0.07721392109562195
0,100,1500.0,600.0,59.987785939733946,0.07009924180625518,agent_1,0.07272358300380194
0,100,1500.0,600.0,59.987785939733946,0.07009924180625518,agent_2,0.06660224172453691
0,100,1800.0,900.0,89.95888586709196,0.10496158678393876,agent_0,0.11571702012194426
0,100,1800.0,900.0,89.95888586709196,0.10496158678393876,agent_1,0.10894242463470154
0,100,1800.0,900.0,89.95888586709196,0.10496158678393876,agent_2,0.09987237895145834
0,100,2100.0,1200.0,119.90284590474906,0.13965432197431468,agent_0,0.1540755954831397
0,100,2100.0,1200.0,119.90284590474906,0.13965432197431468,agent_1,0.14500993850166105
0,100,2100.0,1200.0,119.90284590474906,0.13965432197431468,agent_2,0.13308552564725512
0,100,2400.0,1500.0,149.8109224696961,0.17414422005771446,agent_0,0.19223468034091531
0,100,2400.0,1500.0,149.8109224696961,0.17414422005771446,agent_1,0.18088574331866866
0,100,2400.0,1500.0,149.8109224696961,0.17414422005771446,agent_2,0.1662133806686563
0,100,2700.0,1800.0,179.67459286198803,0.2083984636117716,agent_0,0.230140833651895
0,100,2700.0,1800.0,179.67459286198803,0.2083984636117716,agent_1,0.21653096424672771
0,100,2700.0,1800.0,179.67459286198803,0.2083984636117716,agent_2,0.19922686969369088
0,100,3000.0,2100.0,209.48559647445683,0.24238448582484445,agent_0,0.26774202862478164
0,100,3000.0,2100.0,209.48559647445683,0.24238448582484445,agent_1,0.25190804386689264
0,100,3000.0,2100.0,209.48559647445683,0.24238448582484445,agent_2,0.23209599759346672
0,100,3300.0,2400.0,239.2359751485511,0.276069979588017,agent_0,0.30498775856813304
0,100,3300.0,2400.0,239.2359751485511,0.276069979588017,agent_1,0.28698075606077894
0,100,3300.0,2400.0,239.2359751485511,0.276069979588017,agent_2,0.26478983267042305
0,100,3600.0,2700.0,268.9181134202328,0.30942287183589134,agent_0,0.34182908750365243
0,100,3600.0,2700.0,268.9181134202328,0.30942287183589134,agent_1,0.32171417396016855
0,100,3600.0,2700.0,268.9181134202328,0.30942287183589134,agent_2,0.2972764657726109
0,100,3900.0,3000.0,298.52477938443565,0.3424113277647547,agent_0,0.37821872483500896
0,100,3900.0,3000.0,298.52477938443565,0.3424113277647547,agent_1,0.3560746632135791
0,100,3900.0,3000.0,298.52477938443565,0.3424113277647547,agent_2,0.3295230002847702
0,100,4200.0,3300.0,328.04916472543124,0.3750036478061816,agent_0,0.41411096050109203
0,100,4200.0,3300.0,328.04916472543124,0.3750036478061816,agent_1,0.3900297568438271
0,100,4200.0,3300.0,328.04916472543124,0.3750036478061816,agent_2,0.3614954465510841
0,100,4500.0,3600.0,357.48492593715804,0.40716828379532,agent_0,0.44946173435925796
0,100,4500.0,3600.0,357.48492593715804,0.40716828379532,agent_1,0.4235481532680764
0,100,4500.0,3600.0,357.48492593715804,0.40716828379532,agent_2,0.39315872861304996
0,100,4800.0,3900.0,386.826224830912,0.43887392145139226,agent_0,0.4842287758798035
0,100,4800.0,3900.0,386.826224830912,0.43887392145139226,agent_1,0.4565997816900923
0,100,4800.0,3900.0,386.826224830912,0.43887392145139226,agent_2,0.4244767568862639
0,100,5100.0,4200.0,416.0677704021841,0.4700891908261535,agent_0,0.5183712835313714
0,100,5100.0,4200.0,416.0677704021841,0.4700891908261535,agent_1,0.48915546541769256
0,100,5100.0,4200.0,416.0677704021841,0.4700891908261535,agent_2,0.45541216033746
0,100,5400.0,4500.0,445.2048601467552,0.5007828369387758,agent_0,0.5518501998510036
0,100,5400.0,4500.0,445.2048601467552,0.5007828369387758,agent_1,0.5211871384625019
0,100,5400.0,4500.0,445.2048601467552,0.5007828369387758,agent_2,0.4859264267551626
1,1,900.0,0.0,0.0,0.0,agent_0,0.0
1,1,900.0,0.0,0.0,0.0,agent_1,0.0
1,1,900.0,0.0,0.0,0.0,agent_2,8.537736462515939e-07
1,1,1200.0,300.0,0.29996406074723886,0.0004664613236724056,agent_0,0.00041153572463899755
1,1,1200.0,300.0,0.29996406074723886,0.0004664613236724056,agent_1,0.00043474268082419694
1,1,1200.0,300.0,0.29996406074723886,0.0004664613236724056,agent_2,0.00048360154068242294
1,1,1500.0,600.0,0.5997135950061193,0.0009304448542908007,agent_0,0.0008176455193946172
1,1,1500.0,600.0,0.5997135950061193,0.0009304448542908007,agent_1,0.000862987796439957
1,1,1500.0,600.0,0.5997135950061193,0.0009304448542908007,agent_2,0.0009672407629759101
1,1,1800.0,900.0,0.899038475317069,0.0013905915417591966,agent_0,0.0012174617610466495
1,1,1800.0,900.0,0.899038475317069,0.0013905915417591966,agent_1,0.0012836974409967047
1,1,1800.0,900.0,0.899038475317069,0.0013905915417591966,agent_2,0.0014492578168446748
1,1,2100.0,1200.0,1.197736039248256,0.0018455636094536051,agent_0,0.0016101294989543456
1,1,2100.0,1200.0,1.197736039248256,0.0018455636094536051,agent_1,0.0016958517348128067
1,1,2100.0,1200.0,1.197736039248256,0.0018455636094536051,agent_2,0.0019280462340513897
1,1,2400.0,1500.0,1.4956139728171882,0.002294050069495933,agent_0,0.001994809557395608
1,1,2400.0,1500.0,1.4956139728171882,0.002294050069495933,agent_1,0.0020984458852911893
1,1,2400.0,1500.0,1.4956139728171882,0.002294050069495933,agent_2,0.002402051755976065
1,1,2700.0,1800.0,1.792493122120099,0.0027347624001587277,agent_0,0.0023706736081049785
1,1,2700.0,1800.0,1.792493122120099,0.0027347624001587277,agent_1,0.0024904919706828415
1,1,2700.0,1800.0,1.792493122120099,0.0027347624001587277,agent_2,0.0028697801257633487
1,1,3000.0,2100.0,2.088210255449903,0.0031664400825475625,agent_0,0.002736907090196046
1,1,3000.0,2100.0,2.088210255449903,0.0031664400825475625,agent_1,0.002871015197953983
1,1,3000.0,2100.0,2.088210255449903,0.0031664400825475625,agent_2,0.003329796467614457
1,1,3300.0,2400.0,2.3826207619206103,0.003587848519025655,agent_0,0.003092705088827138
1,1,3300.0,2400.0,2.3826207619206103,0.003587848519025655,agent_1,0.003239057887317787
1,1,3300.0,2400.0,2.3826207619206103,0.003587848519025655,agent_2,0.0037807264213001192
1,1,3600.0,2700.0,2.675601293148943,0.003997779942935811,agent_0,0.0034372734023561825
1,1,3600.0,2700.0,2.675601293148943,0.003997779942935811,agent_1,0.003593677395982752
1,1,3600.0,2700.0,2.675601293148943,0.003997779942935811,agent_2,0.0042212579993917785
1,1,3900.0,3000.0,2.967052353937848,0.004395055575889306,agent_0,0.0037698271668499318
1,1,3900.0,3000.0,2.967052353937848,0.004395055575889306,agent_1,0.00393394790507327
1,1,3900.0,3000.0,2.967052353937848,0.004395055575889306,agent_2,0.004650142415664656
1,1,4200.0,3300.0,3.256900821349012,0.004778524345318457,agent_0,0.0040895905603766155
1,1,4200.0,3300.0,3.256900821349012,0.004778524345318457,agent_1,0.004258958762006204
1,1,4200.0,3300.0,3.256900821349012,0.004778524345318457,agent_2,0.005066191814955929
1,1,4500.0,3600.0,3.5451024085160414,0.005147065189933547,agent_0,0.004395795463001726
1,1,4500.0,3600.0,3.5451024085160414,0.005147065189933547,agent_1,0.004567817711224871
1,1,4500.0,3600.0,3.5451024085160414,0.005147065189933547,agent_2,0.005468281907900109
1,1,4800.0,3900.0,3.8316440442384776,0.005499585114826748,agent_0,0.004687681895252356
1,1,4800.0,3900.0,3.8316440442384776,0.005499585114826748,agent_1,0.004859648921770753
1,1,4800.0,3900.0,3.8316440442384776,0.005499585114826748,agent_2,0.005855347109360207
1,1,5100.0,4200.0,4.116546178177873,0.0058350225304392225,agent_0,0.004964498036070306
1,1,5100.0,4200.0,4.116546178177873,0.0058350225304392225,agent_1,0.005133595680882671
1,1,5100.0,4200.0,4.116546178177873,0.0058350225304392225,agent_2,0.006226382840638576
1,1,5400.0,4500.0,4.39986497860298,0.0061523439629174925,agent_0,0.005225499476395268
1,1,5400.0,4500.0,4.39986497860298,0.0061523439629174925,agent_1,0.005388820350707264
1,1,5400.0,4500.0,4.39986497860298,0.0061523439629174925,agent_2,0.006580440152369808
1,5,900.0,0.0,0.0,0.0,agent_0,0.0
1,5,900.0,0.0,0.0,0.0,agent_1,0.0
1,5,900.0,0.0,0.0,0.0,agent_2,8.537736462515939e-07
1,5,1200.0,300.0,1.4998203039488134,0.0023323063059807404,agent_0,0.002057667995820546
1,5,1200.0,300.0,1.4998203039488134,0.0023323063059807404,agent_1,0.0021737070328083814
1,5,1200.0,300.0,1.4998203039488134,0.0023323063059807404,agent_2,0.0024180144863954296
1,5,1500.0,600.0,2.9985679818629567,0.004652209779381694,agent_0,0.004088189798110819
1,5,1500.0,600.0,2.9985679818629567,0.004652209779381694,agent_1,0.004314889401476472
1,5,1500.0,600.0,2.9985679818629567,0.004652209779381694,agent_2,0.004836220847980368
1,5,1800.0,900.0,4.495192428073275,0.0069529017819573696,agent_0,0.006087211094654516
1,5,1800.0,900.0,4.495192428073275,0.0069529017819573696,agent_1,0.00641835870566399
1,5,1800.0,900.0,4.495192428073275,0.0069529017819573696,agent_2,0.007246309157231162
1,5,2100.0,1200.0,5.988680411446272,0.009227689140000758,agent_0,0.008050454687590766
1,5,2100.0,1200.0,5.988680411446272,0.009227689140000758,agent_1,0.008479007312668612
1,5,2100.0,1200.0,5.988680411446272,0.009227689140000758,agent_2,0.009640228232255148
1,5,2400.0,1500.0,7.478070514687133,0.011469999342331255,agent_0,0.009973713586694398
1,5,2400.0,1500.0,7.478070514687133,0.011469999342331255,agent_1,0.010491804846075847
1,5,2400.0,1500.0,7.478070514687133,0.011469999342331255,agent_2,0.012010200870111919
1,5,2700.0,1800.0,8.962467212447452,0.013673384624931414,agent_0,0.011852845183330947
1,5,2700.0,1800.0,8.962467212447452,0.013673384624931414,agent_1,0.012451799123204377
1,5,2700.0,1800.0,8.962467212447452,0.013673384624931414,agent_2,0.014348738737724654
1,5,3000.0,2100.0,10.441054698632833,0.01583152997565414,agent_0,0.013683768314319607
1,5,3000.0,2100.0,10.441054698632833,0.01583152997565414,agent_1,0.014354116939957506
1,5,3000.0,2100.0,10.441054698632833,0.01583152997565414,agent_2,0.016648655228432407
1,5,3300.0,2400.0,11.913110392916122,0.017938253706555347,agent_0,0.015462456395183285
1,5,3300.0,2400.0,11.913110392916122,0.017938253706555347,agent_1,0.01619396302668575
1,5,3300.0,2400.0,11.913110392916122,0.017938253706555347,agent_2,0.018903069720839268
1,5,3600.0,2700.0,13.378018159419955,0.01998751122076794,agent_0,0.017184933213157297
1,5,3600.0,2700.0,13.378018159419955,0.01998751122076794,agent_1,0.017966620763745958
1,5,3600.0,2700.0,13.378018159419955,0.01998751122076794,agent_2,0.02110541251309567
1,5,3900.0,3000.0,14.835281262464871,0.021973403285256213,agent_0,0.018847273256013077
1,5,3900.0,3000.0,14.835281262464871,0.021973403285256213,agent_1,0.019667458243633033
1,5,3900.0,3000.0,14.835281262464871,0.021973403285256213,agent_2,0.02324943200017793
1,5,4200.0,3300.0,16.284534964688202,0.02389016836003228,agent_0,0.02044559124740635
1,5,4200.0,3300.0,16.284534964688202,0.02389016836003228,agent_1,0.021291921837121034
1,5,4200.0,3300.0,16.284534964688202,0.02389016836003228,agent_2,0.025329182465469825
1,5,4500.0,3600.0,17.72555883879592,0.025732199612016,agent_0,0.02197605043501852
1,5,4500.0,3600.0,17.72555883879592,0.025732199612016,agent_1,0.022835550712290223
1,5,4500.0,3600.0,17.72555883879592,0.025732199612016,agent_2,0.027339037067868978
1,5,4800.0,3900.0,19.15828865451656,0.027494029566947815,agent_0,0.023434848437429552
1,5,4800.0,3900.0,19.15828865451656,0.027494029566947815,agent_1,0.02429396634693173
1,5,4800.0,3900.0,19.15828865451656,0.027494029566947815,agent_2,0.02927366377506553
1,5,5100.0,4200.0,20.58282788669979,0.029170348858395787,agent_0,0.024818228569941876
1,5,5100.0,4200.0,20.58282788669979,0.029170348858395787,agent_1,0.025662889439681424
1,5,5100.0,4200.0,20.58282788669979,0.029170348858395787,agent_2,0.031128036794132966
1,5,5400.0,4500.0,21.999458681071314,0.03075599320351676,agent_0,0.026122469336042904
1,5,5400.0,4500.0,21.999458681071314,0.03075599320351676,agent_1,0.026938133256891404
1,5,5400.0,4500.0,21.999458681071314,0.03075599320351676,agent_2,0.03289741261065206
1,10,900.0,0.0,0.0,0.0,agent_0,0.0
1,10,900.0,0.0,0.0,0.0,agent_1,0.0
1,10,900.0,0.0,0.0,0.0,agent_2,8.537736462515939e-07
1,10,1200.0,300.0,2.9996406084334946,0.004664607534216581,agent_0,0.004115315357174699
1,10,1200.0,300.0,2.9996406084334946,0.004664607534216581,agent_1,0.004347386568487673
1,10,1200.0,300.0,2.9996406084334946,0.004664607534216581,agent_2,0.004836046156934222
1,10,1500.0,600.0,5.997135980803214,0.00930437871084254,agent_0,0.008176284031384734
1,10,1500.0,600.0,5.997135980803214,0.00930437871084254,agent_1,0.008629651854599149
1,10,1500.0,600.0,5.997135980803214,0.00930437871084254,agent_2,0.009672487750324553
1,10,1800.0,900.0,8.990384984969365,0.01390566593632368,agent_0,0.012174177679255377
1,10,1800.0,900.0,8.990384984969365,0.01390566593632368,agent_1,0.012836397729491373
1,10,1800.0,900.0,8.990384984969365,0.01390566593632368,agent_2,0.014492669444695625
1,10,2100.0,1200.0,11.977361361345633,0.018455054758995837,agent_0,0.016100424063079488
1,10,2100.0,1200.0,11.977361361345633,0.018455054758995837,agent_1,0.01695738844251223
1,10,2100.0,1200.0,11.977361361345633,0.018455054758995837,agent_2,0.019280455114987972
1,10,2400.0,1500.0,14.956142657253725,0.022939372480443605,agent_0,0.019946592417382444
1,10,2400.0,1500.0,14.956142657253725,0.022939372480443605,agent_1,0.020982545605400714
1,10,2400.0,1500.0,14.956142657253725,0.022939372480443605,agent_2,0.02402025796973876
1,10,2700.0,1800.0,17.92493843275045,0.02734569855700103,agent_0,0.023704382958102014
1,10,2700.0,1800.0,17.92493843275045,0.02734569855700103,agent_1,0.024901948210666904
1,10,2700.0,1800.0,17.92493843275045,0.02734569855700103,agent_2,0.02869707015966357
1,10,3000.0,2100.0,20.882117957416238,0.0316613798619402,agent_0,0.027365620514417256
1,10,3000.0,2100.0,20.882117957416238,0.0316613798619402,agent_1,0.028705836591096316
1,10,3000.0,2100.0,20.882117957416238,0.0316613798619402,agent_2,0.03329648976682769
1,10,3300.0,2400.0,23.826237256729108,0.035874032487748723,agent_0,0.030922240659287666
1,10,3300.0,2400.0,23.826237256729108,0.035874032487748723,agent_1,0.03238460892654007
1,10,3300.0,2400.0,23.826237256729108,0.035874032487748723,agent_2,0.037804729815237824
1,10,3600.0,2700.0,26.756065572926882,0.039971549230251896,agent_0,0.03436628180376488
1,10,3600.0,2700.0,26.756065572926882,0.039971549230251896,agent_1,0.035928823694035904
1,10,3600.0,2700.0,26.756065572926882,0.039971549230251896,agent_2,0.04220862743814354
1,10,3900.0,3000.0,29.670611287846825,0.043942117042419515,agent_0,0.03768988612163444
1,10,3900.0,3000.0,29.670611287846825,0.043942117042419515,agent_1,0.03932921140309529
1,10,3900.0,3000.0,29.670611287846825,0.043942117042419515,agent_2,0.04649565954017387
1,10,4200.0,3300.0,32.56914711925379,0.047774201249119935,agent_0,0.04088527825816983
1,10,4200.0,3300.0,32.56914711925379,0.047774201249119935,agent_1,0.04257666231375002
1,10,4200.0,3300.0,32.56914711925379,0.047774201249119935,agent_2,0.05065391795667819
1,10,4500.0,3600.0,35.4512347297621,0.05145658007880822,agent_0,0.04394478233628665
1,10,4500.0,3600.0,35.4512347297621,0.05145658007880822,agent_1,0.045662255082103066
1,10,4500.0,3600.0,35.4512347297621,0.05145658007880822,agent_2,0.05467213597076272
1,10,4800.0,3900.0,38.31674847192125,0.054978314228773896,agent_0,0.0468607937005707
1,10,4800.0,3900.0,38.31674847192125,0.054978314228773896,agent_1,0.04857723642144316
1,10,4800.0,3900.0,38.31674847192125,0.054978314228773896,agent_2,0.05853963991680635
1,10,5100.0,4200.0,41.16589835993566,0.058328784095653,agent_0,0.04962580153963869
1,10,5100.0,4200.0,41.16589835993566,0.058328784095653,agent_1,0.051313054484609044
1,10,5100.0,4200.0,41.16589835993566,0.058328784095653,agent_2,0.0622463726239863
1,10,5400.0,4500.0,43.999251940531586,0.06149766445524644,agent_0,0.052232367994342256
1,10,5400.0,4500.0,43.999251940531586,0.06149766445524644,agent_1,0.05386134588742549
1,10,5400.0,4500.0,43.999251940531586,0.06149766445524644,agent_2,0.0657828450886697
1,25,900.0,0.0,0.0,0.0,agent_0,0.0
1,25,900.0,0.0,0.0,0.0,agent_1,0.0
1,25,900.0,0.0,0.0,0.0,agent_2,8.537736462515939e-07
1,25,1200.0,300.0,7.499101525118518,0.011661480074451207,agent_0,0.010288134206332516
1,25,1200.0,300.0,7.499101525118518,0.011661480074451207,agent_1,0.010868257213366737
1,25,1200.0,300.0,7.499101525118518,0.011661480074451207,agent_2,0.012090245730239226
1,25,1500.0,600.0,14.992840080391515,0.023260638423407608,agent_0,0.02043999293167542
1,25,1500.0,600.0,14.992840080391515,0.023260638423407608,agent_1,0.021573175732398787
1,25,1500.0,600.0,14.992840080391515,0.023260638423407608,agent_2,0.02418156363049764
1,25,1800.0,900.0,22.475963430502574,0.03476313062572952,agent_0,0.030433608746252193
1,25,1800.0,900.0,22.475963430502574,0.03476313062572952,agent_1,0.03208859453150238
1,25,1800.0,900.0,22.475963430502574,0.03476313062572952,agent_2,0.0362320547098897
1,25,2100.0,1200.0,29.943407449493677,0.04613520526764847,agent_0,0.04024741601200546
1,25,2100.0,1200.0,29.943407449493677,0.04613520526764847,agent_1,0.04238877261650809
1,25,2100.0,1200.0,29.943407449493677,0.04613520526764847,agent_2,0.048201122760495534
1,25,2400.0,1500.0,37.3903688748779,0.057343726123101284,agent_0,0.049860214595526586
1,25,2400.0,1500.0,37.3903688748779,0.057343726123101284,agent_1,0.05244837769881032
1,25,2400.0,1500.0,37.3903688748779,0.057343726123101284,agent_2,0.06004955574635488
1,25,2700.0,1800.0,44.81237619457744,0.06835620240166229,agent_0,0.05925114400068465
1,25,2700.0,1800.0,44.81237619457744,0.06835620240166229,agent_1,0.062242486970376945
1,25,2700.0,1800.0,44.81237619457744,0.06835620240166229,agent_2,0.0717396020209509
1,25,3000.0,2100.0,52.2053592047289,0.07914082794262584,agent_0,0.06839966871644643
1,25,3000.0,2100.0,52.2053592047289,0.07914082794262584,agent_1,0.07174659945819271
1,25,3000.0,2100.0,52.2053592047289,0.07914082794262584,agent_2,0.08323504187375609
1,25,3300.0,2400.0,59.565716874854175,0.08966648888938768,agent_0,0.07728554472137206
1,25,3300.0,2400.0,59.565716874854175,0.08966648888938768,agent_1,0.08093662794351385
1,25,3300.0,2400.0,59.565716874854175,0.08966648888938768,agent_2,0.09450121229972132
1,25,3600.0,2700.0,66.89038367331194,0.09990278421536002,agent_0,0.08588880014397139
1,25,3600.0,2700.0,66.89038367331194,0.09990278421536002,agent_1,0.08978890592212553
1,25,3600.0,2700.0,66.89038367331194,0.09990278421536002,agent_2,0.10550503245318062
1,25,3900.0,3000.0,74.1768944608033,0.10982007102748116,agent_0,0.0941897387491385
1,25,3900.0,3000.0,74.1768944608033,0.10982007102748116,agent_1,0.09828021861516198
1,25,3900.0,3000.0,74.1768944608033,0.10982007102748116,agent_2,0.11621504478324636
1,25,4200.0,3300.0,81.42344747516485,0.11938942678611836,agent_0,0.10216888714622266
1,25,4200.0,3300.0,81.42344747516485,0.11938942678611836,agent_1,0.10638777263726142
1,25,4200.0,3300.0,81.42344747516485,0.11938942678611836,agent_2,0.12660135442595663
1,25,4500.0,3600.0,88.62896574327534,0.12858273730611092,agent_0,0.10980703845053433
1,25,4500.0,3600.0,88.62896574327534,0.12858273730611092,agent_1,0.11408926877630979
1,25,4500.0,3600.0,88.62896574327534,0.12858273730611092,agent_2,0.13663569689276645
1,25,4800.0,3900.0,95.79315622363785,0.13737262191870642,agent_0,0.1170851821971453
1,25,4800.0,3900.0,95.79315622363785,0.13737262191870642,agent_1,0.12136285154452371
1,25,4800.0,3900.0,95.79315622363785,0.13737262191870642,agent_2,0.14629131807394188
1,25,5100.0,4200.0,102.91656689823449,0.14573252759735195,agent_0,0.12398456134460048
1,25,5100.0,4200.0,102.91656689823449,0.14573252759735195,agent_1,0.12818719363776812
1,25,5100.0,4200.0,102.91656689823449,0.14573252759735195,agent_2,0.15554303316580553
1,25,5400.0,4500.0,110.00064098948185,0.15363666681242533,agent_0,0.13048662102998004
1,25,5400.0,4500.0,110.00064098948185,0.15363666681242533,agent_1,0.13454146352317145
1,25,5400.0,4500.0,110.00064098948185,0.15363666681242533,agent_2,0.1643671066406797
1,50,900.0,0.0,0.0,0.0,agent_0,0.0
1,50,900.0,0.0,0.0,0.0,agent_1,0.0
1,50,900.0,0.0,0.0,0.0,agent_2,8.537736462515939e-07
1,50,1200.0,300.0,14.998203063738979,0.023322830363188798,agent_0,0.020575755347409692
1,50,1200.0,300.0,14.998203063738979,0.023322830363188798,agent_1,0.021735816318948692
1,50,1200.0,300.0,14.998203063738979,0.023322830363188798,agent_2,0.02418092444831748
1,50,1500.0,600.0,29.985680590389773,0.04652024449561271,agent_0,0.04087759301136961
1,50,1500.0,600.0,29.985680590389773,0.04652024449561271,agent_1,0.04314316843955199
1,50,1500.0,600.0,29.985680590389773,0.04652024449561271,agent_2,0.04836427039832006
1,50,1800.0,900.0,44.95193010045473,0.06952280071955617,agent_0,0.060861090970723085
1,50,1800.0,900.0,44.95193010045473,0.06952280071955617,agent_1,0.064169180629548
1,50,1800.0,900.0,44.95193010045473,0.06952280071955617,agent_2,0.07246536438827983
1,50,2100.0,1200.0,59.88682843733431,0.09226227437164503,agent_0,0.08048266678079953
1,50,2100.0,1200.0,59.88682843733431,0.09226227437164503,agent_1,0.084761863903694
1,50,2100.0,1200.0,59.88682843733431,0.09226227437164503,agent_2,0.09640215930200645
1,50,2400.0,1500.0,74.78077867286713,0.1146717110134292,agent_0,0.09969950782715771
1,50,2400.0,1500.0,74.78077867286713,0.1146717110134292,agent_1,0.10487009825626199
1,50,2400.0,1500.0,74.78077867286713,0.1146717110134292,agent_2,0.12009541054057987
1,50,2700.0,1800.0,89.62485312276443,0.1366854957674094,agent_0,0.11846952337335379
1,50,2700.0,1800.0,89.62485312276443,0.1366854957674094,agent_1,0.1244436388696602
1,50,2700.0,1800.0,89.62485312276443,0.1366854957674094,agent_2,0.14346884021698283
1,50,3000.0,2100.0,104.41093351212768,0.15823943956929754,agent_0,0.13675131821339398
1,50,3000.0,2100.0,104.41093351212768,0.15823943956929754,agent_1,0.14343314541268853
1,50,3000.0,2100.0,104.41093351212768,0.15823943956929754,agent_2,0.16644929105956027
1,50,3300.0,2400.0,119.13184753000161,0.1792708022473196,agent_0,0.15450412870758873
1,50,3300.0,2400.0,119.13184753000161,0.1792708022473196,agent_1,0.16179016966074383
1,50,3300.0,2400.0,119.13184753000161,0.1792708022473196,agent_2,0.18896678520045512
1,50,3600.0,2700.0,133.78150204647977,0.19971834024115692,agent_0,0.17168778710546434
1,50,3600.0,2700.0,133.78150204647977,0.19971834024115692,agent_1,0.17946717322161546
1,50,3600.0,2700.0,133.78150204647977,0.19971834024115692,agent_2,0.2109545831236988
1,50,3900.0,3000.0,148.35501317578868,0.21952240361033362,agent_0,0.1882627311587604
1,50,3900.0,3000.0,148.35501317578868,0.21952240361033362,agent_1,0.1964175929567009
1,50,3900.0,3000.0,148.35501317578868,0.21952240361033362,agent_2,0.23234927265658584
1,50,4200.0,3300.0,162.84883220462046,0.23862486595306223,agent_0,0.20418990112295457
1,50,4200.0,3300.0,162.84883220462046,0.23862486595306223,agent_1,0.21259578327814418
1,50,4200.0,3300.0,162.84883220462046,0.23862486595306223,agent_2,0.25309065312556095
1,50,4500.0,3600.0,177.26086802813592,0.25696930535107576,agent_0,0.2194308296045156
1,50,4500.0,3600.0,177.26086802813592,0.25696930535107576,agent_1,0.22795716434158503
1,50,4500.0,3600.0,177.26086802813592,0.25696930535107576,agent_2,0.2731218748780012
1,50,4800.0,3900.0,191.5906046772178,0.2745008591291767,agent_0,0.23394750368192307
1,50,4800.0,3900.0,191.5906046772178,0.2745008591291767,agent_1,0.24245812348665655
1,50,4800.0,3900.0,191.5906046772178,0.2745008591291767,agent_2,0.2923892024953651
1,50,5100.0,4200.0,205.83921435184416,0.29116641547947725,agent_0,0.24770248095585454
1,50,5100.0,4200.0,205.83921435184416,0.29116641547947725,agent_1,0.256056185790659
1,50,5100.0,4200.0,205.83921435184416,0.29116641547947725,agent_2,0.31084213453788395
1,50,5400.0,4500.0,220.0096642946486,0.30691449248119884,agent_0,0.2606587892290053
1,50,5400.0,4500.0,220.0096642946486,0.30691449248119884,agent_1,0.2687099508978368
1,50,5400.0,4500.0,220.0096642946486,0.30691449248119884,agent_2,0.328433164622566
1,100,900.0,0.0,0.0,0.0,agent_0,0.0
1,100,900.0,0.0,0.0,0.0,agent_1,0.0
1,100,900.0,0.0,0.0,0.0,agent_2,8.537736462515939e-07
1,100,1200.0,300.0,29.996406181890535,0.046645137796003995,agent_0,0.04114945619972976
1,100,1200.0,300.0,29.996406181890535,0.046645137796003995,agent_1,0.043468837100820466
1,100,1200.0,300.0,29.996406181890535,0.046645137796003995,agent_2,0.048363576351231924
1,100,1500.0,600.0,59.97136291186579,0.09303632904240111,agent_0,0.08174559539507475
1,100,1500.0,600.0,59.97136291186579,0.09303632904240111,agent_1,0.08627358298491027
1,100,1500.0,600.0,59.97136291186579,0.09303632904240111,agent_2,0.09673307904354018
1,100,1800.0,900.0,89.90387325267041,0.13903165886606808,agent_0,0.12169761458054669
1,100,1800.0,900.0,89.90387325267041,0.13903165886606808,agent_1,0.128306259059492
1,100,1800.0,900.0,89.90387325267041,0.13903165886606808,agent_2,0.144935632751983
1,100,2100.0,1200.0,119.77371141215632,0.18449177317363308,agent_0,0.1609165357002925
1,100,2100.0,1200.0,119.77371141215632,0.18449177317363308,agent_1,0.16946085180164594
1,100,2100.0,1200.0,119.77371141215632,0.18449177317363308,agent_2,0.1928037003384093
1,100,2400.0,1500.0,149.5617221663429,0.22928002308216436,agent_0,0.19931508082471414
1,100,2400.0,1500.0,149.5617221663429,0.22928002308216436,agent_1,0.20963329770729064
1,100,2400.0,1500.0,149.5617221663429,0.22928002308216436,agent_2,0.24017548973285616
1,100,2700.0,1800.0,179.25011185855064,0.2732626394815475,agent_0,0.23680759002106205
1,100,2700.0,1800.0,179.25011185855064,0.2732626394815475,agent_1,0.24872151468772788
1,100,2700.0,1800.0,179.25011185855064,0.2732626394815475,agent_2,0.28689533170790327
1,100,3000.0,2100.0,208.82273290756814,0.3163089388238348,agent_0,0.27330998168935405
1,100,3000.0,2100.0,208.82273290756814,0.3163089388238348,agent_1,0.28662547841302005
1,100,3000.0,2100.0,208.82273290756814,0.3163089388238348,agent_2,0.33281403209203997
1,100,3300.0,2400.0,238.26536016276927,0.3582913999835337,agent_0,0.3087396369102391
1,100,3300.0,2400.0,238.26536016276927,0.3582913999835337,agent_1,0.3232472137274663
1,100,3300.0,2400.0,238.26536016276927,0.3582913999835337,agent_2,0.37778902776406426
1,100,3600.0,2700.0,267.5659595253534,0.39908578778179915,agent_0,0.34301533959742286
1,100,3600.0,2700.0,267.5659595253534,0.39908578778179915,agent_1,0.35849084488520333
1,100,3600.0,2700.0,267.5659595253534,0.39908578778179915,agent_2,0.4216845375235673
1,100,3900.0,3000.0,296.7149490632028,0.43857137189340034,agent_0,0.3760573064149614
1,100,3900.0,3000.0,296.7149490632028,0.43857137189340034,agent_1,0.392262739199173
1,100,3900.0,3000.0,296.7149490632028,0.43857137189340034,agent_2,0.4643717672961494
1,100,4200.0,3300.0,325.70545057200707,0.4766308093266078,agent_0,0.40778699123527895
1,100,4200.0,3300.0,325.70545057200707,0.4766308093266078,agent_1,0.4244714036226754
1,100,4200.0,3300.0,325.70545057200707,0.4766308093266078,agent_2,0.5057287004533878
1,100,4500.0,3600.0,354.5335327317051,0.5131505250930769,agent_0,0.43812727365575765
1,100,4500.0,3600.0,354.5335327317051,0.5131505250930769,agent_1,0.4550277901277914
1,100,4500.0,3600.0,354.5335327317051,0.5131505250930769,agent_2,0.5456403932160986
1,100,4800.0,3900.0,383.19844295121425,0.5480204389885416,agent_0,0.4670021926526484
1,100,4800.0,3900.0,383.19844295121425,0.5480204389885416,agent_1,0.48384510758595906
1,100,4800.0,3900.0,383.19844295121425,0.5480204389885416,agent_2,0.5839985132602159
1,100,5100.0,4200.0,411.7028286456823,0.5811343614357373,agent_0,0.49433718575443547
1,100,5100.0,4200.0,411.7028286456823,0.5811343614357373,agent_1,0.510839168016143
1,100,5100.0,4200.0,411.7028286456823,0.5811343614357373,agent_2,0.6207015859776623
1,100,5400.0,4500.0,440.0529445564715,0.612389763167391,agent_0,0.5200588962842807
1,100,5400.0,4500.0,440.0529445564715,0.612389763167391,agent_1,0.5359282655127094
1,100,5400.0,4500.0,440.0529445564715,0.612389763167391,agent_2,0.6556545203840585
2,1,900.0,0.0,0.0,8.537736462515939e-07,agent_0,8.537736462515939e-07
2,1,900.0,0.0,0.0,8.537736462515939e-07,agent_1,8.537736462515939e-07
2,1,900.0,0.0,0.0,8.537736462515939e-07,agent_2,0.0
2,1,1200.0,300.0,0.2999810771356155,0.0003767512626996701,agent_0,0.00036369955656148276
2,1,1200.0,300.0,0.2999810771356155,0.0003767512626996701,agent_1,0.00037225510061977113
2,1,1200.0,300.0,0.2999810771356155,0.0003767512626996701,agent_2,0.0003544754669945964
2,1,1500.0,600.0,0.5998489777504912,0.0007522806908894754,agent_0,0.0007286946817190839
2,1,1500.0,600.0,0.5998489777504912,0.0007522806908894754,agent_1,0.0007467459829217884
2,1,1500.0,600.0,0.5998489777504912,0.0007522806908894754,agent_2,0.0007050568018439065
2,1,1800.0,900.0,0.8994918085724731,0.0011261555961255116,agent_0,0.0010947149482200898
2,1,1800.0,900.0,0.8994918085724731,0.0011261555961255116,agent_1,0.0011231342829440558
2,1,1800.0,900.0,0.8994918085724731,0.0011261555961255116,agent_2,0.0010513861075610708
2,1,2100.0,1200.0,1.198799636141198,0.0014979501811315716,agent_0,0.00146147869512835
2,1,2100.0,1200.0,1.198799636141198,0.0014979501811315716,agent_1,0.0015010783014331875
2,1,2100.0,1200.0,1.198799636141198,0.0014979501811315716,agent_2,0.0013931179229486313
2,1,2400.0,1500.0,1.4976651052925782,0.0018672410266580405,agent_0,0.001828698847226077
2,1,2400.0,1500.0,1.4976651052925782,0.0018672410266580405,agent_1,0.0018802241634738215
2,1,2400.0,1500.0,1.4976651052925782,0.0018672410266580405,agent_2,0.0017299251287654336
2,1,2700.0,1800.0,1.7959840418452193,0.0022336099073180507,agent_0,0.00219608224226897
2,1,2700.0,1800.0,1.7959840418452193,0.0022336099073180507,agent_1,0.0022602105686563836
2,1,2700.0,1800.0,1.7959840418452193,0.0022336099073180507,agent_2,0.0020614947684014723
2,1,3000.0,2100.0,2.0936560614993738,0.0025966413474246726,agent_0,0.002563325668718932
2,1,3000.0,2100.0,2.0936560614993738,0.0025966413474246726,agent_1,0.002640665162461455
2,1,3000.0,2100.0,2.0936560614993738,0.0025966413474246726,agent_2,0.002387524077555155
2,1,3300.0,2400.0,2.3905851715250668,0.002955922191653605,agent_0,0.00293011744592304
2,1,3300.0,2400.0,2.3905851715250668,0.002955922191653605,agent_1,0.003021205531893446
2,1,3300.0,2400.0,2.3905851715250668,0.002955922191653605,agent_2,0.002707723703086338
2,1,3600.0,2700.0,2.686680373933926,0.0033110421864790754,agent_0,0.003296136550863844
2,1,3600.0,2700.0,2.686680373933926,0.0033110421864790754,agent_1,0.003401438171724894
2,1,3600.0,2700.0,2.686680373933926,0.0033110421864790754,agent_2,0.0030218135943911946
2,1,3900.0,3000.0,2.9818562783830966,0.003661592505707603,agent_0,0.0036610500872479314
2,1,3900.0,3000.0,2.9818562783830966,0.003661592505707603,agent_1,0.003780957101167068
2,1,3900.0,3000.0,2.9818562783830966,0.003661592505707603,agent_2,0.003329523474270116
2,1,4200.0,3300.0,3.2760337139064264,0.004007165940428394,agent_0,0.004024514008869308
2,1,4200.0,3300.0,3.2760337139064264,0.004007165940428394,agent_1,0.004159343190732931
2,1,4200.0,3300.0,3.2760337139064264,0.004007165940428394,agent_2,0.0036305904911861455
2,1,4500.0,3600.0,3.5691403486250795,0.00434735563312961,agent_0,0.004386170934686666
2,1,4500.0,3600.0,3.5691403486250795,0.00434735563312961,agent_1,0.0045361654289695795
2,1,4500.0,3600.0,3.5691403486250795,0.00434735563312961,agent_2,0.00392475947182553
2,1,4800.0,3900.0,3.8611113243490323,0.0046817557399821,agent_0,0.004745650644883256
2,1,4800.0,3900.0,3.8611113243490323,0.0046817557399821,agent_1,0.00491097748362623
2,1,4800.0,3900.0,3.8611113243490323,0.0046817557399821,agent_2,0.004211781182768184
2,1,5100.0,4200.0,4.151889898663951,0.005009959398653112,agent_0,0.00510256718079555
2,1,5100.0,4200.0,4.151889898663951,0.005009959398653112,agent_1,0.005283319924545162
2,1,5100.0,4200.0,4.151889898663951,0.005009959398653112,agent_2,0.004491411602257545
2,1,5400.0,4500.0,4.4414280953131655,0.005331559874359322,agent_0,0.0054565200762537415
2,1,5400.0,4500.0,4.4414280953131655,0.005331559874359322,agent_1,0.0056527170018576016
2,1,5400.0,4500.0,4.4414280953131655,0.005331559874359322,agent_2,0.0047634106826545805
2,5,900.0,0.0,0.0,8.537736462515939e-07,agent_0,8.537736462515939e-07
2,5,900.0,0.0,0.0,8.537736462515939e-07,agent_1,8.537736462515939e-07
2,5,900.0,0.0,0.0,8.537736462515939e-07,agent_2,0.0
2,5,1200.0,300.0,1.4999053857205145,0.001883757280967735,agent_0,0.0018184925719332927
2,5,1200.0,300.0,1.4999053857205145,0.001883757280967735,agent_1,0.001861281181789068
2,5,1200.0,300.0,1.4999053857205145,0.001883757280967735,agent_2,0.0017723744561334257
2,5,1500.0,600.0,2.999244890637692,0.0037613967692700753,agent_0,0.0036434760100214464
2,5,1500.0,600.0,2.999244890637692,0.0037613967692700753,agent_1,0.0037337405551659125
2,5,1500.0,600.0,2.999244890637692,0.0037613967692700753,agent_2,0.0035252664341036666
2,5,1800.0,900.0,4.497459057367035,0.0056307553282231495,agent_0,0.005473573078442534
2,5,1800.0,900.0,4.497459057367035,0.0056307553282231495,agent_1,0.005615693872704266
2,5,1800.0,900.0,4.497459057367035,0.0056307553282231495,agent_2,0.005256875283013469
2,5,2100.0,1200.0,5.99399824161203,0.007489694706193564,agent_0,0.007307379116048255
2,5,2100.0,1200.0,5.99399824161203,0.007489694706193564,agent_1,0.007505416860796947
2,5,2100.0,1200.0,5.99399824161203,0.007489694706193564,agent_2,0.006965483191847061
2,5,2400.0,1500.0,7.488325711362648,0.009336096266203074,agent_0,0.009143454305085112
2,5,2400.0,1500.0,7.488325711362648,0.009336096266203074,agent_1,0.009401140638032724
2,5,2400.0,1500.0,7.488325711362648,0.009336096266203074,agent_2,0.00864944572709964
2,5,2700.0,1800.0,8.979920666810102,0.011167863045321766,agent_0,0.010980325259172724
2,5,2700.0,1800.0,8.979920666810102,0.011167863045321766,agent_1,0.011301052377110429
2,5,2700.0,1800.0,8.979920666810102,0.011167863045321766,agent_2,0.010307190411568412
2,5,3000.0,2100.0,10.468281290746761,0.012982910516477974,agent_0,0.012816473159902043
2,5,3000.0,2100.0,10.468281290746761,0.012982910516477974,agent_1,0.013203285400418046
2,5,3000.0,2100.0,10.468281290746761,0.012982910516477974,agent_2,0.01193720429741158
2,5,3300.0,2400.0,11.9529277628191,0.014779171821722975,agent_0,0.014650336976878755
2,5,3300.0,2400.0,11.9529277628191,0.014779171821722975,agent_1,0.015105923013595372
2,5,3300.0,2400.0,11.9529277628191,0.014779171821722975,agent_2,0.013538035518498035
2,5,3600.0,2700.0,13.433405280641795,0.016554589929892574,agent_0,0.01648030395823875
2,5,3600.0,2700.0,13.433405280641795,0.016554589929892574,agent_1,0.01700699016079555
2,5,3600.0,2700.0,13.433405280641795,0.016554589929892574,agent_2,0.015108282259484986
2,5,3900.0,3000.0,14.909287129277747,0.018307116895681444,agent_0,0.01830470684963237
2,5,3900.0,3000.0,14.909287129277747,0.018307116895681444,agent_1,0.018904451789188863
2,5,3900.0,3000.0,14.909287129277747,0.018307116895681444,agent_2,0.016646589392528586
2,5,4200.0,3300.0,16.38017773347454,0.020034711844492174,agent_0,0.02012181910577147
2,5,4200.0,3300.0,16.38017773347454,0.020034711844492174,agent_1,0.020796209634004626
2,5,4200.0,3300.0,16.38017773347454,0.020034711844492174,agent_2,0.018151642669852502
2,5,4500.0,3600.0,17.845715790081638,0.021735338293436563,agent_0,0.02192985091970892
2,5,4500.0,3600.0,17.845715790081638,0.021735338293436563,agent_1,0.022680099641943792
2,5,4500.0,3600.0,17.845715790081638,0.021735338293436563,agent_2,0.019622163979729247
2,5,4800.0,3900.0,19.305577406923405,0.02340696231459081,agent_0,0.023726944468519202
2,5,4800.0,3900.0,19.305577406923405,0.02340696231459081,agent_1,0.024553888713181576
2,5,4800.0,3900.0,19.305577406923405,0.02340696231459081,agent_2,0.02105690591077091
2,5,5100.0,4200.0,20.75947933597005,0.025047547947198143,agent_0,0.025511167028814744
2,5,5100.0,4200.0,20.75947933597005,0.025047547947198143,agent_1,0.02641526974646634
2,5,5100.0,4200.0,20.75947933597005,0.025047547947198143,agent_2,0.022454645177535155
2,5,5400.0,4500.0,22.2071822216647,0.026655059010342656,agent_0,0.027280510580055047
2,5,5400.0,4500.0,22.2071822216647,0.026655059010342656,agent_1,0.028261863180423726
2,5,5400.0,4500.0,22.2071822216647,0.026655059010342656,agent_2,0.023814181061179652
2,10,900.0,0.0,0.0,8.537736462515939e-07,agent_0,8.537736462515939e-07
2,10,900.0,0.0,0.0,8.537736462515939e-07,agent_1,8.537736462515939e-07
2,10,900.0,0.0,0.0,8.537736462515939e-07,agent_2,0.0
2,10,1200.0,300.0,2.999810771604854,0.003767512337452194,agent_0,0.0036369880504328296
2,10,1200.0,300.0,2.999810771604854,0.003767512337452194,agent_1,0.003722572154751115
2,10,1200.0,300.0,2.999810771604854,0.003767512337452194,agent_2,0.0035447385280369483
2,10,1500.0,600.0,5.998489786099337,0.0075227757136872055,agent_0,0.007286957275411955
2,10,1500.0,600.0,5.998489786099337,0.0075227757136872055,agent_1,0.007467513619630813
2,10,1500.0,600.0,5.998489786099337,0.0075227757136872055,agent_2,0.0070504821086225695
2,10,1800.0,900.0,8.994918151082047,0.011261451120583374,agent_0,0.01094714204102503
2,10,1800.0,900.0,8.994918151082047,0.011261451120583374,agent_1,0.011231442989597303
2,10,1800.0,900.0,8.994918151082047,0.011261451120583374,agent_2,0.01051361985256893
2,10,2100.0,1200.0,11.98799663565336,0.014979248931736173,agent_0,0.014614721153829063
2,10,2100.0,1200.0,11.98799663565336,0.014979248931736173,agent_1,0.015010899674150315
2,10,2100.0,1200.0,11.98799663565336,0.014979248931736173,agent_2,0.013930705622184498
2,10,2400.0,1500.0,14.976651885482358,0.01867191936376805,agent_0,0.01828680447215
2,10,2400.0,1500.0,14.976651885482358,0.01867191936376805,agent_1,0.018802333656871548
2,10,2400.0,1500.0,14.976651885482358,0.01867191936376805,agent_2,0.017298441386446695
2,10,2700.0,1800.0,17.9598424787442,0.022335256604811213,agent_0,0.021960433422798947
2,10,2700.0,1800.0,17.9598424787442,0.022335256604811213,agent_1,0.022602106573411534
2,10,2700.0,1800.0,17.9598424787442,0.022335256604811213,agent_2,0.020613673194537063
2,10,3000.0,2100.0,20.9365650419327,0.025965079818355826,agent_0,0.025632558778504105
2,10,3000.0,2100.0,20.9365650419327,0.025965079818355826,agent_1,0.026406471808225942
2,10,3000.0,2100.0,20.9365650419327,0.025965079818355826,agent_2,0.02387336726082351
2,10,3300.0,2400.0,23.90586029247938,0.029557244137206288,agent_0,0.029300046898665864
2,10,3300.0,2400.0,23.90586029247938,0.029557244137206288,agent_1,0.03021158291523161
2,10,3300.0,2400.0,23.90586029247938,0.029557244137206288,agent_2,0.027074612281608984
2,10,3600.0,2700.0,26.866819093834753,0.03310762476512838,agent_0,0.0329596604096175
2,10,3600.0,2700.0,26.866819093834753,0.03310762476512838,agent_1,0.03401347634129198
2,10,3600.0,2700.0,26.866819093834753,0.03310762476512838,agent_2,0.030214598314165543
2,10,3900.0,3000.0,29.818588606066694,0.03661211567867556,agent_0,0.03660805288673
2,10,3900.0,3000.0,29.818588606066694,0.03661211567867556,agent_1,0.03780806847989586
2,10,3900.0,3000.0,29.818588606066694,0.03661211567867556,agent_2,0.03329060904526538
2,10,4200.0,3300.0,32.76037839930044,0.040066625388868404,agent_0,0.040241759609681446
2,10,4200.0,3300.0,32.76037839930044,0.040066625388868404,agent_1,0.04159114948105748
2,10,4200.0,3300.0,32.76037839930044,0.040066625388868404,agent_2,0.036300011052436604
2,10,4500.0,3600.0,35.691466730261425,0.04346707227726249,agent_0,0.04385718903470656
2,10,4500.0,3600.0,35.691466730261425,0.04346707227726249,agent_1,0.045358377578921256
2,10,4500.0,3600.0,35.691466730261425,0.04346707227726249,agent_2,0.03924024340532952
2,10,4800.0,3900.0,38.6112068228359,0.0468093802733233,agent_0,0.0474506136675618
2,10,4800.0,3900.0,38.6112068228359,0.0468093802733233,agent_1,0.04910527319514987
2,10,4800.0,3900.0,38.6112068228359,0.0468093802733233,agent_2,0.04210880764640896
2,10,5100.0,4200.0,41.51903334133328,0.050089470016022736,agent_0,0.051018156541450754
2,10,5100.0,4200.0,41.51903334133328,0.050089470016022736,agent_1,0.052827208949814165
2,10,5100.0,4200.0,41.51903334133328,0.050089470016022736,agent_2,0.04490325421900129
2,10,5400.0,4500.0,44.41446888921381,0.053303262409585536,agent_0,0.05455579011916786
2,10,5400.0,4500.0,44.41446888921381,0.053303262409585536,agent_1,0.0565194126582819
2,10,5400.0,4500.0,44.41446888921381,0.053303262409585536,agent_2,0.04762117933031748
2,25,900.0,0.0,0.0,8.537736462515939e-07,agent_0,8.537736462515939e-07
2,25,900.0,0.0,0.0,8.537736462515939e-07,agent_1,8.537736462515939e-07
2,25,900.0,0.0,0.0,8.537736462515939e-07,agent_2,0.0
2,25,1200.0,300.0,7.499526930139663,0.009418764242467945,agent_0,0.009092493893996426
2,25,1200.0,300.0,7.499526930139663,0.009418764242467945,agent_1,0.00930650535253191
2,25,1200.0,300.0,7.499526930139663,0.009418764242467945,agent_2,0.008861765357568609
2,25,1500.0,600.0,14.996224501372978,0.01880680618033524,agent_0,0.018217433200753492
2,25,1500.0,600.0,14.996224501372978,0.01880680618033524,agent_1,0.018669026481202933
2,25,1500.0,600.0,14.996224501372978,0.01880680618033524,agent_2,0.017625824085599567
2,25,1800.0,900.0,22.487295650938904,0.02815318002850491,agent_0,0.027367821695017825
2,25,1800.0,900.0,22.487295650938904,0.02815318002850491,agent_1,0.028079019301282742
2,25,1800.0,900.0,22.487295650938904,0.02815318002850491,agent_2,0.026283068590161152
2,25,2100.0,1200.0,29.969992735007782,0.03744706559863231,agent_0,0.03653652240992021
2,25,2100.0,1200.0,29.969992735007782,0.03744706559863231,agent_1,0.03752774124335859
2,25,2100.0,1200.0,29.969992735007782,0.03744706559863231,agent_2,0.03482480732461654
2,25,2400.0,1500.0,37.44163319256047,0.04667774490247749,agent_0,0.04571622516964551
2,25,2400.0,1500.0,37.44163319256047,0.04667774490247749,agent_1,0.047006222495989174
2,25,2400.0,1500.0,37.44163319256047,0.04667774490247749,agent_2,0.043242724557890085
2,25,2700.0,1800.0,44.899614805260846,0.05583461225280372,agent_0,0.054899447021875
2,25,2700.0,1800.0,44.899614805260846,0.05583461225280372,agent_1,0.05650527139824069
2,25,2700.0,1800.0,44.899614805260846,0.05583461225280372,agent_2,0.05152886959908372
2,25,3000.0,2100.0,52.34143110029505,0.06490712800471951,agent_0,0.06407847776144304
2,25,3000.0,2100.0,52.34143110029505,0.06490712800471951,agent_1,0.06601542325967265
2,25,3000.0,2100.0,52.34143110029505,0.06490712800471951,agent_2,0.05967559827932639
2,25,3300.0,2400.0,59.764686562440644,0.07388484564427916,agent_0,0.07324539534298383
2,25,3300.0,2400.0,59.764686562440644,0.07388484564427916,agent_1,0.0755269628495176
2,25,3300.0,2400.0,59.764686562440644,0.07388484564427916,agent_2,0.06767557706751126
2,25,3600.0,2700.0,67.16711186820037,0.08275737279322624,agent_0,0.08239201795431121
2,25,3600.0,2700.0,67.16711186820037,0.08275737279322624,agent_1,0.08502988089613962
2,25,3600.0,2700.0,67.16711186820037,0.08275737279322624,agent_2,0.07552173182562559
2,25,3900.0,3000.0,74.54657934902765,0.09151436859146057,agent_0,0.09150989041766222
2,25,3900.0,3000.0,74.54657934902765,0.09151436859146057,agent_1,0.09451386729651179
2,25,3900.0,3000.0,74.54657934902765,0.09151436859146057,agent_2,0.08320722772971981
2,25,4200.0,3300.0,81.90111834609365,0.10014553269920133,agent_0,0.10059026224962897
2,25,4200.0,3300.0,81.90111834609365,0.10014553269920133,agent_1,0.10396829613829191
2,25,4200.0,3300.0,81.90111834609365,0.10014553269920133,agent_2,0.0907254425416085
2,25,4500.0,3600.0,89.22893097698716,0.10864059460959907,agent_0,0.10962406585861804
2,25,4500.0,3600.0,89.22893097698716,0.10864059460959907,agent_1,0.11338221167509491
2,25,4500.0,3600.0,89.22893097698716,0.10864059460959907,agent_2,0.09806994086429505
2,25,4800.0,3900.0,96.5284078719573,0.11698930280896477,agent_0,0.11860189436210783
2,25,4800.0,3900.0,96.5284078719573,0.11698930280896477,agent_1,0.1227443144544696
2,25,4800.0,3900.0,96.5284078719573,0.11698930280896477,agent_2,0.10523444856800712
2,25,5100.0,4200.0,103.79814440005234,0.12518140337171096,agent_0,0.12751396824273292
2,25,5100.0,4200.0,103.79814440005234,0.12518140337171096,agent_1,0.13204293644367812
2,25,5100.0,4200.0,103.79814440005234,0.12518140337171096,agent_2,0.11221281951401142
2,25,5400.0,4500.0,111.03695693251251,0.13320664897293083,agent_0,0.13635013279207342
2,25,5400.0,4500.0,111.03695693251251,0.13320664897293083,agent_1,0.14126604947543628
2,25,5400.0,4500.0,111.03695693251251,0.13320664897293083,agent_2,0.1189990271518156
2,50,900.0,0.0,0.0,8.537736462515939e-07,agent_0,8.537736462515939e-07
2,50,900.0,0.0,0.0,8.537736462515939e-07,agent_1,8.537736462515939e-07
2,50,900.0,0.0,0.0,8.537736462515939e-07,agent_2,0.0
2,50,1200.0,300.0,14.999053864063459,0.01883747243986582,agent_0,0.018185065908917983
2,50,1200.0,300.0,14.999053864063459,0.01883747243986582,agent_1,0.018613260953511235
2,50,1200.0,300.0,14.999053864063459,0.01883747243986582,agent_2,0.01772326004246399
2,50,1500.0,600.0,29.99244912379063,0.037613166033612644,agent_0,0.03643499715319179
2,50,1500.0,600.0,29.99244912379063,0.037613166033612644,agent_1,0.03733885860301362
2,50,1500.0,600.0,29.99244912379063,0.037613166033612644,agent_2,0.03525037590353224
2,50,1800.0,900.0,44.97459221703376,0.05630486002627557,agent_0,0.05473552496231579
2,50,1800.0,900.0,44.97459221703376,0.05630486002627557,agent_1,0.05615940460932444
2,50,1800.0,900.0,44.97459221703376,0.05630486002627557,agent_2,0.052562861448218944
2,50,2100.0,1200.0,59.93998930784915,0.07489059217367093,agent_0,0.07307209406094957
2,50,2100.0,1200.0,59.93998930784915,0.07489059217367093,agent_1,0.07505710551257065
2,50,2100.0,1200.0,59.93998930784915,0.07489059217367093,agent_2,0.06964307956310674
2,50,2400.0,1500.0,74.88327803599442,0.09334861261835734,agent_0,0.0914297991754379
2,50,2400.0,1500.0,74.88327803599442,0.09334861261835734,agent_1,0.09401370606002256
2,50,2400.0,1500.0,74.88327803599442,0.09334861261835734,agent_2,0.08647416202187874
2,50,2700.0,1800.0,89.79925843846028,0.11165740586289745,agent_0,0.1097933853745027
2,50,2700.0,1800.0,89.79925843846028,0.11165740586289745,agent_1,0.1130105006809987
2,50,2700.0,1800.0,89.79925843846028,0.11165740586289745,agent_2,0.10303998857169479
2,50,3000.0,2100.0,104.68292413340814,0.1297955994078933,agent_0,0.12814714041226188
2,50,3000.0,2100.0,104.68292413340814,0.1297955994078933,agent_1,0.13202823220272025
2,50,3000.0,2100.0,104.68292413340814,0.1297955994078933,agent_2,0.11932507007523047
2,50,3300.0,2400.0,119.52949309570867,0.14774201894050468,agent_0,0.1464749257924803
2,50,3300.0,2400.0,119.52949309570867,0.14774201894050468,agent_1,0.15104713771244324
2,50,3300.0,2400.0,119.52949309570867,0.14774201894050468,agent_2,0.13531455671709564
2,50,3600.0,2700.0,134.3344384462177,0.16547561185206436,agent_0,0.16476008195726086
2,50,3600.0,2700.0,134.3344384462177,0.16547561185206436,agent_1,0.17004686292946466
2,50,3600.0,2700.0,134.3344384462177,0.16547561185206436,agent_2,0.15099413568801948
2,50,3900.0,3000.0,149.09351966511485,0.18297544305014962,agent_0,0.18298540166310884
2,50,3900.0,3000.0,149.09351966511485,0.18297544305014962,agent_1,0.18900644966777264
2,50,3900.0,3000.0,149.09351966511485,0.18297544305014962,agent_2,0.16634999107075782
2,50,4200.0,3300.0,163.80281354806817,0.20022067409919297,agent_0,0.2011330871142685
2,50,4200.0,3300.0,163.80281354806817,0.20022067409919297,agent_1,0.20790430745788205
2,50,4200.0,3300.0,163.80281354806817,0.20022067409919297,agent_2,0.181368750485718
2,50,4500.0,3600.0,178.45874595355025,0.21719054309508282,agent_0,0.21918470745600763
2,50,4500.0,3600.0,178.45874595355025,0.21719054309508282,agent_1,0.22671818691448062
2,50,4500.0,3600.0,178.45874595355025,0.21719054309508282,agent_2,0.19603743343128768
2,50,4800.0,3900.0,193.05812342804776,0.23386434414303287,agent_0,0.23712115541702544
2,50,4800.0,3900.0,193.05812342804776,0.23386434414303287,agent_1,0.24542515366290568
2,50,4800.0,3900.0,193.05812342804776,0.23386434414303287,agent_2,0.21034340034812607
2,50,5100.0,4200.0,207.59816577327277,0.2502213857572591,agent_0,0.2549225821085127
2,50,5100.0,4200.0,207.59816577327277,0.2502213857572591,agent_1,0.26400154036464624
2,50,5100.0,4200.0,207.59816577327277,0.2502213857572591,agent_2,0.2242742860158549
2,50,5400.0,4500.0,222.0765386268349,0.26624100995799327,agent_0,0.2725683931238585
2,50,5400.0,4500.0,222.0765386268349,0.26624100995799327,agent_1,0.28242296568052044
2,50,5400.0,4500.0,222.0765386268349,0.26624100995799327,agent_2,0.23781798271052335
2,100,900.0,0.0,0.0,8.537736462515939e-07,agent_0,8.537736462515939e-07
2,100,900.0,0.0,0.0,8.537736462515939e-07,agent_1,8.537736462515939e-07
2,100,900.0,0.0,0.0,8.537736462515939e-07,agent_2,0.0
2,100,1200.0,300.0,29.998107743454522,0.03767471883436042,agent_0,0.03637044251432505
2,100,1200.0,300.0,29.998107743454522,0.03767471883436042,agent_1,0.03722752123672285
2,100,1200.0,300.0,29.998107743454522,0.03767471883436042,agent_2,0.03544543532950458
2,100,1500.0,600.0,59.98489873616987,0.07522453071496268,agent_0,0.07287050267706086
2,100,1500.0,600.0,59.98489873616987,0.07522453071496268,agent_1,0.07468092424401311
2,100,1500.0,600.0,59.98489873616987,0.07522453071496268,agent_2,0.07049564991520713
2,100,1800.0,900.0,89.94918812761043,0.11260366628062135,agent_0,0.10947052595051654
2,100,1800.0,900.0,89.94918812761043,0.11260366628062135,agent_1,0.11232421963246988
2,100,1800.0,900.0,89.94918812761043,0.11260366628062135,agent_2,0.10511257842432568
2,100,2100.0,1200.0,119.87999410367092,0.14976690228321016,agent_0,0.1461402663422243
2,100,2100.0,1200.0,119.87999410367092,0.14976690228321016,agent_1,0.1501205745868051
2,100,2100.0,1200.0,119.87999410367092,0.14976690228321016,agent_2,0.13925992326061212
2,100,2400.0,1500.0,149.76660308522537,0.18666947456173347,agent_0,0.18284876147343287
2,100,2400.0,1500.0,149.76660308522537,0.18666947456173347,agent_1,0.18803220308805868
2,100,2400.0,1500.0,149.76660308522537,0.18666947456173347,agent_2,0.17290299623750227
2,100,2700.0,1800.0,179.59863318725021,0.2232671276649358,agent_0,0.21956433562847955
2,100,2700.0,1800.0,179.59863318725021,0.2232671276649358,agent_1,0.22602039242674254
2,100,2700.0,1800.0,179.59863318725021,0.2232671276649358,agent_2,0.2060086779303296
2,100,3000.0,2100.0,209.36609810474963,0.25951593742562296,agent_0,0.25625438704684494
2,100,3000.0,2100.0,209.36609810474963,0.25951593742562296,agent_1,0.2640453048693629
2,100,3000.0,2100.0,209.36609810474963,0.25951593742562296,agent_2,0.23854518497665572
2,100,3300.0,2400.0,239.059470069376,0.2953724264594733,agent_0,0.2928854530117989
2,100,3300.0,2400.0,239.059470069376,0.2953724264594733,agent_1,0.3020660740261561
2,100,3300.0,2400.0,239.059470069376,0.2953724264594733,agent_2,0.2704820870668753
2,100,3600.0,2700.0,268.6697427061422,0.3307934163828066,agent_0,0.3294230233257167
2,100,3600.0,2700.0,268.6697427061422,0.3307934163828066,agent_1,0.340040638459665
2,100,3600.0,2700.0,268.6697427061422,0.3307934163828066,agent_2,0.3017901028017123
2,100,3900.0,3000.0,298.1884945958547,0.36573602440798664,agent_0,0.3658314908143478
2,100,3900.0,3000.0,298.1884945958547,0.36573602440798664,agent_1,0.3779257221532287
2,100,3900.0,3000.0,298.1884945958547,0.36573602440798664,agent_2,0.33244101967568324
2,100,4200.0,3300.0,327.6079521654364,0.40015762652807874,agent_0,0.40207406950946323
2,100,4200.0,3300.0,327.6079521654364,0.40015762652807874,agent_1,0.41567678369353894
2,100,4200.0,3300.0,327.6079521654364,0.40015762652807874,agent_2,0.3624075874509159
2,100,4500.0,3600.0,356.921053983176,0.4340158221314608,agent_0,0.4381127140856566
2,100,4500.0,3600.0,356.921053983176,0.4340158221314608,agent_1,0.45324796948297047
2,100,4500.0,3600.0,356.921053983176,0.4340158221314608,agent_2,0.39166341491563345
2,100,4800.0,3900.0,386.12151462307935,0.4672683977371364,agent_0,0.47390803812737325
2,100,4800.0,3900.0,386.12151462307935,0.4672683977371364,agent_1,0.4905920686443889
2,100,4800.0,3900.0,386.12151462307935,0.4672683977371364,agent_2,0.4201828679372583
2,100,5100.0,4200.0,415.20389019870345,0.49987324870438443,agent_0,0.5094191892678012
2,100,5100.0,4200.0,415.20389019870345,0.49987324870438443,agent_1,0.5276604247781653
2,100,5100.0,4200.0,415.20389019870345,0.49987324870438443,agent_2,0.4479409364069736
2,100,5400.0,4500.0,444.1636436969623,0.5317884219638834,agent_0,0.5446038473928778
2,100,5400.0,4500.0,444.1636436969623,0.5317884219638834,agent_1,0.5644029820823716
2,100,5400.0,4500.0,444.1636436969623,0.5317884219638834,agent_2,0.4749132003550896
3,1,900.0,0.0,0.0,1.4787793334710982e-06,agent_0,0.0
3,1,900.0,0.0,0.0,1.4787793334710982e-06,agent_1,0.0
3,1,900.0,0.0,0.0,1.4787793334710982e-06,agent_2,8.537736462515939e-07
3,1,1200.0,300.0,0.2999728793790675,0.0004253061228761369,agent_0,0.0003989361855518197
3,1,1200.0,300.0,0.2999728793790675,0.0004253061228761369,agent_1,0.0004230291185515184
3,1,1200.0,300.0,0.2999728793790675,0.0004253061228761369,agent_2,0.00042733055480222745
3,1,1500.0,600.0,0.599782866651796,0.0008509969278851539,agent_0,0.0007944541550377964
3,1,1500.0,600.0,0.599782866651796,0.0008509969278851539,agent_1,0.0008439210242724792
3,1,1500.0,600.0,0.599782866651796,0.0008509969278851539,agent_2,0.000855489714204683
3,1,1800.0,900.0,0.8992674744487282,0.0012760194843671573,agent_0,0.0011858371953120317
3,1,1800.0,900.0,0.8992674744487282,0.0012760194843671573,agent_1,0.0012617902203107862
3,1,1800.0,900.0,0.8992674744487282,0.0012760194843671573,agent_2,0.0012831374326889512
3,1,2100.0,1200.0,1.1982664199346127,0.0016993012728078194,agent_0,0.0015723666712682347
3,1,2100.0,1200.0,1.1982664199346127,0.0016993012728078194,agent_1,0.0016757286597360783
3,1,2100.0,1200.0,1.1982664199346127,0.0016993012728078194,agent_2,0.0017089275001861786
3,1,2400.0,1500.0,1.4966236312222372,0.002119755426291031,agent_0,0.001953323832948375
3,1,2400.0,1500.0,1.4966236312222372,0.002119755426291031,agent_1,0.002084812278435154
3,1,2400.0,1500.0,1.4966236312222372,0.002119755426291031,agent_2,0.0021315238371360677
3,1,2700.0,1800.0,1.7941893053177478,0.002536275411130922,agent_0,0.0023279797653113004
3,1,2700.0,1800.0,1.7941893053177478,0.002536275411130922,agent_1,0.0024880906503385986
3,1,2700.0,1800.0,1.7941893053177478,0.002536275411130922,agent_2,0.002549603270823672
3,1,3000.0,2100.0,2.090822035329333,0.0029477442376542665,agent_0,0.002695601376644771
3,1,3000.0,2100.0,2.090822035329333,0.0029477442376542665,agent_1,0.002884594139985618
3,1,3000.0,2100.0,2.090822035329333,0.0029477442376542665,agent_2,0.0029618598965404307
3,1,3300.0,2400.0,2.386390988751922,0.0033530319491047234,agent_0,0.0030554473797025244
3,1,3300.0,2400.0,2.386390988751922,0.0033530319491047234,agent_1,0.003273331751001234
3,1,3300.0,2400.0,2.386390988751922,0.0033530319491047234,agent_2,0.0033670119001471344
3,1,3600.0,2700.0,2.6807781396451476,0.0037509981360655986,agent_0,0.0034067687880158745
3,1,3600.0,2700.0,2.6807781396451476,0.0037509981360655986,agent_1,0.0036532904494972827
3,1,3600.0,2700.0,2.6807781396451476,0.0037509981360655986,agent_2,0.0037638064819465996
3,1,3900.0,3000.0,2.973880555956114,0.0041404941111050165,agent_0,0.003748807889429284
3,1,3900.0,3000.0,2.973880555956114,0.0041404941111050165,agent_1,0.004023436639478853
3,1,3900.0,3000.0,2.973880555956114,0.0041404941111050165,agent_2,0.0041510236749352425
3,1,4200.0,3300.0,3.2656127203723293,0.004520367118264742,agent_0,0.00408079939502019
3,1,4200.0,3300.0,3.2656127203723293,0.004520367118264742,agent_1,0.004382717515839383
3,1,4200.0,3300.0,3.2656127203723293,0.004520367118264742,agent_2,0.004527482113422894
3,1,4500.0,3600.0,3.5559088953532783,0.00488945858456701,agent_0,0.004401966591772137
3,1,4500.0,3600.0,3.5559088953532783,0.00488945858456701,agent_1,0.004730060649203037
3,1,4500.0,3600.0,3.5559088953532783,0.00488945858456701,agent_2,0.0048920402239539225
3,1,4800.0,3900.0,3.8447255035413557,0.005246609115332558,agent_0,0.004711524011990013
3,1,4800.0,3900.0,3.8447255035413557,0.005246609115332558,agent_1,0.0050643755655561725
3,1,4800.0,3900.0,3.8447255035413557,0.005246609115332558,agent_2,0.005243601108261409
3,1,5100.0,4200.0,4.1320435301132115,0.0055906604327541545,agent_0,0.00500867610439032
3,1,5100.0,4200.0,4.1320435301132115,0.0055906604327541545,agent_1,0.0053845565366834125
3,1,5100.0,4200.0,4.1320435301132115,0.0055906604327541545,agent_2,0.005581114474864814
3,1,5400.0,4500.0,4.417870913359783,0.005920456955188754,agent_0,0.005292617069673204
3,1,5400.0,4500.0,4.417870913359783,0.005920456955188754,agent_1,0.0056894830094756585
3,1,5400.0,4500.0,4.417870913359783,0.005920456955188754,agent_2,0.005903578936210652
3,5,900.0,0.0,0.0,1.4787793334710982e-06,agent_0,0.0
3,5,900.0,0.0,0.0,1.4787793334710982e-06,agent_1,0.0
3,5,900.0,0.0,0.0,1.4787793334710982e-06,agent_2,8.537736462515939e-07
3,5,1200.0,300.0,1.4998643970147918,0.0021265283864350198,agent_0,0.001994678552516412
3,5,1200.0,300.0,1.4998643970147918,0.0021265283864350198,agent_1,0.002115139734260763
3,5,1200.0,300.0,1.4998643970147918,0.0021265283864350198,agent_2,0.002136649703734209
3,5,1500.0,600.0,2.998914337483125,0.004254971192360201,agent_0,0.003972233340864617
3,5,1500.0,600.0,2.998914337483125,0.004254971192360201,agent_1,0.004219570313360018
3,5,1500.0,600.0,2.998914337483125,0.004254971192360201,agent_2,0.004277451213365372
3,5,1800.0,900.0,4.496337404463305,0.0063800549236656835,agent_0,0.005929088733387361
3,5,1800.0,900.0,4.496337404463305,0.0063800549236656835,agent_1,0.00630885595758991
3,5,1800.0,900.0,4.496337404463305,0.0063800549236656835,agent_2,0.006415674384766819
3,5,2100.0,1200.0,5.991332235726771,0.008496409469272817,agent_0,0.007861646766102848
3,5,2100.0,1200.0,5.991332235726771,0.008496409469272817,agent_1,0.008378453211957498
3,5,2100.0,1200.0,5.991332235726771,0.008496409469272817,agent_2,0.008544591868410972
3,5,2400.0,1500.0,7.483118571677777,0.010598583061522678,agent_0,0.009766298465191533
3,5,2400.0,1500.0,7.483118571677777,0.010598583061522678,agent_1,0.010423725748163708
3,5,2400.0,1500.0,7.483118571677777,0.010598583061522678,agent_2,0.010657508194527043
3,5,2700.0,1800.0,8.970947560292489,0.012681043862787655,agent_0,0.011639398443148598
3,5,2700.0,1800.0,8.970947560292489,0.012681043862787655,agent_1,0.012439920414637597
3,5,2700.0,1800.0,8.970947560292489,0.012681043862787655,agent_2,0.012747795120078322
3,5,3000.0,2100.0,10.454112407422878,0.014738194849551661,agent_0,0.013477273826707454
3,5,3000.0,2100.0,10.454112407422878,0.014738194849551661,agent_1,0.01442218186943248
3,5,3000.0,2100.0,10.454112407422878,0.014738194849551661,agent_2,0.014808918177190648
3,5,3300.0,2400.0,11.93195928113457,0.016764376622311613,agent_0,0.01527621431339906
3,5,3300.0,2400.0,11.93195928113457,0.016764376622311613,agent_1,0.016365545556694543
3,5,3300.0,2400.0,11.93195928113457,0.016764376622311613,agent_2,0.016834459910045365
3,5,3600.0,2700.0,13.403898483346225,0.018753880756843904,agent_0,0.017032471038238902
3,5,3600.0,2700.0,13.403898483346225,0.018753880756843904,agent_1,0.01826494170154395
3,5,3600.0,2700.0,13.403898483346225,0.018753880756843904,agent_2,0.018818147910231516
3,5,3900.0,3000.0,14.869415894856354,0.020700958594801033,agent_0,0.018742252277688554
3,5,3900.0,3000.0,14.869415894856354,0.020700958594801033,agent_1,0.02011519711306398
3,5,3900.0,3000.0,14.869415894856354,0.020700958594801033,agent_2,0.020753876481379236
3,5,4200.0,3300.0,16.328084585307845,0.02259983716848789,agent_0,0.020401725388432983
3,5,4200.0,3300.0,16.328084585307845,0.02259983716848789,agent_1,0.021911043510136036
3,5,4200.0,3300.0,16.328084585307845,0.02259983716848789,agent_2,0.0226357324516269
3,5,4500.0,3600.0,17.779576640272143,0.024444721050485167,agent_0,0.022007007282480805
3,5,4500.0,3600.0,17.779576640272143,0.024444721050485167,agent_1,0.02364711457512706
3,5,4500.0,3600.0,17.779576640272143,0.024444721050485167,agent_2,0.024458004669360097
3,5,4800.0,3900.0,19.223675061304565,0.026229809462037415,agent_0,0.023554167814810834
3,5,4800.0,3900.0,19.223675061304565,0.026229809462037415,agent_1,0.02531795764196477
3,5,4800.0,3900.0,19.223675061304565,0.026229809462037415,agent_2,0.02621520492744971
3,5,5100.0,4200.0,20.66028577138419,0.027949307144068777,agent_0,0.025039228564353918
3,5,5100.0,4200.0,20.66028577138419,0.027949307144068777,agent_1,0.026918041269698535
3,5,5100.0,4200.0,20.66028577138419,0.027949307144068777,agent_2,0.02790208059228769
3,5,5400.0,4500.0,22.08944955614492,0.02959743444973558,agent_0,0.026458161752407512
3,5,5400.0,4500.0,22.08944955614492,0.02959743444973558,agent_1,0.028441763371402293
3,5,5400.0,4500.0,22.08944955614492,0.02959743444973558,agent_2,0.02951362357514553
3,10,900.0,0.0,0.0,1.4787793334710982e-06,agent_0,0.0
3,10,900.0,0.0,0.0,1.4787793334710982e-06,agent_1,0.0
3,10,900.0,0.0,0.0,1.4787793334710982e-06,agent_2,8.537736462515939e-07
3,10,1200.0,300.0,2.999728794365085,0.004253052745946299,agent_0,0.003989336732469828
3,10,1200.0,300.0,2.999728794365085,0.004253052745946299,agent_1,0.004230260256370362
3,10,1200.0,300.0,2.999728794365085,0.004253052745946299,agent_2,0.0042733047814043626
3,10,1500.0,600.0,5.997828685553087,0.008509911725607317,agent_0,0.007944372088493655
3,10,1500.0,600.0,5.997828685553087,0.008509911725607317,agent_1,0.00843904782216295
3,10,1500.0,600.0,5.997828685553087,0.008509911725607317,agent_2,0.008554907885876236
3,10,1800.0,900.0,8.99267488958252,0.012760005755204732,agent_0,0.011857938820589295
3,10,1800.0,900.0,8.99267488958252,0.012760005755204732,agent_1,0.012617471694077377
3,10,1800.0,900.0,8.99267488958252,0.012760005755204732,agent_2,0.012831322970163093
3,10,2100.0,1200.0,11.9826648119563,0.016992572308159554,agent_0,0.015722823844245577
3,10,2100.0,1200.0,11.9826648119563,0.016992572308159554,agent_1,0.01675642391359745
3,10,2100.0,1200.0,11.9826648119563,0.016992572308159554,agent_2,0.01708907057908923
3,10,2400.0,1500.0,14.966238183237547,0.021196684018827003,agent_0,0.019531794205453597
3,10,2400.0,1500.0,14.966238183237547,0.021196684018827003,agent_1,0.020846611411093237
3,10,2400.0,1500.0,14.966238183237547,0.021196684018827003,agent_2,0.021314734859419898
3,10,2700.0,1800.0,17.941897707067493,0.025361256019096223,agent_0,0.023277544013438487
3,10,2700.0,1800.0,17.941897707067493,0.025361256019096223,agent_1,0.024878509507508688
3,10,2700.0,1800.0,17.941897707067493,0.025361256019096223,agent_2,0.025495035852233356
3,10,3000.0,2100.0,20.90823039641981,0.029475072325823262,agent_0,0.02695271437621822
3,10,3000.0,2100.0,20.90823039641981,0.029475072325823262,agent_1,0.028842389744893282
3,10,3000.0,2100.0,20.90823039641981,0.029475072325823262,agent_2,0.02961688249759839
3,10,3300.0,2400.0,23.86392941427465,0.03352679396173924,agent_0,0.03054987250409624
3,10,3300.0,2400.0,23.86392941427465,0.03352679396173924,agent_1,0.03272830634527543
3,10,3300.0,2400.0,23.86392941427465,0.03352679396173924,agent_2,0.03366741912841599
3,10,3600.0,2700.0,26.80781644399991,0.037504985528959096,agent_0,0.03406150965060402
3,10,3600.0,2700.0,26.80781644399991,0.037504985528959096,agent_1,0.03652610521885469
3,10,3600.0,2700.0,26.80781644399991,0.037504985528959096,agent_2,0.037634082396127956
3,10,3900.0,3000.0,29.73886460042642,0.04139813278659398,agent_0,0.037480033166132444
3,10,3900.0,3000.0,29.73886460042642,0.04139813278659398,agent_1,0.040225426968772356
3,10,3900.0,3000.0,29.73886460042642,0.04139813278659398,agent_2,0.04150464476690702
3,10,4200.0,3300.0,32.65622166355456,0.045194674946971325,agent_0,0.04079776992298432
3,10,4200.0,3300.0,32.65622166355456,0.045194674946971325,agent_1,0.043815724458888664
3,10,4200.0,3300.0,32.65622166355456,0.045194674946971325,agent_2,0.045267266404526614
3,10,4500.0,3600.0,35.559233737644625,0.048883008858722404,agent_0,0.044006947968096566
3,10,4500.0,3600.0,35.559233737644625,0.048883008858722404,agent_1,0.04728625665883013
3,10,4500.0,3600.0,35.559233737644625,0.048883008858722404,agent_2,0.048910514108146695
3,10,4800.0,3900.0,38.44746904633315,0.05245152320299628,agent_0,0.047099703090868965
3,10,4800.0,3900.0,38.44746904633315,0.05245152320299628,agent_1,0.05062611267164348
3,10,4800.0,3900.0,38.44746904633315,0.05245152320299628,agent_2,0.052423403879321984
3,10,5100.0,4200.0,41.32074192714978,0.05588862040960703,agent_0,0.05006807655281889
3,10,5100.0,4200.0,41.32074192714978,0.05588862040960703,agent_1,0.05382422678695837
3,10,5100.0,4200.0,41.32074192714978,0.05588862040960703,agent_2,0.05579542584785565
3,10,5400.0,4500.0,44.17913668493621,0.05918273776307138,agent_0,0.052904013291982854
3,10,5400.0,4500.0,44.17913668493621,0.05918273776307138,agent_1,0.05686939566064529
3,10,5400.0,4500.0,44.17913668493621,0.05918273776307138,agent_2,0.0590165625885938
3,25,900.0,0.0,0.0,1.4787793334710982e-06,agent_0,0.0
3,25,900.0,0.0,0.0,1.4787793334710982e-06,agent_1,0.0
3,25,900.0,0.0,0.0,1.4787793334710982e-06,agent_2,8.537736462515939e-07
3,25,1200.0,300.0,7.499321988375951,0.010632603041325078,agent_0,0.009973186483322707
3,25,1200.0,300.0,7.499321988375951,0.010632603041325078,agent_1,0.01057550338508334
3,25,1200.0,300.0,7.499321988375951,0.010632603041325078,agent_2,0.010683303698202827
3,25,1500.0,600.0,14.994571793471275,0.021274548279864112,agent_0,0.019860220490813707
3,25,1500.0,600.0,14.994571793471275,0.021274548279864112,agent_1,0.02109692437507786
3,25,1500.0,600.0,14.994571793471275,0.021274548279864112,agent_2,0.021387310121390102
3,25,1800.0,900.0,22.48168783007904,0.03189923292231711,agent_0,0.029643055238404555
3,25,1800.0,900.0,22.48168783007904,0.03189923292231711,agent_1,0.03154187691372055
3,25,1800.0,900.0,22.48168783007904,0.03189923292231711,agent_2,0.03207811266477459
3,25,2100.0,1200.0,29.956664588671522,0.0424795766339076,agent_0,0.03930353468991939
3,25,2100.0,1200.0,29.956664588671522,0.0424795766339076,agent_1,0.04188743661032373
3,25,2100.0,1200.0,29.956664588671522,0.0424795766339076,agent_2,0.042721823672880126
3,25,2400.0,1500.0,37.41560327214138,0.05298808905741679,agent_0,0.048823459587208795
3,25,2400.0,1500.0,37.41560327214138,0.05298808905741679,agent_1,0.05211022201052488
3,25,2400.0,1500.0,37.41560327214138,0.05298808905741679,agent_2,0.05328471853249463
3,25,2700.0,1800.0,44.854763702418765,0.0633968911292305,agent_0,0.05818445583857337
3,25,2700.0,1800.0,44.854763702418765,0.0633968911292305,agent_1,0.06218627945738244
3,25,2700.0,1800.0,44.854763702418765,0.0633968911292305,agent_2,0.06373342015880239
3,25,3000.0,2100.0,52.27061792824471,0.07367778252738125,agent_0,0.06736802554805561
3,25,3000.0,2100.0,52.27061792824471,0.07367778252738125,agent_1,0.07209115461574009
3,25,3000.0,2100.0,52.27061792824471,0.07367778252738125,agent_2,0.07403503351470368
3,25,3300.0,2400.0,59.65990506627357,0.08380226484425976,agent_0,0.07635549489538286
3,25,3300.0,2400.0,59.65990506627357,0.08380226484425976,agent_1,0.0817998602159619
3,25,3300.0,2400.0,59.65990506627357,0.08380226484425976,agent_2,0.08415726527313601
3,25,3600.0,2700.0,67.01968742965163,0.09374160951192755,agent_0,0.08512801108219141
3,25,3600.0,2700.0,67.01968742965163,0.09374160951192755,agent_1,0.09128690080041922
3,25,3600.0,2700.0,67.01968742965163,0.09374160951192755,agent_2,0.09406856835280546
3,25,3900.0,3000.0,74.34740796227312,0.10346690474349696,agent_0,0.0936665227825239
3,25,3900.0,3000.0,74.34740796227312,0.10346690474349696,agent_1,0.10052628169890526
3,25,3900.0,3000.0,74.34740796227312,0.10346690474349696,agent_2,0.10373825271005335
3,25,4200.0,3300.0,81.64094842410653,0.11294913798804591,agent_0,0.1019517899739686
3,25,4200.0,3300.0,81.64094842410653,0.11294913798804591,agent_1,0.10949155520464161
3,25,4200.0,3300.0,81.64094842410653,0.11294913798804591,agent_2,0.11313661745465758
3,25,4500.0,3600.0,88.89868857387638,0.12215920876570707,agent_0,0.10996433913421867
3,25,4500.0,3600.0,88.89868857387638,0.12215920876570707,agent_1,0.11815580720626087
3,25,4500.0,3600.0,88.89868857387638,0.12215920876570707,agent_2,0.12223499949779655
3,25,4800.0,3900.0,96.11956561689861,0.13106801625540468,agent_0,0.11768448091371904
3,25,4800.0,3900.0,96.11956561689861,0.13106801625540468,agent_1,0.12649171914502977
3,25,4800.0,3900.0,96.11956561689861,0.13106801625540468,agent_2,0.1310058817665188
3,25,5100.0,4200.0,103.30313406552033,0.1396465161474583,agent_0,0.1250923053713573
3,25,5100.0,4200.0,103.30313406552033,0.1396465161474583,agent_1,0.13447160766236
3,25,5100.0,4200.0,103.30313406552033,0.1396465161474583,agent_2,0.1394229564051397
3,25,5400.0,4500.0,110.44962515151214,0.14786577548662302,agent_0,0.13216767883511393
3,25,5400.0,4500.0,110.44962515151214,0.14786577548662302,agent_1,0.14206746974239673
3,25,5400.0,4500.0,110.44962515151214,0.14786577548662302,agent_2,0.14746117155767324
3,50,900.0,0.0,0.0,1.4787793334710982e-06,agent_0,0.0
3,50,900.0,0.0,0.0,1.4787793334710982e-06,agent_1,0.0
3,50,900.0,0.0,0.0,1.4787793334710982e-06,agent_2,8.537736462515939e-07
3,50,1200.0,300.0,14.99864398504353,0.021265109681306675,agent_0,0.019945854944635116
3,50,1200.0,300.0,14.99864398504353,0.021265109681306675,agent_1,0.021150516117106194
3,50,1200.0,300.0,14.99864398504353,0.021265109681306675,agent_2,0.021366745963049903
3,50,1500.0,600.0,29.989143853307812,0.04254832342223893,agent_0,0.03971807323792539
3,50,1500.0,600.0,29.989143853307812,0.04254832342223893,agent_1,0.04219152877002331
3,50,1500.0,600.0,29.989143853307812,0.04254832342223893,agent_2,0.0427747514803379
3,50,1800.0,900.0,44.96337768863689,0.06379585089150856,agent_0,0.05928013056679235
3,50,1800.0,900.0,44.96337768863689,0.06379585089150856,agent_1,0.06307773668554326
3,50,1800.0,900.0,44.96337768863689,0.06379585089150856,agent_2,0.06415556539070508
3,50,2100.0,1200.0,59.91333774004443,0.08495294861213973,agent_0,0.07859530268146643
3,50,2100.0,1200.0,59.91333774004443,0.08495294861213973,agent_1,0.08376277482997536
3,50,2100.0,1200.0,59.91333774004443,0.08495294861213973,agent_2,0.08544077943525123
3,50,2400.0,1500.0,74.83123269086346,0.10596406197732063,agent_0,0.09762680142233945
3,50,2400.0,1500.0,74.83123269086346,0.10596406197732063,agent_1,0.10419938309157059
3,50,2400.0,1500.0,74.83123269086346,0.10596406197732063,agent_2,0.10656232660795087
3,50,2700.0,1800.0,89.70959242833653,0.12677287497063447,agent_0,0.11633751391540297
3,50,2700.0,1800.0,89.70959242833653,0.12677287497063447,agent_1,0.12433918062363027
3,50,2700.0,1800.0,89.70959242833653,0.12677287497063447,agent_2,0.1274528600339489
3,50,3000.0,2100.0,104.5413761491223,0.14732245232344654,agent_0,0.13469010836674966
3,50,3000.0,2100.0,104.5413761491223,0.14732245232344654,agent_1,0.14413281509643422
3,50,3000.0,2100.0,104.5413761491223,0.14732245232344654,agent_2,0.1480460317492854
3,50,3300.0,2400.0,119.3200828364992,0.1675552937399588,agent_0,0.15264693298304657
3,50,3300.0,2400.0,119.3200828364992,0.1675552937399588,agent_1,0.1635299040651858
3,50,3300.0,2400.0,119.3200828364992,0.1675552937399588,agent_2,0.16827674108256138
3,50,3600.0,2700.0,134.03986418732762,0.1874134769972736,agent_0,0.17017001343317442
3,50,3600.0,2700.0,134.03986418732762,0.1874134769972736,agent_1,0.1824790908292965
3,50,3600.0,2700.0,134.03986418732762,0.1874134769972736,agent_2,0.188081432192889
3,50,3900.0,3000.0,148.69563999393782,0.206838759572215,agent_0,0.18722101699913302
3,50,3900.0,3000.0,148.69563999393782,0.206838759572215,agent_1,0.2009280687097177
3,50,3900.0,3000.0,148.69563999393782,0.206838759572215,agent_2,0.20739832325545926
3,50,4200.0,3300.0,163.28321483947178,0.22577275092436977,agent_0,0.20376127588482434
3,50,4200.0,3300.0,163.28321483947178,0.22577275092436977,agent_1,0.21882367994150345
3,50,4200.0,3300.0,163.28321483947178,0.22577275092436977,agent_2,0.22616767731185278
3,50,4500.0,3600.0,177.79939656584014,0.24415694559098217,agent_0,0.21975170129162322
3,50,4500.0,3600.0,177.79939656584014,0.24415694559098217,agent_1,0.23611189575845162
3,50,4500.0,3600.0,177.79939656584014,0.24415694559098217,agent_2,0.2443319053570196
3,50,4800.0,3900.0,192.2421150176432,0.2619329054329484,agent_0,0.23515282235987775
3,50,4800.0,3900.0,192.2421150176432,0.2619329054329484,agent_1,0.2527379469268352
3,50,4800.0,3900.0,192.2421150176432,0.2619329054329484,agent_2,0.2618357875724197
3,50,5100.0,4200.0,206.61054132351188,0.27904238017820326,agent_0,0.24992478035890167
3,50,5100.0,4200.0,206.61054132351188,0.27904238017820326,agent_1,0.26864640982873994
3,50,5100.0,4200.0,206.61054132351188,0.27904238017820326,agent_2,0.2786266032501364
3,50,5400.0,4500.0,220.90520596199318,0.2954274236733566,agent_0,0.2640273262324334
3,50,5400.0,4500.0,220.90520596199318,0.2954274236733566,agent_1,0.28378130334986573
3,50,5400.0,4500.0,220.90520596199318,0.2954274236733566,agent_2,0.294654227197307
3,100,900.0,0.0,0.0,1.4787793334710982e-06,agent_0,0.0
3,100,900.0,0.0,0.0,1.4787793334710982e-06,agent_1,0.0
3,100,900.0,0.0,0.0,1.4787793334710982e-06,agent_2,8.537736462515939e-07
3,100,1200.0,300.0,29.997288003501463,0.04252983108709713,agent_0,0.03988963540024148
3,100,1200.0,300.0,29.997288003501463,0.04252983108709713,agent_1,0.04229906694114268
3,100,1200.0,300.0,29.997288003501463,0.04252983108709713,agent_2,0.04273404361636834
3,100,1500.0,600.0,59.97828878011321,0.08509353102387429,agent_0,0.07942665812723873
3,100,1500.0,600.0,59.97828878011321,0.08509353102387429,agent_1,0.08437375633309732
3,100,1500.0,600.0,59.97828878011321,0.08509353102387429,agent_2,0.08555000414711306
3,100,1800.0,900.0,89.92676355153145,0.127581164139141,agent_0,0.11853628520708741
3,100,1800.0,900.0,89.92676355153145,0.127581164139141,agent_1,0.126131335093972
3,100,1800.0,900.0,89.92676355153145,0.127581164139141,agent_2,0.12830841071469087
3,100,2100.0,1200.0,119.82670998125295,0.1698808970687137,agent_0,0.15714341188051292
3,100,2100.0,1200.0,119.82670998125295,0.1698808970687137,agent_1,0.1674769980455844
3,100,2100.0,1200.0,119.82670998125295,0.1698808970687137,agent_2,0.17086989812963582
3,100,2400.0,1500.0,149.66257071500826,0.21187931328850668,agent_0,0.19517289808895233
3,100,2400.0,1500.0,149.66257071500826,0.21187931328850668,agent_1,0.208314228860963
3,100,2400.0,1500.0,149.66257071500826,0.21187931328850668,agent_2,0.21309584796021297
3,100,2700.0,1800.0,179.41944675458086,0.25346154060952025,agent_0,0.23254905854808475
3,100,2700.0,1800.0,179.41944675458086,0.25346154060952025,agent_1,0.24854436974673952
3,100,2700.0,1800.0,179.41944675458086,0.25346154060952025,agent_2,0.2548491855212008
3,100,3000.0,2100.0,209.08331722362774,0.29451156719888544,agent_0,0.26919588880281564
3,100,3000.0,2100.0,209.08331722362774,0.29451156719888544,agent_1,0.2880669445845243
3,100,3000.0,2100.0,209.08331722362774,0.29451156719888544,agent_2,0.2959949784014696
3,100,3300.0,2400.0,238.64126347904116,0.3349123807635122,agent_0,0.30503687641266175
3,100,3300.0,2400.0,238.64126347904116,0.3349123807635122,agent_1,0.32677956626471133
3,100,3300.0,2400.0,238.64126347904116,0.3349123807635122,agent_2,0.3364009702673316
3,100,3600.0,2700.0,268.08169760081853,0.3745462858154665,agent_0,0.3399950097499804
3,100,3600.0,2700.0,268.08169760081853,0.3745462858154665,agent_1,0.364578073787084
3,100,3600.0,2700.0,268.08169760081853,0.3745462858154665,agent_2,0.375938210261728
3,100,3900.0,3000.0,297.3945951448052,0.4132951377329116,agent_0,0.373992720351545
3,100,3900.0,3000.0,297.3945951448052,0.4132951377329116,agent_1,0.4013566068399028
3,100,3900.0,3000.0,297.3945951448052,0.4132951377329116,agent_2,0.4144815422919048
3,100,4200.0,3300.0,326.57172974060757,0.45104071749177205,agent_0,0.406951943476563
3,100,4200.0,3300.0,326.57172974060757,0.45104071749177205,agent_1,0.43700782974336233
3,100,4200.0,3300.0,326.57172974060757,0.45104071749177205,agent_2,0.45191017356997853
3,100,4500.0,3600.0,355.6069103295483,0.48766482768917835,agent_0,0.43879396102586843
3,100,4500.0,3600.0,355.6069103295483,0.48766482768917835,agent_1,0.4714229187547718
3,100,4500.0,3600.0,355.6069103295483,0.48766482768917835,agent_2,0.4881079038956999
3,100,4800.0,3900.0,384.49621791031586,0.5230496853122429,agent_0,0.46943949364182364
3,100,4800.0,3900.0,384.49621791031586,0.5230496853122429,agent_1,0.5044918495131598
3,100,4800.0,3900.0,384.49621791031586,0.5230496853122429,agent_2,0.5229635865863376
3,100,5100.0,4200.0,413.2382421925831,0.5570781899177354,agent_0,0.4988087036153132
3,100,5100.0,4200.0,413.2382421925831,0.5570781899177354,agent_1,0.5361035956006446
3,100,5100.0,4200.0,413.2382421925831,0.5570781899177354,agent_2,0.5563714025362787
3,100,5400.0,4500.0,441.8343145295539,0.5896341816623487,agent_0,0.5268212046342192
3,100,5400.0,4500.0,441.8343145295539,0.5896341816623487,agent_1,0.5661463481272686
3,100,5400.0,4500.0,441.8343145295539,0.5896341816623487,agent_2,0.5882310629933444
4,1,900.0,0.0,0.0,0.0,agent_0,0.0
4,1,900.0,0.0,0.0,0.0,agent_1,1.2074182697257333e-06
4,1,900.0,0.0,0.0,0.0,agent_2,0.0
4,1,1200.0,300.0,0.2999773456346542,0.00040112917283888043,agent_0,0.0003649350562774587
4,1,1200.0,300.0,0.2999773456346542,0.00040112917283888043,agent_1,0.0003861539959075652
4,1,1200.0,300.0,0.2999773456346542,0.00040112917283888043,agent_2,0.0004021446075041786
4,1,1500.0,600.0,0.599817748011883,0.0008052348390721049,agent_0,0.0007349652302883452
4,1,1500.0,600.0,0.599817748011883,0.0008052348390721049,agent_1,0.0007794696225358246
4,1,1500.0,600.0,0.599817748011883,0.0008052348390721049,agent_2,0.0008004263397946001
4,1,1800.0,900.0,0.8993818792733256,0.0012117631949490305,agent_0,0.0011099878307284797
4,1,1800.0,900.0,0.8993818792733256,0.0012117631949490305,agent_1,0.0011797551629540916
4,1,1800.0,900.0,0.8993818792733256,0.0012117631949490305,agent_2,0.0011942111381615056
4,1,2100.0,1200.0,1.1985286701971551,0.0016201251994332681,agent_0,0.0014898819817928842
4,1,2100.0,1200.0,1.1985286701971551,0.0016201251994332681,agent_1,0.0015867786898658563
4,1,2100.0,1200.0,1.1985286701971551,0.0016201251994332681,agent_2,0.001582880222493265
4,1,2400.0,1500.0,1.4971163593300298,0.0020296923778809705,agent_0,0.001874502767511754
4,1,2400.0,1500.0,1.4971163593300298,0.0020296923778809705,agent_1,0.002000259374105211
4,1,2400.0,1500.0,1.4971163593300298,0.0020296923778809705,agent_2,0.001965830274899945
4,1,2700.0,1800.0,1.795003645451302,0.0024398009713011513,agent_0,0.002263678385737906
4,1,2700.0,1800.0,1.795003645451302,0.0024398009713011513,agent_1,0.0024198645790627846
4,1,2700.0,1800.0,1.795003645451302,0.0024398009713011513,agent_2,0.002342470951197141
4,1,3000.0,2100.0,2.09205097631738,0.0028497416840040073,agent_0,0.0026572050289719686
4,1,3000.0,2100.0,2.09205097631738,0.0028497416840040073,agent_1,0.0028451992353221035
4,1,3000.0,2100.0,2.09205097631738,0.0028497416840040073,agent_2,0.0027122240116099613
4,1,3300.0,2400.0,2.3881219726393366,0.003258762635002638,agent_0,0.0030548442223598763
4,1,3300.0,2400.0,2.3881219726393366,0.003258762635002638,agent_1,0.0032758015349489303
4,1,3300.0,2400.0,2.3881219726393366,0.003258762635002638,agent_2,0.003074519748336869
4,1,3600.0,2700.0,2.6830850093490657,0.0036660639732771965,agent_0,0.003456315097904938
4,1,3600.0,2700.0,2.6830850093490657,0.0036660639732771965,agent_1,0.003711131703495203
4,1,3600.0,2700.0,2.6830850093490657,0.0036660639732771965,agent_2,0.0034287966318405838
4,1,3900.0,3000.0,2.9768149773266015,0.004070794178689677,agent_0,0.003861291063128203
4,1,3900.0,3000.0,2.9768149773266015,0.004070794178689677,agent_1,0.004150564449433764
4,1,3900.0,3000.0,2.9768149773266015,0.004070794178689677,agent_2,0.003774497563804917
4,1,4200.0,3300.0,3.2691952279539973,0.004472049164077913,agent_0,0.004269391904880208
4,1,4200.0,3300.0,3.2691952279539973,0.004472049164077913,agent_1,0.00459337783512572
4,1,4200.0,3300.0,3.2691952279539973,0.004472049164077913,agent_2,0.004111068695202353
4,1,4500.0,3600.0,3.560119738868997,0.004868866378700061,agent_0,0.004680176640991861
4,1,4500.0,3600.0,3.560119738868997,0.004868866378700061,agent_1,0.0050387425560844456
4,1,4500.0,3600.0,3.560119738868997,0.004868866378700061,agent_2,0.004437956394614006
4,1,4800.0,3900.0,3.84949550085343,0.005260223184317416,agent_0,0.005093136578765675
4,1,4800.0,3900.0,3.84949550085343,0.005260223184317416,agent_1,0.005485710480519078
4,1,4800.0,3900.0,3.84949550085343,0.005260223184317416,agent_2,0.0047546035770579176
4,1,5100.0,4200.0,4.137245165924038,0.00564503236147617,agent_0,0.005507684794453044
4,1,5100.0,4200.0,4.137245165924038,0.00564503236147617,agent_1,0.005933200675083427
4,1,5100.0,4200.0,4.137245165924038,0.00564503236147617,agent_2,0.005060449069625661
4,1,5400.0,4500.0,4.423309957797272,0.006022138215909396,agent_0,0.0059231473879853384
4,1,5400.0,4500.0,4.423309957797272,0.006022138215909396,agent_1,0.006379986601034508
4,1,5400.0,4500.0,4.423309957797272,0.006022138215909396,agent_2,0.005354922080195771
4,5,900.0,0.0,0.0,0.0,agent_0,0.0
4,5,900.0,0.0,0.0,0.0,agent_1,1.2074182697257333e-06
4,5,900.0,0.0,0.0,0.0,agent_2,0.0
4,5,1200.0,300.0,1.499886728286793,0.002005641503022886,agent_0,0.001824680275010369
4,5,1200.0,300.0,1.499886728286793,0.002005641503022886,agent_1,0.001930775642612661
4,5,1200.0,300.0,1.499886728286793,0.002005641503022886,agent_2,0.0020107148808796394
4,5,1500.0,600.0,2.9990887428198687,0.004026165415334395,agent_0,0.0036748320035888886
4,5,1500.0,600.0,2.9990887428198687,0.004026165415334395,agent_1,0.003897362327818744
4,5,1500.0,600.0,2.9990887428198687,0.004026165415334395,agent_2,0.00400209399757032
4,5,1800.0,900.0,4.496909417376281,0.006058787764954221,agent_0,0.005549944474995951
4,5,1800.0,900.0,4.496909417376281,0.006058787764954221,agent_1,0.00589879806036994
4,5,1800.0,900.0,4.496909417376281,0.006058787764954221,agent_2,0.005970958763360487
4,5,2100.0,1200.0,5.992643440588504,0.00810055235113052,agent_0,0.0074494059021246745
4,5,2100.0,1200.0,5.992643440588504,0.00810055235113052,agent_1,0.007933913162658061
4,5,2100.0,1200.0,5.992643440588504,0.00810055235113052,agent_2,0.007914210742096184
4,5,2400.0,1500.0,7.485582073527837,0.010148319002127435,agent_0,0.009372486899173306
4,5,2400.0,1500.0,7.485582073527837,0.010148319002127435,agent_1,0.010001300891306757
4,5,2400.0,1500.0,7.485582073527837,0.010148319002127435,agent_2,0.009828827635447089
4,5,2700.0,1800.0,8.975018924642955,0.012198752538298737,agent_0,0.011318322778172954
4,5,2700.0,1800.0,8.975018924642955,0.012198752538298737,agent_1,0.012099287582874128
4,5,2700.0,1800.0,8.975018924642955,0.012198752538298737,agent_2,0.011711854356772761
4,5,3000.0,2100.0,10.4602564065939,0.014248304048857624,agent_0,0.013285889026795684
4,5,3000.0,2100.0,10.4602564065939,0.014248304048857624,agent_1,0.01422589229810226
4,5,3000.0,2100.0,10.4602564065939,0.014248304048857624,agent_2,0.013560390688944012
4,5,3300.0,2400.0,11.940612869602157,0.0162932039041344,agent_0,0.015273983445827097
4,5,3300.0,2400.0,11.940612869602157,0.0162932039041344,agent_1,0.016378794019242596
4,5,3300.0,2400.0,11.940612869602157,0.0162932039041344,agent_2,0.015371586650849122
4,5,3600.0,2700.0,13.415430521585574,0.01832944406720795,agent_0,0.01728119835747851
4,5,3600.0,2700.0,13.415430521585574,0.01832944406720795,agent_1,0.01855528667595919
4,5,3600.0,2700.0,13.415430521585574,0.01832944406720795,agent_2,0.017142629986407552
4,5,3900.0,3000.0,14.884084250227888,0.020352761012249296,agent_0,0.019305890040641486
4,5,3900.0,3000.0,14.884084250227888,0.020352761012249296,agent_1,0.02075223071304051
4,5,3900.0,3000.0,14.884084250227888,0.020352761012249296,agent_2,0.018870732593903775
4,5,4200.0,3300.0,16.345991358802607,0.022358622873923165,agent_0,0.021346149085956317
4,5,4200.0,3300.0,16.345991358802607,0.022358622873923165,agent_1,0.02296600539526052
4,5,4200.0,3300.0,16.345991358802607,0.022358622873923165,agent_2,0.02055312165594775
4,5,4500.0,3600.0,17.80062240749974,0.024342211406207858,agent_0,0.023399763317274207
4,5,4500.0,3600.0,17.80062240749974,0.024342211406207858,agent_1,0.025192452463529517
4,5,4500.0,3600.0,17.80062240749974,0.024342211406207858,agent_2,0.02218702531282499
4,5,4800.0,3900.0,19.247513158312817,0.026298404736552185,agent_0,0.02546417748590881
4,5,4800.0,3900.0,19.247513158312817,0.026298404736552185,agent_1,0.027426816443556858
4,5,4800.0,3900.0,19.247513158312817,0.026298404736552185,agent_2,0.02376965944344214
4,5,5100.0,4200.0,20.686277824545684,0.02822175929951347,agent_0,0.027536448363382024
4,5,5100.0,4200.0,20.686277824545684,0.02822175929951347,agent_1,0.02966368102170264
4,5,5100.0,4200.0,20.686277824545684,0.02822175929951347,agent_2,0.025298213853080707
4,5,5400.0,4500.0,22.116623629022417,0.030106489800156348,agent_0,0.029613193587559223
4,5,5400.0,4500.0,22.116623629022417,0.030106489800156348,agent_1,0.03189689875546266
4,5,5400.0,4500.0,22.116623629022417,0.030106489800156348,agent_2,0.02676983646171519
4,10,900.0,0.0,0.0,0.0,agent_0,0.0
4,10,900.0,0.0,0.0,0.0,agent_1,1.2074182697257333e-06
4,10,900.0,0.0,0.0,0.0,agent_2,0.0
4,10,1200.0,300.0,2.999773456782541,0.004011280371722595,agent_0,0.003649366143246393
4,10,1200.0,300.0,2.999773456782541,0.004011280371722595,agent_1,0.0038615611015909595
4,10,1200.0,300.0,2.999773456782541,0.004011280371722595,agent_2,0.004021408010967917
4,10,1500.0,600.0,5.998177492456607,0.008052308295123822,agent_0,0.007349676705807817
4,10,1500.0,600.0,5.998177492456607,0.008052308295123822,agent_1,0.007794754772155704
4,10,1500.0,600.0,5.998177492456607,0.008052308295123822,agent_2,0.008004090009710106
4,10,1800.0,900.0,8.993818887254582,0.012117499270412606,agent_0,0.011099900619425042
4,10,1800.0,900.0,8.993818887254582,0.012117499270412606,agent_1,0.011797643464557675
4,10,1800.0,900.0,8.993818887254582,0.012117499270412606,agent_2,0.01194167246656698
4,10,2100.0,1200.0,11.98528710535511,0.01620092177939434,agent_0,0.014898801610331412
4,10,2100.0,1200.0,11.98528710535511,0.01620092177939434,agent_1,0.01586787103757668
4,10,2100.0,1200.0,11.98528710535511,0.01620092177939434,agent_2,0.015827944140379316
4,10,2400.0,1500.0,14.971164839926827,0.02029627666207755,agent_0,0.018744907364736427
4,10,2400.0,1500.0,14.971164839926827,0.02029627666207755,agent_1,0.02000260732505663
4,10,2400.0,1500.0,14.971164839926827,0.02029627666207755,agent_2,0.019656845584357346
4,10,2700.0,1800.0,17.950039594484014,0.02439687391609917,agent_0,0.022636473872167395
4,10,2700.0,1800.0,17.950039594484014,0.02439687391609917,agent_1,0.024198485549511546
4,10,2700.0,1800.0,17.950039594484014,0.02439687391609917,agent_2,0.02342245380751092
4,10,3000.0,2100.0,20.920516629393134,0.02849559596506389,agent_0,0.026571436462580478
4,10,3000.0,2100.0,20.920516629393134,0.02849559596506389,agent_1,0.02845152265948458
4,10,3000.0,2100.0,20.920516629393134,0.02849559596506389,agent_2,0.02711895614432729
4,10,3300.0,2400.0,23.88123326237699,0.032584882941385736,agent_0,0.03054737370236389
4,10,3300.0,2400.0,23.88123326237699,0.032584882941385736,agent_1,0.032757053547443925
4,10,3300.0,2400.0,23.88123326237699,0.032584882941385736,agent_2,0.030740641879273205
4,10,3600.0,2700.0,26.830874742922532,0.0366566981736327,agent_0,0.03456145193564674
4,10,3600.0,2700.0,26.830874742922532,0.0366566981736327,agent_1,0.03710964110209662
4,10,3600.0,2700.0,26.830874742922532,0.0366566981736327,agent_2,0.034281876545134135
4,10,3900.0,3000.0,29.76819193021262,0.0407024939045559,agent_0,0.03861036382488321
4,10,3900.0,3000.0,29.76819193021262,0.0407024939045559,agent_1,0.04150297918425073
4,10,3900.0,3000.0,29.76819193021262,0.0407024939045559,agent_2,0.037737075610782
4,10,4200.0,3300.0,32.69202079763981,0.044713185993062225,agent_0,0.04269026945396482
4,10,4200.0,3300.0,32.69202079763981,0.044713185993062225,agent_1,0.04592979728205563
4,10,4200.0,3300.0,32.69202079763981,0.044713185993062225,agent_2,0.04110068603497102
4,10,4500.0,3600.0,35.6013041458011,0.04867911795212961,agent_0,0.04679672164874864
4,10,4500.0,3600.0,35.6013041458011,0.04867911795212961,agent_1,0.05038174787320514
4,10,4500.0,3600.0,35.6013041458011,0.04867911795212961,agent_2,0.044367158345741
4,10,4800.0,3900.0,38.49511551941021,0.05259002649541712,agent_0,0.05092458562181589
4,10,4800.0,3900.0,38.49511551941021,0.05259002649541712,agent_1,0.05484928738307661
4,10,4800.0,3900.0,38.49511551941021,0.05259002649541712,agent_2,0.04753091992855404
4,10,5100.0,4200.0,41.372685728032835,0.0564350060919128,agent_0,0.05506794921182677
4,10,5100.0,4200.0,41.372685728032835,0.0564350060919128,agent_1,0.0593215486189561
4,10,5100.0,4200.0,41.372685728032835,0.0564350060919128,agent_2,0.05058634734516169
4,10,5400.0,4500.0,44.233431977512375,0.06020246910839884,agent_0,0.05922002020144844
4,10,5400.0,4500.0,44.233431977512375,0.06020246910839884,agent_1,0.06378620132278495
4,10,5400.0,4500.0,44.233431977512375,0.06020246910839884,agent_2,0.05352773500292653
4,25,900.0,0.0,0.0,0.0,agent_0,0.0
4,25,900.0,0.0,0.0,0.0,agent_1,1.2074182697257333e-06
4,25,900.0,0.0,0.0,0.0,agent_2,0.0
4,25,1200.0,300.0,7.499433643541651,0.010028179796926655,agent_0,0.009123452398189742
4,25,1200.0,300.0,7.499433643541651,0.010028179796926655,agent_1,0.009653975664523702
4,25,1200.0,300.0,7.499433643541651,0.010028179796926655,agent_2,0.01005335675589773
4,25,1500.0,600.0,14.995443782425639,0.02013060274764488,agent_0,0.018374286387135636
4,25,1500.0,600.0,14.995443782425639,0.02013060274764488,agent_1,0.019487112828914223
4,25,1500.0,600.0,14.995443782425639,0.02013060274764488,agent_2,0.0200094892171948
4,25,1800.0,900.0,22.48454761285406,0.030293174527120586,agent_0,0.027749838831564993
4,25,1800.0,900.0,22.48454761285406,0.030293174527120586,agent_1,0.029494460804238256
4,25,1800.0,900.0,22.48454761285406,0.030293174527120586,agent_2,0.029852343277441833
4,25,2100.0,1200.0,29.963219448678526,0.04050092850021947,agent_0,0.037246925616010076
4,25,2100.0,1200.0,29.963219448678526,0.04050092850021947,agent_1,0.039670010071202196
4,25,2100.0,1200.0,29.963219448678526,0.04050092850021947,agent_2,0.039566277522786276
4,25,2400.0,1500.0,37.42791730825051,0.05073797483890179,agent_0,0.04686176521451808
4,25,2400.0,1500.0,37.42791730825051,0.05073797483890179,agent_1,0.050006554046840596
4,25,2400.0,1500.0,37.42791730825051,0.05073797483890179,agent_2,0.049136036823826175
4,25,2700.0,1800.0,44.87511210449109,0.06098744088653923,agent_0,0.05658988849860545
4,25,2700.0,1800.0,44.87511210449109,0.06098744088653923,agent_1,0.060495530968155985
4,25,2700.0,1800.0,44.87511210449109,0.06098744088653923,agent_2,0.05854671506180703
4,25,3000.0,2100.0,52.30132025763576,0.07123138248702802,agent_0,0.06642601516889993
4,25,3000.0,2100.0,52.30132025763576,0.07123138248702802,agent_1,0.07112682448451772
4,25,3000.0,2100.0,52.30132025763576,0.07123138248702802,agent_2,0.06778369002639353
4,25,3300.0,2400.0,59.703139699731096,0.08145074644728413,agent_0,0.07636396398351192
4,25,3300.0,2400.0,59.703139699731096,0.08145074644728413,agent_1,0.0818885985620245
4,25,3300.0,2400.0,59.703139699731096,0.08145074644728413,agent_2,0.07683260308484235
4,25,3600.0,2700.0,67.07728981661452,0.09162528664990442,agent_0,0.08639651288785065
4,25,3600.0,2700.0,67.07728981661452,0.09162528664990442,agent_1,0.09276707258411103
4,25,3600.0,2700.0,67.07728981661452,0.09162528664990442,agent_2,0.08567929507901835
4,25,3900.0,3000.0,74.42065589604833,0.10173347897786131,agent_0,0.09651524512051789
4,25,3900.0,3000.0,74.42065589604833,0.10173347897786131,agent_1,0.10374627797924081
4,25,3900.0,3000.0,74.42065589604833,0.10173347897786131,agent_2,0.0943097411560336
4,25,4200.0,3300.0,81.73033813338832,0.11175245958316471,agent_0,0.10671040130023846
4,25,4200.0,3300.0,81.73033813338832,0.11175245958316471,agent_1,0.11480782067767213
4,25,4200.0,3300.0,81.73033813338832,0.11175245958316471,agent_2,0.10271000490717218
4,25,4500.0,3600.0,89.00370614148716,0.12165793705429506,agent_0,0.11697069297724956
4,25,4500.0,3600.0,89.00370614148716,0.12165793705429506,agent_1,0.12593059960914238
4,25,4500.0,3600.0,89.00370614148716,0.12165793705429506,agent_2,0.11086616916809484
4,25,4800.0,3900.0,96.2384589431457,0.13142410821493553,agent_0,0.12728310093337955
4,25,4800.0,3900.0,96.2384589431457,0.13142410821493553,agent_1,0.13709051024452518
4,25,4800.0,3900.0,96.2384589431457,0.13142410821493553,agent_2,0.11876426960951672
4,25,5100.0,4200.0,103.43269143444343,0.14102357163589627,agent_0,0.13763265117630435
4,25,5100.0,4200.0,103.43269143444343,0.14102357163589627,agent_1,0.14826012732210314
4,25,5100.0,4200.0,103.43269143444343,0.14102357163589627,agent_2,0.1263902259773452
4,25,5400.0,4500.0,110.5849673213009,0.15042723076162437,agent_0,0.1480021584903081
4,25,5400.0,4500.0,110.5849673213009,0.15042723076162437,agent_1,0.15940835834143693
4,25,5400.0,4500.0,110.5849673213009,0.15042723076162437,agent_2,0.1337297644997812
4,50,900.0,0.0,0.0,0.0,agent_0,0.0
4,50,900.0,0.0,0.0,0.0,agent_1,1.2074182697257333e-06
4,50,900.0,0.0,0.0,0.0,agent_2,0.0
4,50,1200.0,300.0,14.998867292384261,0.020056289998977406,agent_0,0.018247028253521647
4,50,1200.0,300.0,14.998867292384261,0.020056289998977406,agent_1,0.01930819418437216
4,50,1200.0,300.0,14.998867292384261,0.020056289998977406,agent_2,0.02010616935120167
4,50,1500.0,600.0,29.990887736598157,0.04026064285671542,agent_0,0.036748886687283995
4,50,1500.0,600.0,29.990887736598157,0.04026064285671542,agent_1,0.038974976320419644
4,50,1500.0,600.0,29.990887736598157,0.04026064285671542,agent_2,0.040016523587103066
4,50,1800.0,900.0,44.96909654760615,0.06058442739790631,agent_0,0.05549996174172689
4,50,1800.0,900.0,44.96909654760615,0.06058442739790631,agent_1,0.05899008679501021
4,50,1800.0,900.0,44.96909654760615,0.06058442739790631,agent_2,0.05969855290033191
4,50,2100.0,1200.0,59.92644454094891,0.08099724956089185,agent_0,0.07449357317484459
4,50,2100.0,1200.0,59.92644454094891,0.08099724956089185,agent_1,0.07934110807161175
4,50,2100.0,1200.0,59.92644454094891,0.08099724956089185,agent_2,0.07912059498794094
4,50,2400.0,1500.0,74.85585205693573,0.10146685224095785,agent_0,0.09372181997136499
4,50,2400.0,1500.0,74.85585205693573,0.10146685224095785,agent_1,0.1000131864368686
4,50,2400.0,1500.0,74.85585205693573,0.10146685224095785,agent_2,0.09825178443404013
4,50,2700.0,1800.0,89.75026813172683,0.12195899832172291,agent_0,0.11317539754963311
4,50,2700.0,1800.0,89.75026813172683,0.12195899832172291,agent_1,0.12098871342611366
4,50,2700.0,1800.0,89.75026813172683,0.12195899832172291,agent_2,0.11706197990608061
4,50,3000.0,2100.0,104.60273654579673,0.1424372961908515,agent_0,0.13284334908540915
4,50,3000.0,2100.0,104.60273654579673,0.1424372961908515,agent_1,0.14224692481694232
4,50,3000.0,2100.0,104.60273654579673,0.1424372961908515,agent_2,0.13552163545760545
4,50,3300.0,2400.0,119.40646867711261,0.16286312805106154,agent_0,0.15271288415650214
4,50,3300.0,2400.0,119.40646867711261,0.16286312805106154,agent_1,0.16376356877969744
4,50,3300.0,2400.0,119.40646867711261,0.16286312805106154,agent_2,0.15360176144855303
4,50,3600.0,2700.0,134.154924236302,0.18319548603248334,agent_0,0.17276909729005982
4,50,3600.0,2700.0,134.154924236302,0.18319548603248334,agent_1,0.18551045516436074
4,50,3600.0,2700.0,134.154924236302,0.18319548603248334,agent_2,0.17127379770984333
4,50,3900.0,3000.0,148.84190100359336,0.2033908065232813,agent_0,0.19299465855198594
4,50,3900.0,3000.0,148.84190100359336,0.2033908065232813,agent_1,0.2074549682341449
4,50,3900.0,3000.0,148.84190100359336,0.2033908065232813,agent_2,0.18850948454376568
4,50,4200.0,3300.0,163.46163364774506,0.22340285198859103,agent_0,0.21336951662736028
4,50,4200.0,3300.0,163.46163364774506,0.22340285198859103,agent_1,0.22955959232342152
4,50,4200.0,3300.0,163.46163364774506,0.22340285198859103,agent_2,0.20528077242601436
4,50,4500.0,3600.0,178.00890349381,0.24318254120784633,agent_0,0.2338705248309018
4,50,4500.0,3600.0,178.00890349381,0.24318254120784633,agent_1,0.2517813508144512
4,50,4500.0,3600.0,178.00890349381,0.24318254120784633,agent_2,0.2215596849100814
4,50,4800.0,3900.0,192.47915916164274,0.2626777878253574,agent_0,0.2544710374524142
4,50,4800.0,3900.0,192.47915916164274,0.2626777878253574,agent_1,0.27407121677875695
4,50,4800.0,3900.0,192.47915916164274,0.2626777878253574,agent_2,0.23731818744887642
4,50,5100.0,4200.0,206.86865001266148,0.28183333508519287,agent_0,0.27514046197361336
4,50,5100.0,4200.0,206.86865001266148,0.28183333508519287,agent_1,0.29637348395113355
4,50,5100.0,4200.0,206.86865001266148,0.28183333508519287,agent_2,0.2525280514550946
4,50,5400.0,4500.0,221.1745723604156,0.3005905709520082,agent_0,0.29584374740034347
4,50,5400.0,4500.0,221.1745723604156,0.3005905709520082,agent_1,0.31862508194039535
4,50,5400.0,4500.0,221.1745723604156,0.3005905709520082,agent_2,0.26716070112829954
4,100,900.0,0.0,0.0,0.0,agent_0,0.0
4,100,900.0,0.0,0.0,0.0,agent_1,1.2074182697257333e-06
4,100,900.0,0.0,0.0,0.0,agent_2,0.0
4,100,1200.0,300.0,29.997734606129665,0.040112299688996884,agent_0,0.03649454863450578
4,100,1200.0,300.0,29.997734606129665,0.040112299688996884,agent_1,0.038617357186198284
4,100,1200.0,300.0,29.997734606129665,0.040112299688996884,agent_2,0.04021015963431595
4,100,1500.0,600.0,59.98177616619804,0.08051901546643567,agent_0,0.07349901410518316
4,100,1500.0,600.0,59.98177616619804,0.08051901546643567,agent_1,0.07795293753284456
4,100,1500.0,600.0,59.98177616619804,0.08051901546643567,agent_2,0.08002321004860682
4,100,1800.0,900.0,89.9381984288757,0.12116110113391117,agent_0,0.11100100762412154
4,100,1800.0,900.0,89.9381984288757,0.12116110113391117,agent_1,0.11798477204323339
4,100,1800.0,900.0,89.9381984288757,0.12116110113391117,agent_2,0.11937251388299464
4,100,2100.0,1200.0,119.85291185076389,0.1619759105977911,agent_0,0.14898590819857555
4,100,2100.0,1200.0,119.85291185076389,0.1619759105977911,agent_1,0.15868641566125824
4,100,2100.0,1200.0,119.85291185076389,0.1619759105977911,agent_2,0.15819322055040044
4,100,2400.0,1500.0,149.7117744674159,0.20289700608303948,agent_0,0.1874365473921153
4,100,2400.0,1500.0,149.7117744674159,0.20289700608303948,agent_1,0.20002638099245507
4,100,2400.0,1500.0,149.7117744674159,0.20289700608303948,agent_2,0.19642217340408757
4,100,2700.0,1800.0,179.50071341575259,0.2438539343380827,agent_0,0.22633283684247532
4,100,2700.0,1800.0,179.50071341575259,0.2438539343380827,agent_1,0.24196749263462036
4,100,2700.0,1800.0,179.50071341575259,0.2438539343380827,agent_2,0.23399777152292706
4,100,3000.0,2100.0,209.20586033238334,0.284771889982948,agent_0,0.26565126392437177
4,100,3000.0,2100.0,209.20586033238334,0.284771889982948,agent_1,0.2844660773868273
4,100,3000.0,2100.0,209.20586033238334,0.284771889982948,agent_2,0.2708597190973128
4,100,3300.0,2400.0,238.8137004359268,0.3255715861733071,agent_0,0.30536452227306915
4,100,3300.0,2400.0,238.8137004359268,0.3255715861733071,agent_1,0.3274712949364218
4,100,3300.0,2400.0,238.8137004359268,0.3255715861733071,agent_2,0.30694895334168565
4,100,3600.0,2700.0,268.3112373882212,0.3661689433582896,agent_0,0.34544094275433085
4,100,3600.0,2700.0,268.3112373882212,0.3661689433582896,agent_1,0.37092423300458566
4,100,3600.0,2700.0,268.3112373882212,0.3661689433582896,agent_2,0.3422073964479866
4,100,3900.0,3000.0,297.68617609941913,0.4064747771051614,agent_0,0.38584386912676627
4,100,3900.0,3000.0,297.68617609941913,0.4064747771051614,agent_1,0.41475693271162684
4,100,3900.0,3000.0,297.68617609941913,0.4064747771051614,agent_2,0.376577703320116
4,100,4200.0,3300.0,326.92712354450407,0.44639458345682254,agent_0,0.4265310599718813
4,100,4200.0,3300.0,326.92712354450407,0.44639458345682254,agent_1,0.4588914441561952
4,100,4200.0,3300.0,326.92712354450407,0.44639458345682254,agent_2,0.41000308622376636
4,100,4500.0,3600.0,356.0238112134301,0.48582822447913876,agent_0,0.4674539380898129
4,100,4500.0,3600.0,356.0238112134301,0.48582822447913876,agent_1,0.5032387139423687
4,100,4500.0,3600.0,356.0238112134301,0.48582822447913876,agent_2,0.44242704630344953
4,100,4800.0,3900.0,384.9673388983408,0.5246696336791095,agent_0,0.508556782776827
4,100,4800.0,3900.0,384.9673388983408,0.5246696336791095,agent_1,0.5476974228548968
4,100,4800.0,3900.0,384.9673388983408,0.5246696336791095,agent_2,0.4737931171994507
4,100,5100.0,4200.0,413.7504435306805,0.5628065175321538,agent_0,0.5497758368925637
4,100,5100.0,4200.0,413.7504435306805,0.5628065175321538,agent_1,0.5921527526017454
4,100,5100.0,4200.0,413.7504435306805,0.5628065175321538,agent_2,0.5040445996139701
4,100,5400.0,4500.0,442.367792781869,0.600120021854343,agent_0,0.5910382900235249
4,100,5400.0,4500.0,442.367792781869,0.600120021854343,agent_1,0.6364750512469073
4,100,5400.0,4500.0,442.367792781869,0.600120021854343,agent_2,0.5331242623325539
5,1,900.0,0.0,0.0,0.0,agent_0,8.537736462515939e-07
5,1,900.0,0.0,0.0,0.0,agent_1,0.0
5,1,900.0,0.0,0.0,0.0,agent_2,8.537736462515939e-07
5,1,1200.0,300.0,0.29998125530605396,0.000375754501706932,agent_0,0.0003435184551470967
5,1,1200.0,300.0,0.29998125530605396,0.000375754501706932,agent_1,0.00035041454135628224
5,1,1200.0,300.0,0.29998125530605396,0.000375754501706932,agent_2,0.00040631643070287836
5,1,1500.0,600.0,0.5998501793469212,0.0007510170755495311,agent_0,0.0006852106659264547
5,1,1500.0,600.0,0.5998501793469212,0.0007510170755495311,agent_1,0.0006984082388381837
5,1,1500.0,600.0,0.5998501793469212,0.0007510170755495311,agent_2,0.0008142919581806288
5,1,1800.0,900.0,0.8994951411859634,0.0011252999005497673,agent_0,0.0010246286890080597
5,1,1800.0,900.0,0.8994951411859634,0.0011252999005497673,agent_1,0.0010435331995973826
5,1,1800.0,900.0,0.8994951411859634,0.0011252999005497673,agent_2,0.0012233849460025644
5,1,2100.0,1200.0,1.1988059061633658,0.0014981180549159332,agent_0,0.0013613345157401416
5,1,2100.0,1200.0,1.1988059061633658,0.0014981180549159332,agent_1,0.0013853487036955886
5,1,2100.0,1200.0,1.1988059061633658,0.0014981180549159332,agent_2,0.001633047605078397
5,1,2400.0,1500.0,1.497674345134139,0.0018689805206353945,agent_0,0.0016948869198695072
5,1,2400.0,1500.0,1.497674345134139,0.0018689805206353945,agent_1,0.0017234135333302762
5,1,2400.0,1500.0,1.497674345134139,0.0018689805206353945,agent_2,0.0020427279853238497
5,1,2700.0,1800.0,1.7959951393072202,0.002237400624935245,agent_0,0.002024855378111438
5,1,2700.0,1800.0,1.7959951393072202,0.002237400624935245,agent_1,0.0020572899760609607
5,1,2700.0,1800.0,1.7959951393072202,0.002237400624935245,agent_2,0.0024518727704278495
5,1,3000.0,2100.0,2.093666502049022,0.002602887716988989,agent_0,0.0023508086430607295
5,1,3000.0,2100.0,2.093666502049022,0.002602887716988989,agent_1,0.0023865401734726992
5,1,3000.0,2100.0,2.093666502049022,0.002602887716988989,agent_2,0.002859923548638101
5,1,3300.0,2400.0,2.3905909037164284,0.002964949859604533,agent_0,0.00267231887782015
5,1,3300.0,2400.0,2.3905909037164284,0.002964949859604533,agent_1,0.0027107286380494366
5,1,3300.0,2400.0,2.3905909037164284,0.002964949859604533,agent_2,0.0032663178256573974
5,1,3600.0,2700.0,2.68667580749657,0.003323095094100235,agent_0,0.0029889614273393757
5,1,3600.0,2700.0,2.68667580749657,0.003323095094100235,agent_1,0.0030294213419266133
5,1,3600.0,2700.0,2.68667580749657,0.003323095094100235,agent_2,0.0036704900769288615
5,1,3900.0,3000.0,2.9818344240988925,0.0036768291164224936,agent_0,0.00330031379608215
5,1,3900.0,3000.0,2.9818344240988925,0.0036768291164224936,agent_1,0.003342184479640077
5,1,3900.0,3000.0,2.9818344240988925,0.0036768291164224936,agent_2,0.00407187199647866
5,1,4200.0,3300.0,3.275986471241918,0.004025654646357083,agent_0,0.003605954612594513
5,1,4200.0,3300.0,3.275986471241918,0.004025654646357083,agent_1,0.0036485831729037785
5,1,4200.0,3300.0,3.275986471241918,0.004025654646357083,agent_2,0.0044698908108759304
5,1,4500.0,3600.0,3.5690589580323526,0.0043690729993783916,agent_0,0.0039054648060615404
5,1,4500.0,3600.0,3.5690589580323526,0.0043690729993783916,agent_1,0.003948183986193434
5,1,4500.0,3600.0,3.5690589580323526,0.0043690729993783916,agent_2,0.004863970943662813
5,1,4800.0,3900.0,3.860986976849414,0.00470658363269513,agent_0,0.004198426328852968
5,1,4800.0,3900.0,3.860986976849414,0.00470658363269513,agent_1,0.004240552578519823
5,1,4800.0,3900.0,3.860986976849414,0.00470658363269513,agent_2,0.005253534683228933
5,1,5100.0,4200.0,4.151714521835351,0.00503768226744152,agent_0,0.004484421188133021
5,1,5100.0,4200.0,4.151714521835351,0.00503768226744152,agent_1,0.0045252533100889275
5,1,5100.0,4200.0,4.151714521835351,0.00503768226744152,agent_2,0.0056380000828917445
5,1,5400.0,4500.0,4.441195316156039,0.005361862183184028,agent_0,0.004763032002813947
5,1,5400.0,4500.0,4.441195316156039,0.005361862183184028,agent_1,0.004801849405664448
5,1,5400.0,4500.0,4.441195316156039,0.005361862183184028,agent_2,0.006016782526134504
5,5,900.0,0.0,0.0,0.0,agent_0,8.537736462515939e-07
5,5,900.0,0.0,0.0,0.0,agent_1,0.0
5,5,900.0,0.0,0.0,0.0,agent_2,8.537736462515939e-07
5,5,1200.0,300.0,1.4999062766024203,0.0018787709566878375,agent_0,0.0017175920636020795
5,5,1200.0,300.0,1.4999062766024203,0.0018787709566878375,agent_1,0.0017520691705173966
5,5,1200.0,300.0,1.4999062766024203,0.0018787709566878375,agent_2,0.002031588073789762
5,5,1500.0,600.0,2.9992508987066993,0.0037550760607201277,agent_0,0.0034260380113189993
5,5,1500.0,600.0,2.9992508987066993,0.0037550760607201277,agent_1,0.0034920149977141863
5,5,1500.0,600.0,2.9992508987066993,0.0037550760607201277,agent_2,0.004071480738641215
5,5,1800.0,900.0,4.49747572079263,0.0056264757966848775,agent_0,0.005123106311026483
5,5,1800.0,900.0,4.49747572079263,0.0056264757966848775,agent_1,0.005217605297924203
5,5,1800.0,900.0,4.49747572079263,0.0056264757966848775,agent_2,0.006116957265032544
5,5,2100.0,1200.0,5.994029593393427,0.007490530334847866,agent_0,0.006806588676680297
5,5,2100.0,1200.0,5.994029593393427,0.007490530334847866,agent_1,0.006926624659620961
5,5,2100.0,1200.0,5.994029593393427,0.007490530334847866,agent_2,0.008165277713458591
5,5,2400.0,1500.0,7.488371916243436,0.009344789742252085,agent_0,0.00847429096030869
5,5,2400.0,1500.0,7.488371916243436,0.009344789742252085,agent_1,0.008616862664857105
5,5,2400.0,1500.0,7.488371916243436,0.009344789742252085,agent_2,0.010213676622807973
5,5,2700.0,1800.0,8.979976169528351,0.01118680812035078,agent_0,0.010124044166431631
5,5,2700.0,1800.0,8.979976169528351,0.01118680812035078,agent_1,0.010286126894611985
5,5,2700.0,1800.0,8.979976169528351,0.01118680812035078,agent_2,0.012259377728527164
5,5,3000.0,2100.0,10.468333529432378,0.013014129828934067,agent_0,0.011753692099734068
5,5,3000.0,2100.0,10.468333529432378,0.013014129828934067,agent_1,0.011932228800629377
5,5,3000.0,2100.0,10.468333529432378,0.013014129828934067,agent_2,0.014299581611690936
5,5,3300.0,2400.0,11.952956498556473,0.014824290773396984,agent_0,0.013361089701594697
5,5,3300.0,2400.0,11.952956498556473,0.014824290773396984,agent_1,0.013552981401459814
5,5,3300.0,2400.0,11.952956498556473,0.014824290773396984,agent_2,0.01633147351427563
5,5,3600.0,2700.0,13.433382590919399,0.01661482537459358,agent_0,0.014944114071895212
5,5,3600.0,2700.0,13.433382590919399,0.01661482537459358,agent_1,0.015146215770159935
5,5,3600.0,2700.0,13.433382590919399,0.01661482537459358,agent_2,0.01835221560372658
5,5,3900.0,3000.0,14.909178110473228,0.01838325775627279,agent_0,0.01650064848121498
5,5,3900.0,3000.0,14.909178110473228,0.01838325775627279,agent_1,0.016709757543937935
5,5,3900.0,3000.0,14.909178110473228,0.01838325775627279,agent_2,0.02035896200387888
5,5,4200.0,3300.0,16.379941953440692,0.02012709818204804,agent_0,0.01802858352633544
5,5,4200.0,3300.0,16.379941953440692,0.02012709818204804,agent_1,0.018241432280333012
5,5,4200.0,3300.0,16.379941953440692,0.02012709818204804,agent_2,0.022348841915241786
5,5,4500.0,3600.0,17.84530953386434,0.021843848910024645,agent_0,0.019525819474172895
5,5,4500.0,3600.0,17.84530953386434,0.021843848910024645,agent_1,0.01973906736534601
5,5,4500.0,3600.0,17.84530953386434,0.021843848910024645,agent_2,0.024318972364117186
5,5,4800.0,3900.0,19.304956746027404,0.023531002943231114,agent_0,0.02099026439422592
5,5,4800.0,3900.0,19.304956746027404,0.023531002943231114,agent_1,0.021200490161030747
5,5,4800.0,3900.0,19.304956746027404,0.023531002943231114,agent_2,0.02626645787881386
5,5,5100.0,4200.0,20.75860405905608,0.02518603686717277,agent_0,0.022419827767779885
5,5,5100.0,4200.0,20.75860405905608,0.02518603686717277,agent_1,0.02262352160289409
5,5,5100.0,4200.0,20.75860405905608,0.02518603686717277,agent_2,0.028188384222563024
5,5,5400.0,4500.0,22.206020654167137,0.02680641333665287,agent_0,0.023812421312482977
5,5,5400.0,4500.0,22.206020654167137,0.02680641333665287,agent_1,0.024005977436455616
5,5,5400.0,4500.0,22.206020654167137,0.02680641333665287,agent_2,0.030081822905549303
5,10,900.0,0.0,0.0,0.0,agent_0,8.537736462515939e-07
5,10,900.0,0.0,0.0,0.0,agent_1,0.0
5,10,900.0,0.0,0.0,0.0,agent_2,8.537736462515939e-07
5,10,1200.0,300.0,2.999812553360977,0.003757539682983156,agent_0,0.0034351775495338383
5,10,1200.0,300.0,2.999812553360977,0.003757539682983156,agent_1,0.003504125964256606
5,10,1200.0,300.0,2.999812553360977,0.003757539682983156,agent_2,0.0040631903207085695
5,10,1500.0,600.0,5.998501802325115,0.007510133926848393,agent_0,0.006852040494415706
5,10,1500.0,600.0,5.998501802325115,0.007510133926848393,agent_1,0.006983970037336331
5,10,1500.0,600.0,5.998501802325115,0.007510133926848393,agent_2,0.008143008075629161
5,10,1800.0,900.0,8.994951478817542,0.011252890198423656,agent_0,0.010246115559455093
5,10,1800.0,900.0,8.994951478817542,0.011252890198423656,agent_1,0.01043505867556027
5,10,1800.0,900.0,8.994951478817542,0.011252890198423656,agent_2,0.012233994834896273
5,10,2100.0,1200.0,11.988059343405068,0.014980915387668582,agent_0,0.013612975213436839
5,10,2100.0,1200.0,11.988059343405068,0.014980915387668582,agent_1,0.013852949261186704
5,10,2100.0,1200.0,11.988059343405068,0.014980915387668582,agent_2,0.016330655586447963
5,10,2400.0,1500.0,14.976744309440033,0.01868929637107668,agent_0,0.016948220801038156
5,10,2400.0,1500.0,14.976744309440033,0.01868929637107668,agent_1,0.017233210958480148
5,10,2400.0,1500.0,14.976744309440033,0.01868929637107668,agent_2,0.020427442429483654
5,10,2700.0,1800.0,17.95995352275644,0.022373128393317822,agent_0,0.020247503962837955
5,10,2700.0,1800.0,17.95995352275644,0.022373128393317822,agent_1,0.020571448277334956
5,10,2700.0,1800.0,17.95995352275644,0.022373128393317822,agent_2,0.024518786575449907
5,10,3000.0,2100.0,20.93666960938019,0.02602748769389568,agent_0,0.023506502780567293
5,10,3000.0,2100.0,20.93666960938019,0.02602748769389568,agent_1,0.02386327532126579
5,10,3000.0,2100.0,20.93666960938019,0.02602748769389568,agent_2,0.028599072773097114
5,10,3300.0,2400.0,23.90591795187897,0.0296474335985034,agent_0,0.026720918394456228
5,10,3300.0,2400.0,23.90591795187897,0.0296474335985034,agent_1,0.02710430920090032
5,10,3300.0,2400.0,23.90591795187897,0.0296474335985034,agent_2,0.032662655010079554
5,10,3600.0,2700.0,26.866774073816124,0.03322802346461595,agent_0,0.029886496360869628
5,10,3600.0,2700.0,26.866774073816124,0.03322802346461595,agent_1,0.03029020409461392
5,10,3600.0,2700.0,26.866774073816124,0.03322802346461595,agent_2,0.03670384196719747
5,10,3900.0,3000.0,29.818371209866754,0.03676429436629238,agent_0,0.03299899577517631
5,10,3900.0,3000.0,29.818371209866754,0.03676429436629238,agent_1,0.03341660400571212
5,10,3900.0,3000.0,29.818371209866754,0.03676429436629238,agent_2,0.04071692575511
5,10,4200.0,3300.0,32.75990792130737,0.040251256257045905,agent_0,0.03605419043753943
5,10,4200.0,3300.0,32.75990792130737,0.040251256257045905,agent_1,0.03647915329994225
5,10,4200.0,3300.0,32.75990792130737,0.040251256257045905,agent_2,0.04469614974594091
5,10,4500.0,3600.0,35.690655958547325,0.04368390389489215,agent_0,0.039047874631668096
5,10,4500.0,3600.0,35.690655958547325,0.04368390389489215,agent_1,0.03947350117508147
5,10,4500.0,3600.0,35.690655958547325,0.04368390389489215,agent_2,0.04863573292004181
5,10,4800.0,3900.0,38.60996819126681,0.04705721411968741,agent_0,0.0419758590380766
5,10,4800.0,3900.0,38.60996819126681,0.04705721411968741,agent_1,0.04239529740026022
5,10,4800.0,3900.0,38.60996819126681,0.04705721411968741,agent_2,0.05252987029859882
5,10,5100.0,4200.0,41.51728680402435,0.05036613204354223,agent_0,0.04483395786926189
5,10,5100.0,4200.0,41.51728680402435,0.05036613204354223,agent_1,0.04524018003377579
5,10,5100.0,4200.0,41.51728680402435,0.05036613204354223,agent_2,0.0563727198507889
5,10,5400.0,4500.0,44.41215157289908,0.05360557572037786,agent_0,0.04761799075631487
5,10,5400.0,4500.0,44.41215157289908,0.05360557572037786,agent_1,0.048003777553783544
5,10,5400.0,4500.0,44.41215157289908,0.05360557572037786,agent_2,0.06015841195487871
5,25,900.0,0.0,0.0,0.0,agent_0,8.537736462515939e-07
5,25,900.0,0.0,0.0,0.0,agent_1,0.0
5,25,900.0,0.0,0.0,0.0,agent_2,8.537736462515939e-07
5,25,1200.0,300.0,7.499531384554761,0.009393831824973248,agent_0,0.008587891149827694
5,25,1200.0,300.0,7.499531384554761,0.009393831824973248,agent_1,0.008760217220516247
5,25,1200.0,300.0,7.499531384554761,0.009393831824973248,agent_2,0.010158082213521687
5,25,1500.0,600.0,14.996254542706918,0.01877519773733224,agent_0,0.017129834185208095
5,25,1500.0,600.0,14.996254542706918,0.01877519773733224,agent_1,0.017459475661974505
5,25,1500.0,600.0,14.996254542706918,0.01877519773733224,agent_2,0.020357867163965693
5,25,1800.0,900.0,22.48737897689014,0.02813176397264819,agent_0,0.025614560946592486
5,25,1800.0,900.0,22.48737897689014,0.02813176397264819,agent_1,0.026086506551353972
5,25,1800.0,900.0,22.48737897689014,0.02813176397264819,agent_2,0.030585588550850164
5,25,2100.0,1200.0,29.97014953585105,0.03745119635008305,agent_0,0.03403092133312783
5,25,2100.0,1200.0,29.97014953585105,0.03745119635008305,agent_1,0.03463012161006588
5,25,2100.0,1200.0,29.97014953585105,0.03745119635008305,agent_2,0.040827386550891645
5,25,2400.0,1500.0,37.44186435884121,0.046721112969704194,agent_0,0.042367839996442155
5,25,2400.0,1500.0,37.44186435884121,0.046721112969704194,agent_1,0.04307916508842609
5,25,2400.0,1500.0,37.44186435884121,0.046721112969704194,agent_2,0.051069268214908044
5,25,2700.0,1800.0,44.89989270456902,0.05592915434737087,agent_0,0.05061437092862321
5,25,2700.0,1800.0,44.89989270456902,0.05592915434737087,agent_1,0.05142257374831163
5,25,2700.0,1800.0,44.89989270456902,0.05592915434737087,agent_2,0.06129718817800723
5,25,3000.0,2100.0,52.341693194464135,0.0650629164312073,agent_0,0.05875963762749771
5,25,3000.0,2100.0,52.341693194464135,0.0650629164312073,agent_1,0.059649312689811475
5,25,3000.0,2100.0,52.341693194464135,0.0650629164312073,agent_2,0.07149698494387274
5,25,3300.0,2400.0,59.764832120399014,0.07410995596370194,agent_0,0.06679282537870082
5,25,3300.0,2400.0,59.764832120399014,0.07410995596370194,agent_1,0.06774835916011536
5,25,3300.0,2400.0,59.764832120399014,0.07410995596370194,agent_2,0.08165442107541793
5,25,3600.0,2700.0,67.16700201393607,0.08305782859652293,agent_0,0.07470323541356336
5,25,3600.0,2700.0,67.16700201393607,0.08305782859652293,agent_1,0.07570878859023392
5,25,3600.0,2700.0,67.16700201393607,0.08305782859652293,agent_2,0.09175514759813745
5,25,3900.0,3000.0,74.54604066921617,0.091894043398538,agent_0,0.08248020731761598
5,25,3900.0,3000.0,74.54604066921617,0.091894043398538,agent_1,0.08351965591495206
5,25,3900.0,3000.0,74.54604066921617,0.091894043398538,agent_2,0.10178477665751408
5,25,4200.0,3300.0,81.89995026633828,0.10060604634050822,agent_0,0.0901131225156015
5,25,4200.0,3300.0,81.89995026633828,0.10060604634050822,agent_1,0.09117002314282834
5,25,4200.0,3300.0,81.89995026633828,0.10060604634050822,agent_2,0.11172880154131434
5,25,4500.0,3600.0,89.22691710177243,0.10918125105289601,agent_0,0.0975914195378416
5,25,4500.0,3600.0,89.22691710177243,0.10918125105289601,agent_1,0.09864897047198098
5,25,4500.0,3600.0,89.22691710177243,0.10918125105289601,agent_2,0.12157265860431911
5,25,4800.0,3900.0,96.52533146610148,0.11760703190886448,agent_0,0.10490458354437257
5,25,4800.0,3900.0,96.52533146610148,0.11760703190886448,agent_1,0.10594558631121252
5,25,4800.0,3900.0,96.52533146610148,0.11760703190886448,agent_2,0.13130172879835858
5,25,5100.0,4200.0,103.7938081722726,0.12587069057289416,agent_0,0.11204211493052574
5,25,5100.0,4200.0,103.7938081722726,0.12587069057289416,agent_1,0.11304893653251923
5,25,5100.0,4200.0,103.7938081722726,0.12587069057289416,agent_2,0.14090130615520663
5,25,5400.0,4500.0,111.0312072642508,0.1339594680851022,agent_0,0.11899353415595988
5,25,5400.0,4500.0,111.0312072642508,0.1339594680851022,agent_1,0.11994807057350633
5,25,5400.0,4500.0,111.0312072642508,0.1339594680851022,agent_2,0.1503566217620344
5,50,900.0,0.0,0.0,0.0,agent_0,8.537736462515939e-07
5,50,900.0,0.0,0.0,0.0,agent_1,0.0
5,50,900.0,0.0,0.0,0.0,agent_2,8.537736462515939e-07
5,50,1200.0,300.0,14.99906277297185,0.018787606330298242,agent_0,0.017175607263359895
5,50,1200.0,300.0,14.99906277297185,0.018787606330298242,agent_1,0.017520108184857903
5,50,1200.0,300.0,14.99906277297185,0.018787606330298242,agent_2,0.02031651920638084
5,50,1500.0,600.0,29.992509208983442,0.03754993686190775,agent_0,0.034258776496460065
5,50,1500.0,600.0,29.992509208983442,0.03754993686190775,agent_1,0.03491745152263594
5,50,1500.0,600.0,29.992509208983442,0.03754993686190775,agent_2,0.04071688865242973
5,50,1800.0,900.0,44.97475889097474,0.05626198224419025,agent_0,0.051226690031165714
5,50,1800.0,900.0,44.97475889097474,0.05626198224419025,agent_1,0.052169207691722286
5,50,1800.0,900.0,44.97475889097474,0.05626198224419025,agent_2,0.06117317273738577
5,50,2100.0,1200.0,59.94030301429078,0.07489873562302433,agent_0,0.06805677470373525
5,50,2100.0,1200.0,59.94030301429078,0.07489873562302433,agent_1,0.06925272601247641
5,50,2100.0,1200.0,59.94030301429078,0.07489873562302433,agent_2,0.08165724281378012
5,50,2400.0,1500.0,74.88374072294245,0.0934351003198104,agent_0,0.08472661690989527
5,50,2400.0,1500.0,74.88374072294245,0.0934351003198104,agent_1,0.0861454328119506
5,50,2400.0,1500.0,74.88374072294245,0.0934351003198104,agent_2,0.10214070031735416
5,50,2700.0,1800.0,89.79981520101269,0.11184603172350045,agent_0,0.10121407302776542
5,50,2700.0,1800.0,89.79981520101269,0.11184603172350045,agent_1,0.1028249529109078
5,50,2700.0,1800.0,89.79981520101269,0.11184603172350045,agent_2,0.1225950405663104
5,50,3000.0,2100.0,104.6834505732921,0.13010640514731034,agent_0,0.11749715121782527
5,50,3000.0,2100.0,104.6834505732921,0.13010640514731034,agent_1,0.11926898249906304
5,50,3000.0,2100.0,104.6834505732921,0.13010640514731034,agent_2,0.14299152763094153
5,50,3300.0,2400.0,119.52978891003269,0.1481910282025241,agent_0,0.13355399704866744
5,50,3300.0,2400.0,119.52978891003269,0.1481910282025241,agent_1,0.13545525796713398
5,50,3300.0,2400.0,119.52978891003269,0.1481910282025241,agent_2,0.16330127689206106
5,50,3600.0,2700.0,134.33422772491258,0.16607471950732683,agent_0,0.1493630035741952
5,50,3600.0,2700.0,134.33422772491258,0.16607471950732683,agent_1,0.15136172977264462
5,50,3600.0,2700.0,134.33422772491258,0.16607471950732683,agent_2,0.18349518734914871
5,50,3900.0,3000.0,149.0924583445295,0.1837322187016956,agent_0,0.1649026566777891
5,50,3900.0,3000.0,149.0924583445295,0.1837322187016956,agent_1,0.16696632569688655
5,50,3900.0,3000.0,149.0924583445295,0.1837322187016956,agent_2,0.2035440880846026
5,50,4200.0,3300.0,163.80050443669757,0.20113815567739088,agent_0,0.18015154364492206
5,50,4200.0,3300.0,163.80050443669757,0.20113815567739088,agent_1,0.1822470076455839
5,50,4200.0,3300.0,163.80050443669757,0.20113815567739088,agent_2,0.22341858167395126
5,50,4500.0,3600.0,178.45476170765093,0.21826711388048317,agent_0,0.19508838486609642
5,50,4500.0,3600.0,178.45476170765093,0.21826711388048317,agent_1,0.1971817950191114
5,50,4500.0,3600.0,178.45476170765093,0.21826711388048317,agent_2,0.24308917041535757
5,50,4800.0,3900.0,193.05203783513394,0.23509361828411418,agent_0,0.20969201390280254
5,50,4800.0,3900.0,193.05203783513394,0.23509361828411418,agent_1,0.2117487460160231
5,50,4800.0,3900.0,193.05203783513394,0.23509361828411418,agent_2,0.2625262618730328
5,50,5100.0,4200.0,207.58959364526808,0.2515920704150144,agent_0,0.2239413159447251
5,50,5100.0,4200.0,207.58959364526808,0.2515920704150144,agent_1,0.22592589735954444
5,50,5100.0,4200.0,207.58959364526808,0.2515920704150144,agent_2,0.2817001086430297
5,50,5400.0,4500.0,222.06518457995236,0.26773677429333437,agent_0,0.23781523857460932
5,50,5400.0,4500.0,222.06518457995236,0.26773677429333437,agent_1,0.2396912777620712
5,50,5400.0,4500.0,222.06518457995236,0.26773677429333437,agent_2,0.3005808587536197
5,100,900.0,0.0,0.0,0.0,agent_0,8.537736462515939e-07
5,100,900.0,0.0,0.0,0.0,agent_1,0.0
5,100,900.0,0.0,0.0,0.0,agent_2,8.537736462515939e-07
5,100,1200.0,300.0,29.998125561535293,0.03757498114063672,agent_0,0.03435051262206919
5,100,1200.0,300.0,29.998125561535293,0.03757498114063672,agent_1,0.03503890959935324
5,100,1200.0,300.0,29.998125561535293,0.03757498114063672,agent_2,0.04063445502288258
5,100,1500.0,600.0,59.985018916567775,0.07509802323971447,agent_0,0.06851397361043506
5,100,1500.0,600.0,59.985018916567775,0.07509802323971447,agent_1,0.06982889151846791
5,100,1500.0,600.0,59.985018916567775,0.07509802323971447,agent_2,0.08143837447164494
5,100,1800.0,900.0,89.94952156334247,0.1125177278611784,agent_0,0.10244361320831485
5,100,1800.0,900.0,89.94952156334247,0.1125177278611784,agent_1,0.10432315375747682
5,100,1800.0,900.0,89.94952156334247,0.1125177278611784,agent_2,0.12235425897517127
5,100,2100.0,1200.0,119.88062193468642,0.1497827170143111,agent_0,0.13609318620150052
5,100,2100.0,1200.0,119.88062193468642,0.1497827170143111,agent_1,0.1384752917382631
5,100,2100.0,1200.0,119.88062193468642,0.1497827170143111,agent_2,0.163324199287427
5,100,2400.0,1500.0,149.7675298748237,0.1868414560328733,agent_0,0.16941680778414864
5,100,2400.0,1500.0,149.7675298748237,0.1868414560328733,agent_1,0.1722391045679455
5,100,2400.0,1500.0,149.7675298748237,0.1868414560328733,agent_2,0.20428973157822206
5,100,2700.0,1800.0,179.59975056544172,0.22364254508145362,agent_0,0.20236918017644961
5,100,2700.0,1800.0,179.59975056544172,0.22364254508145362,agent_1,0.20556884379061513
5,100,2700.0,1800.0,179.59975056544172,0.22364254508145362,agent_2,0.24519217549492467
5,100,3000.0,2100.0,209.36715998796208,0.26013446244311084,agent_0,0.23490536173391618
5,100,3000.0,2100.0,209.36715998796208,0.26013446244311084,agent_1,0.2384189647985444
5,100,3000.0,2100.0,209.36715998796208,0.26013446244311084,agent_2,0.28597239368316363
5,100,3300.0,2400.0,239.06008049021787,0.2962655959267176,agent_0,0.26698074281025047
5,100,3300.0,2400.0,239.06008049021787,0.2962655959267176,agent_1,0.2707440691095644
5,100,3300.0,2400.0,239.06008049021787,0.2962655959267176,agent_2,0.3265709660133159
5,100,3600.0,2700.0,268.6693572132076,0.33198441098353526,agent_0,0.29855127333546116
5,100,3600.0,2700.0,268.6693572132076,0.33198441098353526,agent_1,0.30249925966818486
5,100,3600.0,2700.0,268.6693572132076,0.33198441098353526,agent_2,0.36692806872817196
5,100,3900.0,3000.0,298.1864361112436,0.36723927432914155,agent_0,0.3295731556241291
5,100,3900.0,3000.0,298.1864361112436,0.36723927432914155,agent_1,0.33363966968493475
5,100,3900.0,3000.0,298.1864361112436,0.36723927432914155,agent_2,0.40698377277588815
5,100,4200.0,3300.0,327.6034421149303,0.40197840246052036,agent_0,0.36000286819306104
5,100,4200.0,3300.0,327.6034421149303,0.40197840246052036,agent_1,0.36412058321033974
5,100,4200.0,3300.0,327.6034421149303,0.40197840246052036,agent_2,0.446677744209897
5,100,4500.0,3600.0,356.91325943752497,0.43614999517359193,agent_0,0.3897972334562541
5,100,4500.0,3600.0,356.91325943752497,0.43614999517359193,agent_1,0.39389748632041843
5,100,4500.0,3600.0,356.91325943752497,0.43614999517359193,agent_2,0.48594950681141214
5,100,4800.0,3900.0,386.1096121172233,0.4697022189596682,agent_0,0.4189133824539657
5,100,4800.0,3900.0,386.1096121172233,0.4697022189596682,agent_1,0.42292603465463746
5,100,4800.0,3900.0,386.1096121172233,0.4697022189596682,agent_2,0.5247384638322176
5,100,5100.0,4200.0,415.18714680410113,0.5025830848615206,agent_0,0.4473086364833092
5,100,5100.0,4200.0,415.18714680410113,0.5025830848615206,agent_1,0.4511619379754988
5,100,5100.0,4200.0,415.18714680410113,0.5025830848615206,agent_2,0.5629837884417224
5,100,5400.0,4500.0,444.14151583991736,0.5347405077606406,agent_0,0.4749405330387007
5,100,5400.0,4500.0,444.14151583991736,0.5347405077606406,agent_1,0.4785609918454764
5,100,5400.0,4500.0,444.14151583991736,0.5347405077606406,agent_2,0.6006245352503227
6,1,900.0,0.0,0.0,0.0,agent_0,8.537736462515939e-07
6,1,900.0,0.0,0.0,0.0,agent_1,1.4787793334710982e-06
6,1,900.0,0.0,0.0,0.0,agent_2,8.537736462515939e-07
6,1,1200.0,300.0,0.29996282386909157,0.0004708474578017905,agent_0,0.00044860747983618805
6,1,1200.0,300.0,0.29996282386909157,0.0004708474578017905,agent_1,0.0004886517357503229
6,1,1200.0,300.0,0.29996282386909157,0.0004708474578017905,agent_2,0.00043262826082167026
6,1,1500.0,600.0,0.5997054810320029,0.0009354990732004309,agent_0,0.0009002038068338411
6,1,1500.0,600.0,0.5997054810320029,0.0009354990732004309,agent_1,0.0009815827850843135
6,1,1500.0,600.0,0.5997054810320029,0.0009354990732004309,agent_2,0.0008512842550661791
6,1,1800.0,900.0,0.8990171575168023,0.0013925438147689684,agent_0,0.001353642432592587
6,1,1800.0,900.0,0.8990171575168023,0.0013925438147689684,agent_1,0.0014768759053527584
6,1,1800.0,900.0,0.8990171575168023,0.0013925438147689684,agent_2,0.0012557086151385782
6,1,2100.0,1200.0,1.197699879774841,0.0018406648982210536,agent_0,0.0018077543592913503
6,1,2100.0,1200.0,1.197699879774841,0.0018406648982210536,agent_1,0.001972572275581836
6,1,2100.0,1200.0,1.197699879774841,0.0018406648982210536,agent_2,0.0016457241679794531
6,1,2400.0,1500.0,1.4955711347871152,0.0022786386903211947,agent_0,0.0022613464686984117
6,1,2400.0,1500.0,1.4955711347871152,0.0022786386903211947,agent_1,0.0024666763296232316
6,1,2400.0,1500.0,1.4955711347871152,0.0022786386903211947,agent_2,0.0020212230522418753
6,1,2700.0,1800.0,1.7924661810966622,0.0027053327910001633,agent_0,0.0027132064096219875
6,1,2700.0,1800.0,1.7924661810966622,0.0027053327910001633,agent_1,0.0029571651625581027
6,1,2700.0,1800.0,1.7924661810966622,0.0027053327910001633,agent_2,0.002382155158837372
6,1,3000.0,2100.0,2.0882400906293936,0.0031197035071625356,agent_0,0.0031620964783311786
6,1,3000.0,2100.0,2.0882400906293936,0.0031197035071625356,agent_1,0.0034419970058132605
6,1,3000.0,2100.0,2.0882400906293936,0.0031197035071625356,agent_2,0.0027285185860372184
6,1,3300.0,2400.0,2.3827695251663004,0.00352079119982923,agent_0,0.0036067567399331317
6,1,3300.0,2400.0,2.3827695251663004,0.00352079119982923,agent_1,0.0039191231013216985
6,1,3300.0,2400.0,2.3827695251663004,0.00352079119982923,agent_2,0.0030603497000999983
6,1,3600.0,2700.0,2.6759542716544047,0.003907717875864583,agent_0,0.004045903053351011
6,1,3600.0,2700.0,2.6759542716544047,0.003907717875864583,agent_1,0.00438649872847695
6,1,3600.0,2700.0,2.6759542716544047,0.003907717875864583,agent_2,0.0033777169483985353
6,1,3900.0,3000.0,2.9677185590465798,0.00427968337026924,agent_0,0.0044782294788673705
6,1,3900.0,3000.0,2.9677185590465798,0.00427968337026924,agent_1,0.004842096378006685
6,1,3900.0,3000.0,2.9677185590465798,0.00427968337026924,agent_2,0.003680713349199936
6,1,4200.0,3300.0,3.2580121558408366,0.004635961419182851,agent_0,0.004902408647235979
6,1,4200.0,3300.0,3.2580121558408366,0.004635961419182851,agent_1,0.005283917913292354
6,1,4200.0,3300.0,3.2580121558408366,0.004635961419182851,agent_2,0.003969450503860292
6,1,4500.0,3600.0,3.5468112805543344,0.004975896236408383,agent_0,0.005317094375283426
6,1,4500.0,3600.0,3.5468112805543344,0.004975896236408383,agent_1,0.005710008212721347
6,1,4500.0,3600.0,3.5468112805543344,0.004975896236408383,agent_2,0.004244055038119652
6,1,4800.0,3900.0,3.8341193167123233,0.005298899005229957,agent_0,0.005720924682271247
6,1,4800.0,3900.0,3.8341193167123233,0.005298899005229957,agent_1,0.006118470299285004
6,1,4800.0,3900.0,3.8341193167123233,0.005298899005229957,agent_2,0.004504663325383192
6,1,5100.0,4200.0,4.119967361398193,0.005604443549801371,agent_0,0.006112525031451039
6,1,5100.0,4200.0,4.119967361398193,0.005604443549801371,agent_1,0.006507476905031677
6,1,5100.0,4200.0,4.119967361398193,0.005604443549801371,agent_2,0.004751418256272516
6,1,5400.0,4500.0,4.4044145960422645,0.00589206340517344,agent_0,0.00649051293492181
6,1,5400.0,4500.0,4.4044145960422645,0.00589206340517344,agent_1,0.00687528571269939
6,1,5400.0,4500.0,4.4044145960422645,0.00589206340517344,agent_2,0.004984465603078653
6,5,900.0,0.0,0.0,0.0,agent_0,8.537736462515939e-07
6,5,900.0,0.0,0.0,0.0,agent_1,1.4787793334710982e-06
6,5,900.0,0.0,0.0,0.0,agent_2,8.537736462515939e-07
6,5,1200.0,300.0,1.49981411958551,0.002354234192921348,agent_0,0.002243039511650201
6,5,1200.0,300.0,1.49981411958551,0.002354234192921348,agent_1,0.002443272701016155
6,5,1200.0,300.0,1.49981411958551,0.002354234192921348,agent_2,0.0021631317003583264
6,5,1500.0,600.0,2.9985274125649055,0.004677480017224802,agent_0,0.004501041141079759
6,5,1500.0,600.0,2.9985274125649055,0.004677480017224802,agent_1,0.004907942145815654
6,5,1500.0,600.0,2.9985274125649055,0.004677480017224802,agent_2,0.004256371441046276
6,5,1800.0,900.0,4.495085842753887,0.006962663120745171,agent_0,0.00676824625337709
6,5,1800.0,900.0,4.495085842753887,0.006962663120745171,agent_1,0.007384416696775566
6,5,1800.0,900.0,4.495085842753887,0.006962663120745171,agent_2,0.006278417574974564
6,5,2100.0,1200.0,5.988499626493208,0.00920319187449166,agent_0,0.009038800192360147
6,5,2100.0,1200.0,5.988499626493208,0.00920319187449166,agent_1,0.009862889732696679
6,5,2100.0,1200.0,5.988499626493208,0.00920319187449166,agent_2,0.0082283806459203
6,5,2400.0,1500.0,7.477856353159142,0.011392936749474987,agent_0,0.01130673023364007
6,5,2400.0,1500.0,7.477856353159142,0.011392936749474987,agent_1,0.012333360807896737
6,5,2400.0,1500.0,7.477856353159142,0.011392936749474987,agent_2,0.010105716905416822
6,5,2700.0,1800.0,8.962332555937607,0.013526231712944444,agent_0,0.013565961098430663
6,5,2700.0,1800.0,8.962332555937607,0.013526231712944444,agent_1,0.014785702776202002
6,5,2700.0,1800.0,8.962332555937607,0.013526231712944444,agent_2,0.011910175313505444
6,5,3000.0,2100.0,10.441203932414535,0.01559784684208134,agent_0,0.015810295209597452
6,5,3000.0,2100.0,10.441203932414535,0.01559784684208134,agent_1,0.017209691356529697
6,5,3000.0,2100.0,10.441203932414535,0.01559784684208134,agent_2,0.01364174154756006
6,5,3300.0,2400.0,11.913854233636949,0.017602978850726276,agent_0,0.018033418409086274
6,5,3300.0,2400.0,11.913854233636949,0.017602978850726276,agent_1,0.01959506752506426
6,5,3300.0,2400.0,11.913854233636949,0.017602978850726276,agent_2,0.015300597805249757
6,5,3600.0,2700.0,13.379782943364386,0.019537234053756704,agent_0,0.020228902365509484
6,5,3600.0,2700.0,13.379782943364386,0.019537234053756704,agent_1,0.02193159683592773
6,5,3600.0,2700.0,13.379782943364386,0.019537234053756704,agent_2,0.016887085620581298
6,5,3900.0,3000.0,14.83861185994243,0.021396607499566296,agent_0,0.022390205290482648
6,5,3900.0,3000.0,14.83861185994243,0.021396607499566296,agent_1,0.024209128188266885
6,5,3900.0,3000.0,14.83861185994243,0.021396607499566296,agent_2,0.018401669518209235
6,5,4200.0,3300.0,16.290090578025293,0.023177466847123837,agent_0,0.024510682153842105
6,5,4200.0,3300.0,16.290090578025293,0.023177466847123837,agent_1,0.026417662304296898
6,5,4200.0,3300.0,16.290090578025293,0.023177466847123837,agent_2,0.019844911132099533
6,5,4500.0,3600.0,17.73410103036784,0.024876531825583612,agent_0,0.026583593169930825
6,5,4500.0,3600.0,17.73410103036784,0.024876531825583612,agent_1,0.028547417122563947
6,5,4500.0,3600.0,17.73410103036784,0.024876531825583612,agent_2,0.021217442652330176
6,5,4800.0,3900.0,19.170661048507345,0.026490858829075866,agent_0,0.0286021217372883
6,5,4800.0,3900.0,19.170661048507345,0.026490858829075866,agent_1,0.03058890105802617
6,5,4800.0,3900.0,19.170661048507345,0.026490858829075866,agent_2,0.02251994820392864
6,5,5100.0,4200.0,20.599927087659033,0.028017818792794823,agent_0,0.030559388244194925
6,5,5100.0,4200.0,20.599927087659033,0.028017818792794823,agent_1,0.0325329766543763
6,5,5100.0,4200.0,20.599927087659033,0.028017818792794823,agent_2,0.023753143308581366
6,5,5400.0,4500.0,22.022196059093343,0.02945508238124563,agent_0,0.0324484754017586
6,5,5400.0,4500.0,22.022196059093343,0.02945508238124563,agent_1,0.03437093259202392
6,5,5400.0,4500.0,22.022196059093343,0.02945508238124563,agent_2,0.024917761697323768
6,10,900.0,0.0,0.0,0.0,agent_0,8.537736462515939e-07
6,10,900.0,0.0,0.0,0.0,agent_1,1.4787793334710982e-06
6,10,900.0,0.0,0.0,0.0,agent_2,8.537736462515939e-07
6,10,1200.0,300.0,2.9996282397617593,0.004708462968398147,agent_0,0.004486097222664846
6,10,1200.0,300.0,2.9996282397617593,0.004708462968398147,agent_1,0.004886568897473156
6,10,1200.0,300.0,2.9996282397617593,0.004708462968398147,agent_2,0.004326234336971717
6,10,1500.0,600.0,5.997054843676268,0.009354916446442402,agent_0,0.009002136986486838
6,10,1500.0,600.0,5.997054843676268,0.009354916446442402,agent_1,0.0098159531767199
6,10,1500.0,600.0,5.997054843676268,0.009354916446442402,agent_2,0.00851261346020686
6,10,1800.0,900.0,8.990171823565545,0.013925181975823835,agent_0,0.01353657446169262
6,10,1800.0,900.0,8.990171823565545,0.013925181975823835,agent_1,0.014768930852492389
6,10,1800.0,900.0,8.990171823565545,0.013925181975823835,agent_2,0.0125565184417583
6,10,2100.0,1200.0,11.976999822530095,0.018406048673443125,agent_0,0.018077671791031338
6,10,2100.0,1200.0,11.976999822530095,0.018406048673443125,agent_1,0.0197258500449193
6,10,2100.0,1200.0,11.976999822530095,0.018406048673443125,agent_2,0.016456159217997965
6,10,2400.0,1500.0,14.955714405736963,0.022785232802636064,agent_0,0.02261345541986817
6,10,2400.0,1500.0,14.955714405736963,0.022785232802636064,agent_1,0.024666669955480364
6,10,2400.0,1500.0,14.955714405736963,0.022785232802636064,agent_2,0.020210438447296364
6,10,2700.0,1800.0,17.924669241212335,0.027051380847036424,agent_0,0.02713174597004293
6,10,2700.0,1800.0,17.924669241212335,0.027051380847036424,agent_1,0.029571097304611185
6,10,2700.0,1800.0,17.924669241212335,0.027051380847036424,agent_2,0.023818847458718095
6,10,3000.0,2100.0,20.882416569352372,0.031194014903907323,agent_0,0.03162012005647008
6,10,3000.0,2100.0,20.882416569352372,0.031194014903907323,agent_1,0.0344186460396559
6,10,3000.0,2100.0,20.882416569352372,0.031194014903907323,agent_2,0.027281352908376133
6,10,3300.0,2400.0,23.827724998302205,0.03520351338432576,agent_0,0.03606592195920013
6,10,3300.0,2400.0,23.827724998302205,0.03520351338432576,agent_1,0.03918876282069185
6,10,3300.0,2400.0,23.827724998302205,0.03520351338432576,agent_2,0.030598316803329084
6,10,3600.0,2700.0,26.75959486833003,0.039071077686850086,agent_0,0.04045626842549527
6,10,3600.0,2700.0,26.75959486833003,0.039071077686850086,agent_1,0.043860946699656886
6,10,3600.0,2700.0,26.75959486833003,0.039071077686850086,agent_2,0.03377042111387629
6,10,3900.0,3000.0,29.677271410499056,0.042788689634857775,agent_0,0.04477805079005682
6,10,3900.0,3000.0,29.677271410499056,0.042788689634857775,agent_1,0.048414866828397546
6,10,3900.0,3000.0,29.677271410499056,0.042788689634857775,agent_2,0.036798596127049124
6,10,4200.0,3300.0,32.58025569437258,0.04634907982270024,agent_0,0.049017955845792445
6,10,4200.0,3300.0,32.58025569437258,0.04634907982270024,agent_1,0.05283050108387657
6,10,4200.0,3300.0,32.58025569437258,0.04634907982270024,agent_2,0.03968396706248968
6,10,4500.0,3600.0,35.46831368541811,0.04974568596406781,agent_0,0.053162482907527085
6,10,4500.0,3600.0,35.46831368541811,0.04974568596406781,agent_1,0.05708826693636667
6,10,4500.0,3600.0,35.46831368541811,0.04974568596406781,agent_2,0.04242780157874412
6,10,4800.0,3900.0,38.34148333045102,0.05297262244034694,agent_0,0.057197980630245025
6,10,4800.0,3900.0,38.34148333045102,0.05297262244034694,agent_1,0.061169168676461626
6,10,4800.0,3900.0,38.34148333045102,0.05297262244034694,agent_2,0.045031472519828114
6,10,5100.0,4200.0,41.20007996238619,0.05602463542391342,agent_0,0.061110674476725704
6,10,5100.0,4200.0,41.20007996238619,0.05602463542391342,agent_1,0.06505492533234358
6,10,5100.0,4200.0,41.20007996238619,0.05602463542391342,agent_2,0.04749641601851365
6,10,5400.0,4500.0,44.044699911430435,0.05889707360552279,agent_0,0.064886718249537
6,10,5400.0,4500.0,44.044699911430435,0.05889707360552279,agent_1,0.06872811497358029
6,10,5400.0,4500.0,44.044699911430435,0.05889707360552279,agent_2,0.04982410585599184
6,25,900.0,0.0,0.0,0.0,agent_0,8.537736462515939e-07
6,25,900.0,0.0,0.0,0.0,agent_1,1.4787793334710982e-06
6,25,900.0,0.0,0.0,0.0,agent_2,8.537736462515939e-07
6,25,1200.0,300.0,7.499070603823363,0.011771115964013206,agent_0,0.011215379461892418
6,25,1200.0,300.0,7.499070603823363,0.011771115964013206,agent_1,0.012216597782731245
6,25,1200.0,300.0,7.499070603823363,0.011771115964013206,agent_2,0.010815364566639122
6,25,1500.0,600.0,14.992637248536896,0.023386964093922318,agent_0,0.02250575221395082
6,25,1500.0,600.0,14.992637248536896,0.023386964093922318,agent_1,0.02454039783600997
6,25,1500.0,600.0,14.992637248536896,0.023386964093922318,agent_2,0.021280558751024352
6,25,1800.0,900.0,22.475430596257613,0.03481187147509199,agent_0,0.033842048384889536
6,25,1800.0,900.0,22.475430596257613,0.03481187147509199,agent_1,0.036923056889703765
6,25,1800.0,900.0,22.475430596257613,0.03481187147509199,agent_2,0.03138891930558153
6,25,2100.0,1200.0,29.942503835693707,0.04601260409701643,agent_0,0.04519471128482613
6,25,2100.0,1200.0,29.942503835693707,0.04601260409701643,agent_1,0.04931514932497937
6,25,2100.0,1200.0,29.942503835693707,0.04601260409701643,agent_2,0.04113587966966834
6,25,2400.0,1500.0,37.38929878246353,0.056958268079570225,agent_0,0.056533591989161344
6,25,2400.0,1500.0,37.38929878246353,0.056958268079570225,agent_1,0.06166627631583415
6,25,2400.0,1500.0,37.38929878246353,0.056958268079570225,agent_2,0.050518626468334694
6,25,2700.0,1800.0,44.81170412564384,0.06762031885814836,agent_0,0.0678280279721237
6,25,2700.0,1800.0,44.81170412564384,0.06762031885814836,agent_1,0.07392541200481824
6,25,2700.0,1800.0,44.81170412564384,0.06762031885814836,agent_2,0.05953583741830135
6,25,3000.0,2100.0,52.206106813494735,0.07797242553481483,agent_0,0.07904674874798734
6,25,3000.0,2100.0,52.206106813494735,0.07797242553481483,agent_1,0.0860410596771253
6,25,3000.0,2100.0,52.206106813494735,0.07797242553481483,agent_2,0.06818739506876902
6,25,3300.0,2400.0,59.569436669692294,0.08799042302145847,agent_0,0.09015790827771317
6,25,3300.0,2400.0,59.569436669692294,0.08799042302145847,agent_1,0.09796157121718327
6,25,3300.0,2400.0,59.569436669692294,0.08799042302145847,agent_2,0.07647418606779141
6,25,3600.0,2700.0,66.8992048472733,0.0976522293057711,agent_0,0.1011290996782564
6,25,3600.0,2700.0,66.8992048472733,0.0976522293057711,agent_1,0.10963545283489885
6,25,3600.0,2700.0,66.8992048472733,0.0976522293057711,agent_2,0.08439790985432641
6,25,3900.0,3000.0,74.1935366859001,0.10693773844479228,agent_0,0.11192736349247999
6,25,3900.0,3000.0,74.1935366859001,0.10693773844479228,agent_1,0.1210116652868178
6,25,3900.0,3000.0,74.1935366859001,0.10693773844479228,agent_2,0.09196089838415358
6,25,4200.0,3300.0,81.45119896011339,0.11582874126174744,agent_0,0.1225192425569522
6,25,4200.0,3300.0,81.45119896011339,0.11582874126174744,agent_1,0.13203997606734313
6,25,4200.0,3300.0,81.45119896011339,0.11582874126174744,agent_2,0.09916598119177288
6,25,4500.0,3600.0,88.6716223246406,0.12430882053695673,agent_0,0.13287082848113285
6,25,4500.0,3600.0,88.6716223246406,0.12430882053695673,agent_1,0.14267129178746513
6,25,4500.0,3600.0,88.6716223246406,0.12430882053695673,agent_2,0.10601635294657051
6,25,4800.0,3900.0,95.85491875619309,0.13236327399385567,agent_0,0.14294785626172027
6,25,4800.0,3900.0,95.85491875619309,0.13236327399385567,agent_1,0.15285803079659874
6,25,4800.0,3900.0,95.85491875619309,0.13236327399385567,agent_2,0.11251547897132358
6,25,5100.0,4200.0,103.00189472499832,0.13997900127610519,agent_0,0.15271577664519403
6,25,5100.0,4200.0,103.00189472499832,0.13997900127610519,agent_1,0.162554446747366
6,25,5100.0,4200.0,103.00189472499832,0.13997900127610519,agent_2,0.11866698984633964
6,25,5400.0,4500.0,110.11405981944885,0.14714442945211637,agent_0,0.16213988807286125
6,25,5400.0,4500.0,110.11405981944885,0.14714442945211637,agent_1,0.17171699218584857
6,25,5400.0,4500.0,110.11405981944885,0.14714442945211637,agent_2,0.12447461627841283
6,50,900.0,0.0,0.0,0.0,agent_0,8.537736462515939e-07
6,50,900.0,0.0,0.0,0.0,agent_1,1.4787793334710982e-06
6,50,900.0,0.0,0.0,0.0,agent_2,8.537736462515939e-07
6,50,1200.0,300.0,14.998141222489084,0.023542092781904705,agent_0,0.02243121300789585
6,50,1200.0,300.0,14.998141222489084,0.023542092781904705,agent_1,0.024433779778970127
6,50,1200.0,300.0,14.998141222489084,0.023542092781904705,agent_2,0.02162999141567416
6,50,1500.0,600.0,29.98527496336747,0.0467728340545509,agent_0,0.045012866689168256
6,50,1500.0,600.0,29.98527496336747,0.0467728340545509,agent_1,0.0490825072737634
6,50,1500.0,600.0,29.98527496336747,0.0467728340545509,agent_2,0.04255786490387003
6,50,1800.0,900.0,44.95086466324153,0.06962011815308118,agent_0,0.0676861254337416
6,50,1800.0,900.0,44.95086466324153,0.06962011815308118,agent_1,0.07384852991943262
6,50,1800.0,900.0,44.95086466324153,0.06962011815308118,agent_2,0.06276990734720969
6,50,2100.0,1200.0,59.88502198779624,0.09201678582822907,agent_0,0.09039116507416711
6,50,2100.0,1200.0,59.88502198779624,0.09201678582822907,agent_1,0.09863200709817449
6,50,2100.0,1200.0,59.88502198779624,0.09201678582822907,agent_2,0.08225667978224481
6,50,2400.0,1500.0,74.77864027533167,0.11390043321498863,agent_0,0.11306696994414842
6,50,2400.0,1500.0,74.77864027533167,0.11390043321498863,agent_1,0.12333114756112706
6,50,2400.0,1500.0,74.77864027533167,0.11390043321498863,agent_2,0.10101232202670378
6,50,2700.0,1800.0,89.62351201092882,0.13521343474863315,agent_0,0.13565149780529728
6,50,2700.0,1800.0,89.62351201092882,0.13521343474863315,agent_1,0.14784292199174073
6,50,2700.0,1800.0,89.62351201092882,0.13521343474863315,agent_2,0.11903402071332767
6,50,3000.0,2100.0,104.41243230071456,0.15590267533201158,agent_0,0.15808149955839235
6,50,3000.0,2100.0,104.41243230071456,0.15590267533201158,agent_1,0.17206339638703325
6,50,3000.0,2100.0,104.41243230071456,0.15590267533201158,agent_2,0.13632142948085094
6,50,3300.0,2400.0,119.13928852316444,0.17591945621050703,agent_0,0.18029259289403154
6,50,3300.0,2400.0,119.13928852316444,0.17591945621050703,agent_1,0.19588839198016472
6,50,3300.0,2400.0,119.13928852316444,0.17591945621050703,agent_2,0.15287626072687086
6,50,3600.0,2700.0,133.79913737205314,0.19521933020740076,agent_0,0.20221930136748975
6,50,3600.0,2700.0,133.79913737205314,0.19521933020740076,agent_1,0.2192141178559814
6,50,3600.0,2700.0,133.79913737205314,0.19521933020740076,agent_2,0.168701897100477
6,50,3900.0,3000.0,148.38827042512114,0.21376188713347183,agent_0,0.22379508069514914
6,50,3900.0,3000.0,148.38827042512114,0.21376188713347183,agent_1,0.2419377916683354
6,50,3900.0,3000.0,148.38827042512114,0.21376188713347183,agent_2,0.18380302531404138
6,50,4200.0,3300.0,162.90426822431849,0.2315105938073091,agent_0,0.24495243889359836
6,50,4200.0,3300.0,162.90426822431849,0.2315105938073091,agent_1,0.26395836306356896
6,50,4200.0,3300.0,162.90426822431849,0.2315105938073091,agent_2,0.19818536167198242
6,50,4500.0,3600.0,177.34604449026662,0.24843258212741934,agent_0,0.2656230399841553
6,50,4500.0,3600.0,177.34604449026662,0.24843258212741934,agent_1,0.28517719585722245
6,50,4500.0,3600.0,177.34604449026662,0.24843258212741934,agent_2,0.2118553827025186
6,50,4800.0,3900.0,191.71388008405708,0.26449849210358295,agent_0,0.2857379039724378
6,50,4800.0,3900.0,191.71388008405708,0.26449849210358295,agent_1,0.3054988281257224
6,50,4800.0,3900.0,191.71388008405708,0.26449849210358295,agent_2,0.22482013252724775
6,50,5100.0,4200.0,206.00944820043009,0.2796822424287824,agent_0,0.3052275625650922
6,50,5100.0,4200.0,206.00944820043009,0.2796822424287824,agent_1,0.32483163178036545
6,50,5100.0,4200.0,206.00944820043009,0.2796822424287824,agent_2,0.23708700880361047
6,50,5400.0,4500.0,220.23583025732174,0.293960877574979,agent_0,0.3240223337901677
6,50,5400.0,4500.0,220.23583025732174,0.293960877574979,agent_1,0.3430885486489447
6,50,5400.0,4500.0,220.23583025732174,0.293960877574979,agent_2,0.24866362964958408
6,100,900.0,0.0,0.0,0.0,agent_0,8.537736462515939e-07
6,100,900.0,0.0,0.0,0.0,agent_1,1.4787793334710982e-06
6,100,900.0,0.0,0.0,0.0,agent_2,8.537736462515939e-07
6,100,1200.0,300.0,29.996282504777252,0.04708362505890234,agent_0,0.04486423894946626
6,100,1200.0,300.0,29.996282504777252,0.04708362505890234,agent_1,0.048869891984028684
6,100,1200.0,300.0,29.996282504777252,0.04708362505890234,agent_2,0.0432570290691682
6,100,1500.0,600.0,59.970551805078394,0.09354126069832835,agent_0,0.09003115525271609
6,100,1500.0,600.0,59.970551805078394,0.09354126069832835,agent_1,0.0981718255595949
6,100,1500.0,600.0,59.970551805078394,0.09354126069832835,agent_2,0.08510269884568104
6,100,1800.0,900.0,89.90174330571726,0.13922563647147146,agent_0,0.1353802716688605
6,100,1800.0,900.0,89.90174330571726,0.13922563647147146,agent_1,0.14770660254026452
6,100,1800.0,900.0,89.90174330571726,0.13922563647147146,agent_2,0.12550802638081607
6,100,2100.0,1200.0,119.770101629256,0.1839996538293678,agent_0,0.18078907511253203
6,100,2100.0,1200.0,119.770101629256,0.1839996538293678,agent_1,0.19727055543587518
6,100,2100.0,1200.0,119.770101629256,0.1839996538293678,agent_2,0.16445290491819453
6,100,2400.0,1500.0,149.55745251498064,0.22773603114250981,agent_0,0.22613264224892674
6,100,2400.0,1500.0,149.55745251498064,0.22773603114250981,agent_1,0.2466561019860719
6,100,2400.0,1500.0,149.55745251498064,0.22773603114250981,agent_2,0.20192468014319453
6,100,2700.0,1800.0,179.24744168603732,0.2703173688063599,agent_0,0.2712840018345017
6,100,2700.0,1800.0,179.24744168603732,0.2703173688063599,agent_1,0.2956532532282927
6,100,2700.0,1800.0,179.24744168603732,0.2703173688063599,agent_2,0.23791705367551688
6,100,3000.0,2100.0,208.8257445804401,0.3116356273034563,agent_0,0.3161138094133102
6,100,3000.0,2100.0,208.8257445804401,0.3116356273034563,agent_1,0.34405036693673724
6,100,3000.0,2100.0,208.8257445804401,0.3116356273034563,agent_2,0.2724288941904862
6,100,3300.0,2400.0,238.28024727686557,0.3515919461203066,agent_0,0.3604905318663687
6,100,3300.0,2400.0,238.28024727686557,0.3515919461203066,agent_1,0.39163555456009347
6,100,3300.0,2400.0,238.28024727686557,0.3515919461203066,agent_2,0.305463393568672
6,100,3600.0,2700.0,267.6012010450999,0.3900963163724712,agent_0,0.40428056476880975
6,100,3600.0,2700.0,267.6012010450999,0.3900963163724712,agent_1,0.43819803257709716
6,100,3600.0,2700.0,267.6012010450999,0.3900963163724712,agent_2,0.33702726500472513
6,100,3900.0,3000.0,296.78135281114265,0.42706714913197996,agent_0,0.4473483259793906
6,100,3900.0,3000.0,296.78135281114265,0.42706714913197996,agent_1,0.4835294466333771
6,100,3900.0,3000.0,296.78135281114265,0.42706714913197996,agent_2,0.36712998851505535
6,100,4200.0,3300.0,325.8160515439088,0.46243094893197406,agent_0,0.489556538488713
6,100,4200.0,3300.0,325.8160515439088,0.46243094893197406,agent_1,0.5274253955778899
6,100,4200.0,3300.0,325.8160515439088,0.46243094893197406,agent_2,0.39578324205625826
6,100,4500.0,3600.0,354.7033338649287,0.4961218801597314,agent_0,0.5307664813884487
6,100,4500.0,3600.0,354.7033338649287,0.4961218801597314,agent_1,0.5696868651447103
6,100,4500.0,3600.0,354.7033338649287,0.4961218801597314,agent_2,0.423000345305511
6,100,4800.0,3900.0,383.4439881670836,0.528081440321291,agent_0,0.5708384338500726
6,100,4800.0,3900.0,383.4439881670836,0.528081440321291,agent_1,0.6101218073896012
6,100,4800.0,3900.0,383.4439881670836,0.528081440321291,agent_2,0.44879585879523404
6,100,5100.0,4200.0,412.0416002873756,0.5582579863694433,agent_0,0.6096320305461923
6,100,5100.0,4200.0,412.0416002873756,0.5582579863694433,agent_1,0.648546507473329
6,100,5100.0,4200.0,412.0416002873756,0.5582579863694433,agent_2,0.4731851425407671
6,100,5400.0,4500.0,440.5025797459501,0.5866064121066253,agent_0,0.6470068537435878
6,100,5400.0,4500.0,440.5025797459501,0.5866064121066253,agent_1,0.6847870895746179
6,100,5400.0,4500.0,440.5025797459501,0.5866064121066253,agent_2,0.4961840779625134
7,1,900.0,0.0,0.0,1.2074182697257333e-06,agent_0,0.0
7,1,900.0,0.0,0.0,1.2074182697257333e-06,agent_1,8.537736462515939e-07
7,1,900.0,0.0,0.0,1.2074182697257333e-06,agent_2,0.0
7,1,1200.0,300.0,0.299960401418147,0.0004821138145978195,agent_0,0.00044514860576441473
7,1,1200.0,300.0,0.299960401418147,0.0004821138145978195,agent_1,0.0004242799766037036
7,1,1200.0,300.0,0.299960401418147,0.0004821138145978195,agent_2,0.0005606485226185128
7,1,1500.0,600.0,0.5996839057523118,0.0009627099542495438,agent_0,0.0008930872282252255
7,1,1500.0,600.0,0.5996839057523118,0.0009627099542495438,agent_1,0.0008492670610493267
7,1,1500.0,600.0,0.5996839057523118,0.0009627099542495438,agent_2,0.0011146962368308638
7,1,1800.0,900.0,0.8989374685265108,0.0014399418391540055,agent_0,0.0013422622412005989
7,1,1800.0,900.0,0.8989374685265108,0.0014399418391540055,agent_1,0.0012734994858296773
7,1,1800.0,900.0,0.8989374685265108,0.0014399418391540055,agent_2,0.0016597761532183228
7,1,2100.0,1200.0,1.1974961542347795,0.0019119667504002148,agent_0,0.0017911037717375233
7,1,2100.0,1200.0,1.1974961542347795,0.0019119667504002148,agent_1,0.0016955164335807976
7,1,2100.0,1200.0,1.1974961542347795,0.0019119667504002148,agent_2,0.0021935585119143646
7,1,2400.0,1500.0,1.4951474412196355,0.0023769522916234245,agent_0,0.002238033388341646
7,1,2400.0,1500.0,1.4951474412196355,0.0023769522916234245,agent_1,0.0021138549277111953
7,1,2400.0,1500.0,1.4951474412196355,0.0023769522916234245,agent_2,0.0027137587179165844
7,1,2700.0,1800.0,1.7916954987440208,0.002833084051684856,agent_0,0.0026814669406465637
7,1,2700.0,1800.0,1.7916954987440208,0.002833084051684856,agent_1,0.0025270554810092037
7,1,2700.0,1800.0,1.7916954987440208,0.002833084051684856,agent_2,0.003218147070271397
7,1,3000.0,2100.0,2.086965436963509,0.0032785698418639933,agent_0,0.003119822317671647
7,1,3000.0,2100.0,2.086965436963509,0.0032785698418639933,agent_1,0.0029336660114400036
7,1,3000.0,2100.0,2.086965436963509,0.0032785698418639933,agent_2,0.0037045574004167196
7,1,3300.0,2400.0,2.3808075151944585,0.0037116465750039744,agent_0,0.003551520529218869
7,1,3300.0,2400.0,2.3808075151944585,0.0037116465750039744,agent_1,0.0033322474794214656
7,1,3300.0,2400.0,2.3808075151944585,0.0037116465750039744,agent_2,0.004170893724890818
7,1,3600.0,2700.0,2.6731011886534484,0.004130584784010516,agent_0,0.003974991307361106
7,1,3600.0,2700.0,2.6731011886534484,0.004130584784010516,agent_1,0.0037213748571020126
7,1,3600.0,2700.0,2.6731011886534484,0.004130584784010516,agent_2,0.004615138815233784
7,1,3900.0,3000.0,2.963759213318756,0.004533695549927785,agent_0,0.004388678079753752
7,1,3900.0,3000.0,2.963759213318756,0.004533695549927785,agent_1,0.004099644139906729
7,1,3900.0,3000.0,2.963759213318756,0.004533695549927785,agent_2,0.005035359370757128
7,1,4200.0,3300.0,3.2527314367432174,0.004919334546394664,agent_0,0.004791041781441246
7,1,4200.0,3300.0,3.2527314367432174,0.004919334546394664,agent_1,0.004465673484142759
7,1,4200.0,3300.0,3.2527314367432174,0.004919334546394664,agent_2,0.005429712772933464
7,1,4500.0,3600.0,3.540008537744247,0.005285907847608107,agent_0,0.005180566578355944
7,1,4500.0,3600.0,3.540008537744247,0.005285907847608107,agent_1,0.004818108921628892
7,1,4500.0,3600.0,3.540008537744247,0.005285907847608107,agent_2,0.005796452262429748
7,1,4800.0,3900.0,3.825625523753787,0.005631875261522288,agent_0,0.0055557618874173915
7,1,4800.0,3900.0,3.825625523753787,0.005631875261522288,agent_1,0.005155626599568053
7,1,4800.0,3900.0,3.825625523753787,0.005631875261522288,agent_2,0.006133930094777813
7,1,5100.0,4200.0,4.10966496664404,0.00595575636807193,agent_0,0.005915168970331002
7,1,5100.0,4200.0,4.10966496664404,0.00595575636807193,agent_1,0.005476937313769048
7,1,5100.0,4200.0,4.10966496664404,0.00595575636807193,agent_2,0.006440603052226109
7,1,5400.0,4500.0,4.39225998148457,0.006256132526957876,agent_0,0.006257363788085508
7,1,5400.0,4500.0,4.39225998148457,0.006256132526957876,agent_1,0.005780788507156755
7,1,5400.0,4500.0,4.39225998148457,0.006256132526957876,agent_2,0.0067150331823452375
7,5,900.0,0.0,0.0,1.2074182697257333e-06,agent_0,0.0
7,5,900.0,0.0,0.0,1.2074182697257333e-06,agent_1,8.537736462515939e-07
7,5,900.0,0.0,0.0,1.2074182697257333e-06,agent_2,0.0
7,5,1200.0,300.0,1.4998020073614085,0.0024105678636036896,agent_0,0.0022257472864441593
7,5,1200.0,300.0,1.4998020073614085,0.0024105678636036896,agent_1,0.0021214048654413595
7,5,1200.0,300.0,1.4998020073614085,0.0024105678636036896,agent_2,0.0028032294817744562
7,5,1500.0,600.0,2.998419537406164,0.004813532812100422,agent_0,0.004465457689592073
7,5,1500.0,600.0,2.998419537406164,0.004813532812100422,agent_1,0.004246334276214482
7,5,1500.0,600.0,2.998419537406164,0.004813532812100422,agent_2,0.0055734106925383695
7,5,1800.0,900.0,4.494687408050007,0.00719964490990666,agent_0,0.006711338851402617
7,5,1800.0,900.0,4.494687408050007,0.00719964490990666,agent_1,0.0063674851260479915
7,5,1800.0,900.0,4.494687408050007,0.00719964490990666,agent_2,0.008298691662859908
7,5,2100.0,1200.0,5.987481045529948,0.009559678174937834,agent_0,0.008955532134723079
7,5,2100.0,1200.0,5.987481045529948,0.009559678174937834,agent_1,0.008477533293751286
7,5,2100.0,1200.0,5.987481045529948,0.009559678174937834,agent_2,0.010967404071534303
7,5,2400.0,1500.0,7.47573803812633,0.011884461678523339,agent_0,0.01119013448635702
7,5,2400.0,1500.0,7.47573803812633,0.011884461678523339,agent_1,0.010569153822353046
7,5,2400.0,1500.0,7.47573803812633,0.011884461678523339,agent_2,0.013568112286068724
7,5,2700.0,1800.0,8.958479549048096,0.014164906729210646,agent_0,0.013407216943894714
7,5,2700.0,1800.0,8.958479549048096,0.014164906729210646,agent_1,0.012635038850282942
7,5,2700.0,1800.0,8.958479549048096,0.014164906729210646,agent_2,0.016089652168922965
7,5,3000.0,2100.0,10.434831592609314,0.016392043891713705,agent_0,0.01559885366554039
7,5,3000.0,2100.0,10.434831592609314,0.016392043891713705,agent_1,0.014667922474145103
7,5,3000.0,2100.0,10.434831592609314,0.016392043891713705,agent_2,0.01852118256366839
7,5,3300.0,2400.0,11.904046006547523,0.018557044737062194,agent_0,0.017757137480908278
7,5,3300.0,2400.0,11.904046006547523,0.018557044737062194,agent_1,0.016660595409568532
7,5,3300.0,2400.0,11.904046006547523,0.018557044737062194,agent_2,0.0208522143094514
7,5,3600.0,2700.0,13.365520962459671,0.020651257365679066,agent_0,0.01987420936782403
7,5,3600.0,2700.0,13.365520962459671,0.020651257365679066,agent_1,0.01860592974575407
7,5,3600.0,2700.0,13.365520962459671,0.020651257365679066,agent_2,0.02307265586346503
7,5,3900.0,3000.0,14.818821096021022,0.02266622944281156,agent_0,0.021942276578786658
7,5,3900.0,3000.0,14.818821096021022,0.02266622944281156,agent_1,0.020496895239482893
7,5,3900.0,3000.0,14.818821096021022,0.02266622944281156,agent_2,0.025172839576934582
7,5,4200.0,3300.0,16.26369676825623,0.024593735199304106,agent_0,0.02395363647534128
7,5,4200.0,3300.0,16.26369676825623,0.024593735199304106,agent_1,0.022326579159136103
7,5,4200.0,3300.0,16.26369676825623,0.024593735199304106,agent_2,0.02714355264190574
7,5,4500.0,3600.0,17.700102622421056,0.026425803308253774,agent_0,0.0259007018198345
7,5,4500.0,3600.0,17.700102622421056,0.026425803308253774,agent_1,0.024088207559524885
7,5,4500.0,3600.0,17.700102622421056,0.026425803308253774,agent_2,0.028976066409916096
7,5,4800.0,3900.0,19.12821502742203,0.028154733142074805,agent_0,0.027776015969410685
7,5,4800.0,3900.0,19.12821502742203,0.028154733142074805,agent_1,0.025775157752316945
7,5,4800.0,3900.0,19.12821502742203,0.028154733142074805,agent_2,0.030662149644641423
7,5,5100.0,4200.0,20.548448315119163,0.02977312444289084,agent_0,0.029572282332742894
7,5,5100.0,4200.0,20.548448315119163,0.02977312444289084,agent_1,0.027380982560998062
7,5,5100.0,4200.0,20.548448315119163,0.02977312444289084,agent_2,0.032194096861277194
7,5,5400.0,4500.0,21.96146952022932,0.031273889351086714,agent_0,0.03128237795933428
7,5,5400.0,4500.0,21.96146952022932,0.031273889351086714,agent_1,0.028899420741591568
7,5,5400.0,4500.0,21.96146952022932,0.031273889351086714,agent_2,0.03356473345914916
7,10,900.0,0.0,0.0,1.2074182697257333e-06,agent_0,0.0
7,10,900.0,0.0,0.0,1.2074182697257333e-06,agent_1,8.537736462515939e-07
7,10,900.0,0.0,0.0,1.2074182697257333e-06,agent_2,0.0
7,10,1200.0,300.0,2.9996040154010335,0.0048211296048910005,agent_0,0.004451511685504473
7,10,1200.0,300.0,2.9996040154010335,0.0048211296048910005,agent_1,0.00424281522931729
7,10,1200.0,300.0,2.9996040154010335,0.0048211296048910005,agent_2,0.005606422430607827
7,10,1500.0,600.0,5.996839096437757,0.00962701679531223,agent_0,0.008930963295996327
7,10,1500.0,600.0,5.996839096437757,0.00962701679531223,agent_1,0.008492673579338885
7,10,1500.0,600.0,5.996839096437757,0.00962701679531223,agent_2,0.011146642480263516
7,10,1800.0,900.0,8.989374979781688,0.014399126083201102,agent_0,0.013422740638964707
7,10,1800.0,900.0,8.989374979781688,0.014399126083201102,agent_1,0.012734941394946268
7,10,1800.0,900.0,8.989374979781688,0.014399126083201102,agent_2,0.016596907770775333
7,10,2100.0,1200.0,11.974962777436646,0.019118969975386525,agent_0,0.01791109537605002
7,10,2100.0,1200.0,11.974962777436646,0.019118969975386525,agent_1,0.01695494331137
7,10,2100.0,1200.0,11.974962777436646,0.019118969975386525,agent_2,0.021933837459640233
7,10,2400.0,1500.0,14.951478156970502,0.023768173948139095,agent_0,0.02238019073171081
7,10,2400.0,1500.0,14.951478156970502,0.023768173948139095,agent_1,0.021138003878313574
7,10,2400.0,1500.0,14.951478156970502,0.023768173948139095,agent_2,0.027134520673046753
7,10,2700.0,1800.0,17.916964232121032,0.028328530098810575,agent_0,0.026814139025769727
7,10,2700.0,1800.0,17.916964232121032,0.028328530098810575,agent_1,0.025269482128719496
7,10,2700.0,1800.0,17.916964232121032,0.028328530098810575,agent_2,0.032176595324761935
7,10,3000.0,2100.0,20.86967416916334,0.03278207184430853,agent_0,0.03119705944934593
7,10,3000.0,2100.0,20.86967416916334,0.03278207184430853,agent_1,0.029334822972030616
7,10,3000.0,2100.0,20.86967416916334,0.03278207184430853,agent_2,0.037038351224356204
7,10,3300.0,2400.0,23.808113157364218,0.03711111821515991,agent_0,0.03551311041278046
7,10,3300.0,2400.0,23.808113157364218,0.03711111821515991,agent_1,0.033319585707541025
7,10,3300.0,2400.0,23.808113157364218,0.03711111821515991,agent_2,0.041698789430646074
7,10,3600.0,2700.0,26.731079500689315,0.04129834591584376,agent_0,0.03974654851605223
7,10,3600.0,2700.0,26.731079500689315,0.04129834591584376,agent_1,0.03720949559800797
7,10,3600.0,2700.0,26.731079500689315,0.04129834591584376,agent_2,0.046137713679111875
7,10,3900.0,3000.0,29.637704804305724,0.045326834685885595,agent_0,0.04388176558390834
7,10,3900.0,3000.0,29.637704804305724,0.045326834685885595,agent_1,0.0409904753271635
7,10,3900.0,3000.0,29.637704804305724,0.045326834685885595,agent_2,0.05033578325240391
7,10,4200.0,3300.0,32.527492546269954,0.04918012273134238,agent_0,0.047903336707455814
7,10,4200.0,3300.0,32.527492546269954,0.04918012273134238,agent_1,0.04464868589209871
7,10,4200.0,3300.0,32.527492546269954,0.04918012273134238,agent_2,0.05427457546254831
7,10,4500.0,3600.0,35.400355120819945,0.05284226252731217,agent_0,0.05179607103175362
7,10,4500.0,3600.0,35.400355120819945,0.05284226252731217,agent_1,0.048170569214053764
7,10,4500.0,3600.0,35.400355120819945,0.05284226252731217,agent_2,0.05793664414285632
7,10,4800.0,3900.0,38.25664865925032,0.05629785346657764,agent_0,0.055545042893342604
7,10,4800.0,3900.0,38.25664865925032,0.05629785346657764,agent_1,0.0515428732111625
7,10,4800.0,3900.0,38.25664865925032,0.05629785346657764,agent_2,0.06130554665556593
7,10,5100.0,4200.0,41.097205423818046,0.05953210172886936,agent_0,0.05913565084066378
7,10,5100.0,4200.0,41.097205423818046,0.05953210172886936,agent_1,0.0547527007754845
7,10,5100.0,4200.0,41.097205423818046,0.05953210172886936,agent_2,0.06436589994246468
7,10,5400.0,4500.0,43.92336315437387,0.06253084424112121,agent_0,0.06255364515950183
7,10,5400.0,4500.0,43.92336315437387,0.06253084424112121,agent_1,0.057787530949492835
7,10,5400.0,4500.0,43.92336315437387,0.06253084424112121,agent_2,0.06710339115535209
7,25,900.0,0.0,0.0,1.2074182697257333e-06,agent_0,0.0
7,25,900.0,0.0,0.0,1.2074182697257333e-06,agent_1,8.537736462515939e-07
7,25,900.0,0.0,0.0,1.2074182697257333e-06,agent_2,0.0
7,25,1200.0,300.0,7.4990100435890845,0.012052778105404975,agent_0,0.011128906386815903
7,25,1200.0,300.0,7.4990100435890845,0.012052778105404975,agent_1,0.010607081105463054
7,25,1200.0,300.0,7.4990100435890845,0.012052778105404975,agent_2,0.0140157836788998
7,25,1500.0,600.0,14.992097903564826,0.024067175746820078,agent_0,0.02232776790857189
7,25,1500.0,600.0,14.992097903564826,0.024067175746820078,agent_1,0.02123172121062168
7,25,1500.0,600.0,14.992097903564826,0.024067175746820078,agent_2,0.027865264464039773
7,25,1800.0,900.0,22.47343867927745,0.03599658380473857,agent_0,0.033557322160967566
7,25,1800.0,900.0,22.47343867927745,0.03599658380473857,agent_1,0.03183713423214239
7,25,1800.0,900.0,22.47343867927745,0.03599658380473857,agent_2,0.041488700254561424
7,25,2100.0,1200.0,29.937412100419923,0.04779452161525626,agent_0,0.0447779674754718
7,25,2100.0,1200.0,29.937412100419923,0.04779452161525626,agent_1,0.04238643020252452
7,25,2100.0,1200.0,29.937412100419923,0.04779452161525626,agent_2,0.05482730689597396
7,25,2400.0,1500.0,37.37871102403079,0.059414804982226455,agent_0,0.055949882082123176
7,25,2400.0,1500.0,37.37871102403079,0.059414804982226455,agent_1,0.05284272473566945
7,25,2400.0,1500.0,37.37871102403079,0.059414804982226455,agent_2,0.06782351054054388
7,25,2700.0,1800.0,44.79244914534758,0.07081168439598562,agent_0,0.06703312158508933
7,25,2700.0,1800.0,44.79244914534758,0.07081168439598562,agent_1,0.06316922741248154
7,25,2700.0,1800.0,44.79244914534758,0.07081168439598562,agent_2,0.08042115155911495
7,25,3000.0,2100.0,52.174267914498586,0.08194003677281902,agent_0,0.07798776673244832
7,25,3000.0,2100.0,52.174267914498586,0.08194003677281902,agent_1,0.07332937389846085
7,25,3000.0,2100.0,52.174267914498586,0.08194003677281902,agent_2,0.09256574757725627
7,25,3300.0,2400.0,59.520441737660086,0.09275547996686682,agent_0,0.08877400838524076
7,25,3300.0,2400.0,59.520441737660086,0.09275547996686682,agent_1,0.08328690019996131
7,25,3300.0,2400.0,59.520441737660086,0.09275547996686682,agent_2,0.104204646835607
7,25,3600.0,2700.0,66.82798094444428,0.10321455754847807,agent_0,0.09935229887572822
7,25,3600.0,2700.0,66.82798094444428,0.10321455754847807,agent_1,0.09300597489302594
7,25,3600.0,2700.0,66.82798094444428,0.10321455754847807,agent_2,0.11528726080222428
7,25,3900.0,3000.0,74.0947321654329,0.11327485469958155,agent_0,0.10968344752144767
7,25,3900.0,3000.0,74.0947321654329,0.11327485469958155,agent_1,0.10245128012963674
7,25,3900.0,3000.0,74.0947321654329,0.11327485469958155,agent_2,0.12576519908957137
7,25,4200.0,3300.0,81.31947472261494,0.1228951408123073,agent_0,0.11972874482060283
7,25,4200.0,3300.0,81.31947472261494,0.1228951408123073,agent_1,0.11158811690282976
7,25,4200.0,3300.0,81.31947472261494,0.1228951408123073,agent_2,0.13559242837407506
7,25,4500.0,3600.0,88.50201288002343,0.13203551142401931,agent_0,0.1294500921932634
7,25,4500.0,3600.0,88.50201288002343,0.13203551142401931,agent_1,0.12038251379220923
7,25,4500.0,3600.0,88.50201288002343,0.13203551142401931,agent_2,0.14472541953632714
7,25,4800.0,3900.0,95.64326239424919,0.14065747183667235,agent_0,0.13881008314003962
7,25,4800.0,3900.0,95.64326239424919,0.14065747183667235,agent_1,0.1288012919179335
7,25,4800.0,3900.0,95.64326239424919,0.14065747183667235,agent_2,0.1531232156310416
7,25,5100.0,4200.0,102.7453308148043,0.14872408849057916,agent_0,0.14777215321814977
7,25,5100.0,4200.0,102.7453308148043,0.14872408849057916,agent_1,0.1368121892834531
7,25,5100.0,4200.0,102.7453308148043,0.14872408849057916,agent_2,0.1607475715947863
7,25,5400.0,4500.0,109.81158992968226,0.15620005033758666,agent_0,0.1563006515329795
7,25,5400.0,4500.0,109.81158992968226,0.15620005033758666,agent_1,0.1443839153723187
7,25,5400.0,4500.0,109.81158992968226,0.15620005033758666,agent_2,0.1675629796110349
7,50,900.0,0.0,0.0,1.2074182697257333e-06,agent_0,0.0
7,50,900.0,0.0,0.0,1.2074182697257333e-06,agent_1,8.537736462515939e-07
7,50,900.0,0.0,0.0,1.2074182697257333e-06,agent_2,0.0
7,50,1200.0,300.0,14.998020104189568,0.024105402865290834,agent_0,0.022258236045623193
7,50,1200.0,300.0,14.998020104189568,0.024105402865290834,agent_1,0.021214305120792
7,50,1200.0,300.0,14.998020104189568,0.024105402865290834,agent_2,0.028030658509161147
7,50,1500.0,600.0,29.984196350694653,0.048133126563191256,agent_0,0.044656731390026884
7,50,1500.0,600.0,29.984196350694653,0.048133126563191256,agent_1,0.04246356390450722
7,50,1500.0,600.0,29.984196350694653,0.048133126563191256,agent_2,0.05572604992824141
7,50,1800.0,900.0,44.94688147275526,0.07198904819090589,agent_0,0.06711620059248644
7,50,1800.0,900.0,44.94688147275526,0.07198904819090589,agent_1,0.06367352697147055
7,50,1800.0,900.0,44.94688147275526,0.07198904819090589,agent_2,0.082965482887878
7,50,2100.0,1200.0,59.87484145058411,0.09557933159189297,agent_0,0.08955666905105011
7,50,2100.0,1200.0,59.87484145058411,0.09557933159189297,agent_1,0.08476974226796004
7,50,2100.0,1200.0,59.87484145058411,0.09557933159189297,agent_2,0.1096302795527017
7,50,2400.0,1500.0,74.75747432970724,0.1188107800164841,agent_0,0.11189772474047763
7,50,2400.0,1500.0,74.75747432970724,0.1188107800164841,agent_1,0.10567778585980646
7,50,2400.0,1500.0,74.75747432970724,0.1188107800164841,agent_2,0.13560430375910998
7,50,2700.0,1800.0,89.58502725534409,0.14159112850722771,agent_0,0.134058725617662
7,50,2700.0,1800.0,89.58502725534409,0.14159112850722771,agent_1,0.12632344918702684
7,50,2700.0,1800.0,89.58502725534409,0.14159112850722771,agent_2,0.1607743900663311
7,50,3000.0,2100.0,104.34881163350468,0.16382944266463828,agent_0,0.1559591082276528
7,50,3000.0,2100.0,104.34881163350468,0.16382944266463828,agent_1,0.14663301452260466
7,50,3000.0,2100.0,104.34881163350468,0.16382944266463828,agent_2,0.185030888562258
7,50,3300.0,2400.0,119.04141449248198,0.18543636190016657,agent_0,0.1775185703525655
7,50,3300.0,2400.0,119.04141449248198,0.18543636190016657,agent_1,0.16653341374602892
7,50,3300.0,2400.0,119.04141449248198,0.18543636190016657,agent_2,0.2082679878111564
7,50,3600.0,2700.0,133.6569050057472,0.2063244822165246,agent_0,0.1986573862493489
7,50,3600.0,2700.0,133.6569050057472,0.2063244822165246,agent_1,0.18595250308338382
7,50,3600.0,2700.0,133.6569050057472,0.2063244822165246,agent_2,0.2303841930743478
7,50,3900.0,3000.0,148.19103523549666,0.22640859970029376,agent_0,0.21929660974184817
7,50,3900.0,3000.0,148.19103523549666,0.22640859970029376,agent_1,0.20481923446689274
7,50,3900.0,3000.0,148.19103523549666,0.22640859970029376,agent_2,0.25128260625510696
7,50,4200.0,3300.0,162.6414324912547,0.2456060061590263,agent_0,0.23935833417672567
7,50,4200.0,3300.0,162.6414324912547,0.2456060061590263,agent_1,0.22306387495643099
7,50,4200.0,3300.0,162.6414324912547,0.2456060061590263,agent_2,0.2708712507623564
7,50,4500.0,3600.0,177.0077827248579,0.2638367817030393,agent_0,0.2587659626932003
7,50,4500.0,3600.0,177.0077827248579,0.2638367817030393,agent_1,0.2406182324123912
7,50,4500.0,3600.0,177.0077827248579,0.2638367817030393,agent_2,0.2890633694452808
7,50,4800.0,3900.0,191.29200192396664,0.2810239690694803,agent_0,0.2774443805102845
7,50,4800.0,3900.0,191.29200192396664,0.2810239690694803,agent_1,0.25741579247178636
7,50,4800.0,3900.0,191.29200192396664,0.2810239690694803,agent_2,0.30577756146123086
7,50,5100.0,4200.0,205.49839435235648,0.29709388150075366,agent_0,0.2953202638896291
7,50,5100.0,4200.0,205.49839435235648,0.29709388150075366,agent_1,0.2733919735424491
7,50,5100.0,4200.0,205.49839435235648,0.29709388150075366,agent_2,0.32093805921193475
7,50,5400.0,4500.0,219.63379439405088,0.3119762292415361,agent_0,0.31232223103046414
7,50,5400.0,4500.0,219.63379439405088,0.3119762292415361,agent_1,0.2884842412901136
7,50,5400.0,4500.0,219.63379439405088,0.3119762292415361,agent_2,0.3344747742014335
7,100,900.0,0.0,0.0,1.2074182697257333e-06,agent_0,0.0
7,100,900.0,0.0,0.0,1.2074182697257333e-06,agent_1,8.537736462515939e-07
7,100,900.0,0.0,0.0,1.2074182697257333e-06,agent_2,0.0
7,100,1200.0,300.0,29.996040276901187,0.04821018793175374,agent_0,0.04451816166218735
7,100,1200.0,300.0,29.996040276901187,0.04821018793175374,agent_1,0.04242917878569271
7,100,1200.0,300.0,29.996040276901187,0.04821018793175374,agent_2,0.05605767530235719
7,100,1500.0,600.0,59.96839489055723,0.09626131970575301,agent_0,0.08931821839867346
7,100,1500.0,600.0,59.96839489055723,0.09626131970575301,agent_1,0.08492759053771351
7,100,1500.0,600.0,59.96839489055723,0.09626131970575301,agent_2,0.11143413548458082
7,100,1800.0,900.0,89.89377951304762,0.14396150777090058,agent_0,0.13423853441974717
7,100,1800.0,900.0,89.89377951304762,0.14396150777090058,agent_1,0.1273440093073448
7,100,1800.0,900.0,89.89377951304762,0.14396150777090058,agent_2,0.1658831418815281
7,100,2100.0,1200.0,119.7497523519722,0.1911195621822955,agent_0,0.17911605533525315
7,100,2100.0,1200.0,119.7497523519722,0.1911195621822955,agent_1,0.16952682760703802
7,100,2100.0,1200.0,119.7497523519722,0.1911195621822955,agent_2,0.2191628855667102
7,100,2400.0,1500.0,149.51515910684114,0.23754576436908995,agent_0,0.22378686420879038
7,100,2400.0,1500.0,149.51515910684114,0.23754576436908995,agent_1,0.21132456367886396
7,100,2400.0,1500.0,149.51515910684114,0.23754576436908995,agent_2,0.2710371397468367
7,100,2700.0,1800.0,179.17057348105212,0.28305251744228177,agent_0,0.26808664945497646
7,100,2700.0,1800.0,179.17057348105212,0.28305251744228177,agent_1,0.2525862814785115
7,100,2700.0,1800.0,179.17057348105212,0.28305251744228177,agent_2,0.32127620495961223
7,100,3000.0,2100.0,208.69873276979968,0.3274552062718916,agent_0,0.3118513753039291
7,100,3000.0,2100.0,208.69873276979968,0.3274552062718916,agent_1,0.29316218626804197
7,100,3000.0,2100.0,208.69873276979968,0.3274552062718916,agent_2,0.3696580743393826
7,100,3300.0,2400.0,238.08496436321352,0.37057274225813075,agent_0,0.3549176996750723
7,100,3300.0,2400.0,238.08496436321352,0.37057274225813075,agent_1,0.3329039851654113
7,100,3300.0,2400.0,238.08496436321352,0.37057274225813075,agent_2,0.4159691441901644
7,100,3600.0,2700.0,267.3176009036162,0.41222838194718014,agent_0,0.397123656152179
7,100,3600.0,2700.0,267.3176009036162,0.41222838194718014,agent_1,0.37166547789220505
7,100,3600.0,2700.0,267.3176009036162,0.41222838194718014,agent_2,0.46000522157580126
7,100,3900.0,3000.0,296.38838175364833,0.45225026124732537,agent_0,0.4383091093948878
7,100,3900.0,3000.0,296.38838175364833,0.45225026124732537,agent_1,0.4093029378402294
7,100,3900.0,3000.0,296.38838175364833,0.45225026124732537,agent_2,0.5015721226918921
7,100,4200.0,3300.0,325.29283563828676,0.49047202768077913,agent_0,0.47831632197438734
7,100,4200.0,3300.0,325.29283563828676,0.49047202768077913,agent_1,0.44567558675314334
7,100,4200.0,3300.0,325.29283563828676,0.49047202768077913,agent_2,0.5404863475457607
7,100,4500.0,3600.0,354.0306428621327,0.5267334591883943,agent_0,0.5169905384041905
7,100,4500.0,3600.0,354.0306428621327,0.5267334591883943,agent_1,0.4806460779999501
7,100,4500.0,3600.0,354.0306428621327,0.5267334591883943,agent_2,0.5765756868363965
7,100,4800.0,3900.0,382.6059710133875,0.5608808396914681,agent_0,0.5541803696000186
7,100,4800.0,3900.0,382.6059710133875,0.5608808396914681,agent_1,0.5140807991615116
7,100,4800.0,3900.0,382.6059710133875,0.5608808396914681,agent_2,0.6096794950707027
7,100,5100.0,4200.0,411.02778175177434,0.5927675932798823,agent_0,0.5897384461800995
7,100,5100.0,4200.0,411.02778175177434,0.5927675932798823,agent_1,0.5458504060437633
7,100,5100.0,4200.0,411.02778175177434,0.5927675932798823,agent_2,0.6396492292509014
7,100,5400.0,4500.0,439.31010211494726,0.6222545490027792,agent_0,0.6235217511247522
7,100,5400.0,4500.0,439.31010211494726,0.6222545490027792,agent_1,0.5758300717919572
7,100,5400.0,4500.0,439.31010211494726,0.6222545490027792,agent_2,0.6663485160650156
8,1,900.0,0.0,0.0,0.0,agent_0,1.2074182697257333e-06
8,1,900.0,0.0,0.0,0.0,agent_1,1.2074182697257333e-06
8,1,900.0,0.0,0.0,0.0,agent_2,0.0
8,1,1200.0,300.0,0.29996924819472726,0.00044195467243196996,agent_0,0.000401736564301934
8,1,1200.0,300.0,0.29996924819472726,0.00044195467243196996,agent_1,0.00042633663835112313
8,1,1200.0,300.0,0.29996924819472726,0.00044195467243196996,agent_2,0.00042225300312412025
8,1,1500.0,600.0,0.5997563049122554,0.0008783015618476671,agent_0,0.0008047540139640183
8,1,1500.0,600.0,0.5997563049122554,0.0008783015618476671,agent_1,0.0008548687623941458
8,1,1500.0,600.0,0.5997563049122554,0.0008783015618476671,agent_2,0.0008314484199152619
8,1,1800.0,900.0,0.8991860573853143,0.0013082498139775586,agent_0,0.0012085195366952515
8,1,1800.0,900.0,0.8991860573853143,0.0013082498139775586,agent_1,0.0012847100607764298
8,1,1800.0,900.0,0.8991860573853143,0.0013082498139775586,agent_2,0.0012275985493632334
8,1,2100.0,1200.0,1.198092415676353,0.001731063281865582,agent_0,0.0016124970411887098
8,1,2100.0,1200.0,1.198092415676353,0.001731063281865582,agent_1,0.0017149628630273087
8,1,2100.0,1200.0,1.198092415676353,0.001731063281865582,agent_2,0.0016107604597454166
8,1,2400.0,1500.0,1.4963196099606542,0.0021460578417528482,agent_0,0.0020161502663395884
8,1,2400.0,1500.0,1.4963196099606542,0.0021460578417528482,agent_1,0.002144722733522025
8,1,2400.0,1500.0,1.4963196099606542,0.0021460578417528482,agent_2,0.0019810238534369137
8,1,2700.0,1800.0,1.7937233388608906,0.002552594451585457,agent_0,0.002418933758083834
8,1,2700.0,1800.0,1.7937233388608906,0.002552594451585457,agent_1,0.0025730771736199244
8,1,2700.0,1800.0,1.7937233388608906,0.002552594451585457,agent_2,0.0023385042522084
8,1,3000.0,2100.0,2.0901718057232754,0.002950080267714286,agent_0,0.002820295441522251
8,1,3000.0,2100.0,2.0901718057232754,0.002950080267714286,agent_1,0.0029991036374594077
8,1,3000.0,2100.0,2.0901718057232754,0.002950080267714286,agent_2,0.0026833376333031075
8,1,3300.0,2400.0,2.385546642966563,0.0033379611458078224,agent_0,0.0032196724527976763
8,1,3300.0,2400.0,2.385546642966563,0.0033379611458078224,agent_1,0.003421871945967698
8,1,3300.0,2400.0,2.385546642966563,0.0033379611458078224,agent_2,0.0030156746382930194
8,1,3600.0,2700.0,2.6797437442238117,0.003715722665128726,agent_0,0.003616489528503667
8,1,3600.0,2700.0,2.6797437442238117,0.003715722665128726,agent_1,0.003840443739396051
8,1,3600.0,2700.0,2.6797437442238117,0.003715722665128726,agent_2,0.0033356747339881253
8,1,3900.0,3000.0,2.972674022576259,0.004082883942643389,agent_0,0.00401015791261749
8,1,3900.0,3000.0,2.972674022576259,0.004082883942643389,agent_1,0.004253874051788664
8,1,3900.0,3000.0,2.972674022576259,0.004082883942643389,agent_2,0.0036435055193846564
8,1,4200.0,3300.0,3.2642640895268356,0.004438996214685372,agent_0,0.004400073139433883
8,1,4200.0,3300.0,3.2642640895268356,0.004438996214685372,agent_1,0.004661211138461848
8,1,4200.0,3300.0,3.2642640895268356,0.004438996214685372,agent_2,0.003939336399836194
8,1,4500.0,3600.0,3.5544568826918463,0.004783640180188254,agent_0,0.004785613166035661
8,1,4500.0,3600.0,3.5544568826918463,0.004783640180188254,agent_1,0.005061498108408955
8,1,4500.0,3600.0,3.5544568826918463,0.004783640180188254,agent_2,0.004223336648583243
8,1,4800.0,3900.0,3.8432122298871914,0.0051164248400254,agent_0,0.005166140030793612
8,1,4800.0,3900.0,3.8432122298871914,0.0051164248400254,agent_1,0.00545377747887119
8,1,4800.0,3900.0,3.8432122298871914,0.0051164248400254,agent_2,0.004495674748152719
8,1,5100.0,4200.0,4.130507374994035,0.005436981477868845,agent_0,0.005540992873838388
8,1,5100.0,4200.0,4.130507374994035,0.005436981477868845,agent_1,0.005837087519611653
8,1,5100.0,4200.0,4.130507374994035,0.005436981477868845,agent_2,0.004756513439128867
8,1,5400.0,4500.0,4.416337451246088,0.005744966612814865,agent_0,0.005909494624882405
8,1,5400.0,4500.0,4.416337451246088,0.005744966612814865,agent_1,0.006210471044774572
8,1,5400.0,4500.0,4.416337451246088,0.005744966612814865,agent_2,0.0050060111162657074
8,5,900.0,0.0,0.0,0.0,agent_0,1.2074182697257333e-06
8,5,900.0,0.0,0.0,0.0,agent_1,1.2074182697257333e-06
8,5,900.0,0.0,0.0,0.0,agent_2,0.0
8,5,1200.0,300.0,1.4998462411268807,0.0022097705584272456,agent_0,0.0020086911680442508
8,5,1200.0,300.0,1.4998462411268807,0.0022097705584272456,agent_1,0.0021316869533222426
8,5,1200.0,300.0,1.4998462411268807,0.0022097705584272456,agent_2,0.002111256211658416
8,5,1500.0,600.0,2.9987815293241273,0.004391493867412202,agent_0,0.004023789816551805
8,5,1500.0,600.0,2.9987815293241273,0.004391493867412202,agent_1,0.004274367602626204
8,5,1500.0,600.0,2.9987815293241273,0.004391493867412202,agent_2,0.004157192040675833
8,5,1800.0,900.0,4.495930322414304,0.006541206560395444,agent_0,0.006042626094886915
8,5,1800.0,900.0,4.495930322414304,0.006541206560395444,agent_1,0.006423589343307193
8,5,1800.0,900.0,4.495930322414304,0.006541206560395444,agent_2,0.0061378745853081255
8,5,2100.0,1200.0,5.990462224969547,0.008655220240265488,agent_0,0.00806252105982229
8,5,2100.0,1200.0,5.990462224969547,0.008655220240265488,agent_1,0.008574860864676301
8,5,2100.0,1200.0,5.990462224969547,0.008655220240265488,agent_2,0.0080535804681762
8,5,2400.0,1500.0,7.481598488035883,0.010730101560172369,agent_0,0.010080777013856396
8,5,2400.0,1500.0,7.481598488035883,0.010730101560172369,agent_1,0.010723650524608374
8,5,2400.0,1500.0,7.481598488035883,0.010730101560172369,agent_2,0.009904754848784841
8,5,2700.0,1800.0,8.968617761775016,0.012762655160340202,agent_0,0.012094665376662655
8,5,2700.0,1800.0,8.968617761775016,0.012762655160340202,agent_1,0.012865383542731392
8,5,2700.0,1800.0,8.968617761775016,0.012762655160340202,agent_2,0.01169197447034073
8,5,3000.0,2100.0,10.450861285963539,0.014749906452100555,agent_0,0.014101416762350135
8,5,3000.0,2100.0,10.450861285963539,0.014749906452100555,agent_1,0.014995442202431767
8,5,3000.0,2100.0,10.450861285963539,0.014749906452100555,agent_2,0.01341591714877128
8,5,3300.0,2400.0,11.92773751814311,0.016689083776481893,agent_0,0.01609820870261674
8,5,3300.0,2400.0,11.92773751814311,0.016689083776481893,agent_1,0.017109164982354833
8,5,3300.0,2400.0,11.92773751814311,0.016689083776481893,agent_2,0.01507733225786731
8,5,3600.0,2700.0,13.398726299162034,0.018577606413592733,agent_0,0.01808215970720546
8,5,3600.0,2700.0,13.398726299162034,0.018577606413592733,agent_1,0.019201852591975294
8,5,3600.0,2700.0,13.398726299162034,0.018577606413592733,agent_2,0.01667702183023749
8,5,3900.0,3000.0,14.863382646552921,0.020413068188185026,agent_0,0.020050318796804786
8,5,3900.0,3000.0,14.863382646552921,0.020413068188185026,agent_1,0.02126877024258565
8,5,3900.0,3000.0,14.863382646552921,0.020413068188185026,agent_2,0.018215819355373072
8,5,4200.0,3300.0,16.3213401499297,0.02219322334654851,agent_0,0.02199965734099259
8,5,4200.0,3300.0,16.3213401499297,0.02219322334654851,agent_1,0.023305153192255335
8,5,4200.0,3300.0,16.3213401499297,0.02219322334654851,agent_2,0.01969457307549528
8,5,4500.0,3600.0,17.77231410764244,0.023915971527450855,agent_0,0.023927059329197385
8,5,4500.0,3600.0,17.77231410764244,0.023915971527450855,agent_1,0.025306210633690925
8,5,4500.0,3600.0,17.77231410764244,0.023915971527450855,agent_2,0.021114130289564426
8,5,4800.0,3900.0,19.21610434332231,0.025579356646750026,agent_0,0.025829326475156986
8,5,4800.0,3900.0,19.21610434332231,0.025579356646750026,agent_1,0.027267147105565614
8,5,4800.0,3900.0,19.21610434332231,0.025579356646750026,agent_2,0.022475334307579097
8,5,5100.0,4200.0,20.65259782992578,0.027181534281211377,agent_0,0.02770315191208853
8,5,5100.0,4200.0,20.65259782992578,0.027181534281211377,agent_1,0.029183149129409208
8,5,5100.0,4200.0,20.65259782992578,0.027181534281211377,agent_2,0.023778998527450697
8,5,5400.0,4500.0,22.081771048090896,0.028720787847575934,agent_0,0.02954514242325693
8,5,5400.0,4500.0,22.081771048090896,0.028720787847575934,agent_1,0.031049425916214353
8,5,5400.0,4500.0,22.081771048090896,0.028720787847575934,agent_2,0.025025918248031763
8,10,900.0,0.0,0.0,0.0,agent_0,1.2074182697257333e-06
8,10,900.0,0.0,0.0,0.0,agent_1,1.2074182697257333e-06
8,10,900.0,0.0,0.0,0.0,agent_2,0.0
8,10,1200.0,300.0,2.9996924826415827,0.004419537241742311,agent_0,0.004017395944973684
8,10,1200.0,300.0,2.9996924826415827,0.004419537241742311,agent_1,0.004263392030670912
8,10,1200.0,300.0,2.9996924826415827,0.004419537241742311,agent_2,0.004222483853784728
8,10,1500.0,600.0,5.997563070575092,0.00878295595476925,agent_0,0.008047624836097942
8,10,1500.0,600.0,5.997563070575092,0.00878295595476925,agent_1,0.00854879413085214
8,10,1500.0,600.0,5.997563070575092,0.00878295595476925,agent_2,0.00831426191654209
8,10,1800.0,900.0,8.99186073365685,0.0130823079455858,agent_0,0.012085327872281011
8,10,1800.0,900.0,8.99186073365685,0.0130823079455858,agent_1,0.012847277715072646
8,10,1800.0,900.0,8.99186073365685,0.0130823079455858,agent_2,0.012275454632037339
8,10,2100.0,1200.0,11.980924816790957,0.0173101954313569,agent_0,0.016125130489511516
8,10,2100.0,1200.0,11.980924816790957,0.0173101954313569,agent_1,0.017149838577589286
8,10,2100.0,1200.0,11.980924816790957,0.0173101954313569,agent_2,0.016106606162996674
8,10,2400.0,1500.0,14.96319807266423,0.02145973374036907,agent_0,0.020161620069373328
8,10,2400.0,1500.0,14.96319807266423,0.02145973374036907,agent_1,0.02144739042679619
8,10,2400.0,1500.0,14.96319807266423,0.02145973374036907,agent_2,0.01980859935741684
8,10,2700.0,1800.0,17.937238194684088,0.02552451506501858,agent_0,0.024189321892957624
8,10,2700.0,1800.0,17.937238194684088,0.02552451506501858,agent_1,0.025730761029391893
8,10,2700.0,1800.0,17.937238194684088,0.02552451506501858,agent_2,0.023382581949415615
8,10,3000.0,2100.0,20.901728220232823,0.029498575701413867,agent_0,0.028202679799251337
8,10,3000.0,2100.0,20.901728220232823,0.029498575701413867,agent_1,0.02999069277279272
8,10,3000.0,2100.0,20.901728220232823,0.029498575701413867,agent_2,0.026829904660427183
8,10,3300.0,2400.0,23.855485803674604,0.03337635930168316,agent_0,0.03219603170726055
8,10,3300.0,2400.0,23.855485803674604,0.03337635930168316,agent_1,0.03421784081552357
8,10,3300.0,2400.0,23.855485803674604,0.03337635930168316,agent_2,0.03015206400967617
8,10,3600.0,2700.0,26.797471558813022,0.03715269325350694,agent_0,0.036163597464954254
8,10,3600.0,2700.0,26.797471558813022,0.03715269325350694,agent_1,0.038402785394541145
8,10,3600.0,2700.0,26.797471558813022,0.03715269325350694,agent_2,0.03335066232551954
8,10,3900.0,3000.0,29.726796651644698,0.040822756048832586,agent_0,0.04009945833377678
8,10,3900.0,3000.0,29.726796651644698,0.040822756048832586,agent_1,0.0425360368775731
8,10,3900.0,3000.0,29.726796651644698,0.040822756048832586,agent_2,0.03642736601118875
8,10,4200.0,3300.0,32.64272959191133,0.044382049042583284,agent_0,0.04399754062688765
8,10,4200.0,3300.0,32.64272959191133,0.044382049042583284,agent_1,0.046608046547935406
8,10,4200.0,3300.0,32.64272959191133,0.044382049042583284,agent_2,0.03938387201904699
8,10,4500.0,3600.0,35.544702502121865,0.047826365843190444,agent_0,0.047851596605999705
8,10,4500.0,3600.0,35.544702502121865,0.047826365843190444,agent_1,0.050609215421934285
8,10,4500.0,3600.0,35.544702502121865,0.047826365843190444,agent_2,0.04222187622914956
8,10,4800.0,3900.0,38.43231674114645,0.051151790263251146,agent_0,0.051655214177043635
8,10,4800.0,3900.0,38.43231674114645,0.051151790263251146,agent_1,0.05452993642954292
8,10,4800.0,3900.0,38.43231674114645,0.051151790263251146,agent_2,0.044943067245027245
8,10,5100.0,4200.0,41.305348138067984,0.054354631668890506,agent_0,0.05540176520736382
8,10,5100.0,4200.0,41.305348138067984,0.054354631668890506,agent_1,0.05836056857444767
8,10,5100.0,4200.0,41.305348138067984,0.054354631668890506,agent_2,0.04754907444531141
8,10,5400.0,4500.0,44.163751689670555,0.05743145626209619,agent_0,0.05908444950735347
8,10,5400.0,4500.0,44.163751689670555,0.05743145626209619,agent_1,0.06209151829915892
8,10,5400.0,4500.0,44.163751689670555,0.05743145626209619,agent_2,0.05004149158226622
8,25,900.0,0.0,0.0,0.0,agent_0,1.2074182697257333e-06
8,25,900.0,0.0,0.0,0.0,agent_1,1.2074182697257333e-06
8,25,900.0,0.0,0.0,0.0,agent_2,0.0
8,25,1200.0,300.0,7.499231209452146,0.011048812729709718,agent_0,0.010043595345652374
8,25,1200.0,300.0,7.499231209452146,0.011048812729709718,agent_1,0.010658617654427214
8,25,1200.0,300.0,7.499231209452146,0.011048812729709718,agent_2,0.010555997576951791
8,25,1500.0,600.0,14.993907766075827,0.021957151217499915,agent_0,0.02011939940135052
8,25,1500.0,600.0,14.993907766075827,0.021957151217499915,agent_1,0.021372425890062618
8,25,1500.0,600.0,14.993907766075827,0.021957151217499915,agent_2,0.020784736811995108
8,25,1800.0,900.0,22.479652501727312,0.032704978430907784,agent_0,0.030213884806625877
8,25,1800.0,900.0,22.479652501727312,0.032704978430907784,agent_1,0.032118936329157584
8,25,1800.0,900.0,22.479652501727312,0.032704978430907784,agent_2,0.03068642620923647
8,25,2100.0,1200.0,29.95231479911015,0.043273647175819135,agent_0,0.040313485701060685
8,25,2100.0,1200.0,29.95231479911015,0.043273647175819135,agent_1,0.0428754691597717
8,25,2100.0,1200.0,29.95231479911015,0.043273647175819135,agent_2,0.040262353269775265
8,25,2400.0,1500.0,37.408003422956796,0.05364580649205902,agent_0,0.05040453901759782
8,25,2400.0,1500.0,37.408003422956796,0.05364580649205902,agent_1,0.053619138455208375
8,25,2400.0,1500.0,37.408003422956796,0.05364580649205902,agent_2,0.04951466752383204
8,25,2700.0,1800.0,44.84311556031622,0.06380531155161766,agent_0,0.06047322745262016
8,25,2700.0,1800.0,44.84311556031622,0.06380531155161766,agent_1,0.06432684389612837
8,25,2700.0,1800.0,44.84311556031622,0.06380531155161766,agent_2,0.05844619448607965
8,25,3000.0,2100.0,52.254362995214514,0.07373714200585706,agent_0,0.07050552972915056
8,25,3000.0,2100.0,52.254362995214514,0.07373714200585706,agent_1,0.07497527399948102
8,25,3000.0,2100.0,52.254362995214514,0.07373714200585706,agent_2,0.06706027926193257
8,25,3300.0,2400.0,59.638795416253004,0.08342731017000138,agent_0,0.08048716113496665
8,25,3300.0,2400.0,59.638795416253004,0.08342731017000138,agent_1,0.08554090271824327
8,25,3300.0,2400.0,59.638795416253004,0.08342731017000138,agent_2,0.07536064223633557
8,25,3600.0,2700.0,66.99382135721642,0.09286280181241091,agent_0,0.09040354313517517
8,25,3600.0,2700.0,66.99382135721642,0.09286280181241091,agent_1,0.09600002228789756
8,25,3600.0,2700.0,66.99382135721642,0.09286280181241091,agent_2,0.08335127761780285
8,25,3900.0,3000.0,74.31722722304856,0.10203149431521864,agent_0,0.10023975287509995
8,25,3900.0,3000.0,74.31722722304856,0.10203149431521864,agent_1,0.10632875719867659
8,25,3900.0,3000.0,74.31722722304856,0.10203149431521864,agent_2,0.09103634770650282
8,25,4200.0,3300.0,81.60719427353993,0.11092208638241392,agent_0,0.10998048323166025
8,25,4200.0,3300.0,81.60719427353993,0.11092208638241392,agent_1,0.11650309317239545
8,25,4200.0,3300.0,81.60719427353993,0.11092208638241392,agent_2,0.09842009846499179
8,25,4500.0,3600.0,88.86231426182243,0.11952402045510992,agent_0,0.11960999564707384
8,25,4500.0,3600.0,88.86231426182243,0.11952402045510992,agent_1,0.1264989008702959
8,25,4500.0,3600.0,88.86231426182243,0.11952402045510992,agent_2,0.10550677920642178
8,25,4800.0,3900.0,96.08160342138092,0.12782747810190906,agent_0,0.1291121452975756
8,25,4800.0,3900.0,96.08160342138092,0.12782747810190906,agent_1,0.13629204312577026
8,25,4800.0,3900.0,96.08160342138092,0.12782747810190906,agent_2,0.11230062657691808
8,25,5100.0,4200.0,103.26451544156758,0.13582321765022334,agent_0,0.1384702530904106
8,25,5100.0,4200.0,103.26451544156758,0.13582321765022334,agent_1,0.14585831213881043
8,25,5100.0,4200.0,103.26451544156758,0.13582321765022334,agent_2,0.11880573392617688
8,25,5400.0,4500.0,110.41095306570985,0.14350265223955122,agent_0,0.14766721634248353
8,25,5400.0,4500.0,110.41095306570985,0.14350265223955122,agent_1,0.15517363457638272
8,25,5400.0,4500.0,110.41095306570985,0.14350265223955122,agent_2,0.1250261097742545
8,50,900.0,0.0,0.0,0.0,agent_0,1.2074182697257333e-06
8,50,900.0,0.0,0.0,0.0,agent_1,1.2074182697257333e-06
8,50,900.0,0.0,0.0,0.0,agent_2,0.0
8,50,1200.0,300.0,14.998462428464896,0.0220975238141869,agent_0,0.02008754258018125
8,50,1200.0,300.0,14.998462428464896,0.0220975238141869,agent_1,0.021317693310069594
8,50,1200.0,300.0,14.998462428464896,0.0220975238141869,agent_2,0.02111128886530097
8,50,1500.0,600.0,29.987815832254896,0.04391350327436957,agent_0,0.04023992017890513
8,50,1500.0,600.0,29.987815832254896,0.04391350327436957,agent_1,0.04274631717522075
8,50,1500.0,600.0,29.987815832254896,0.04391350327436957,agent_2,0.041566410697092535
8,50,1800.0,900.0,44.95930723820401,0.06540730770345798,agent_0,0.060429644661272736
8,50,1800.0,900.0,44.95930723820401,0.06540730770345798,agent_1,0.06424033548379653
8,50,1800.0,900.0,44.95930723820401,0.06540730770345798,agent_2,0.061365476526801965
8,50,2100.0,1200.0,59.9046388270989,0.08654113088896348,agent_0,0.08062914810356864
8,50,2100.0,1200.0,59.9046388270989,0.08654113088896348,agent_1,0.08575382187366132
8,50,2100.0,1200.0,59.9046388270989,0.08654113088896348,agent_2,0.08051081556251373
8,50,2400.0,1500.0,74.81603442944188,0.10727980528190441,agent_0,0.10081066595385432
8,50,2400.0,1500.0,74.81603442944188,0.10727980528190441,agent_1,0.1072404346591231
8,50,2400.0,1500.0,74.81603442944188,0.10727980528190441,agent_2,0.0990065344985817
8,50,2700.0,1800.0,89.68629830002399,0.12759062302070656,agent_0,0.12094612517662526
8,50,2700.0,1800.0,89.68629830002399,0.12759062302070656,agent_1,0.12865340544792087
8,50,2700.0,1800.0,89.68629830002399,0.12759062302070656,agent_2,0.11685813859235707
8,50,3000.0,2100.0,104.50886802114937,0.14744317287901423,agent_0,0.14100704614037263
8,50,3000.0,2100.0,104.50886802114937,0.14744317287901423,agent_1,0.14994555086560427
8,50,3000.0,2100.0,104.50886802114937,0.14744317287901423,agent_2,0.13407221338174474
8,50,3300.0,2400.0,119.27786153232628,0.16680915694021606,agent_0,0.16096442586766288
8,50,3300.0,2400.0,119.27786153232628,0.16680915694021606,agent_1,0.17106927131602365
8,50,3300.0,2400.0,119.27786153232628,0.16680915694021606,agent_2,0.15065613057774538
8,50,3600.0,2700.0,133.98811928817972,0.1856622719111641,agent_0,0.18078867907078963
8,50,3600.0,2700.0,133.98811928817972,0.1856622719111641,agent_1,0.1919766222830814
8,50,3600.0,2700.0,133.98811928817972,0.1856622719111641,agent_2,0.16661784085463285
8,50,3900.0,3000.0,148.63524245157836,0.20397804493147975,agent_0,0.20044953970335175
8,50,3900.0,3000.0,148.63524245157836,0.20397804493147975,agent_1,0.21261934812238342
8,50,3900.0,3000.0,148.63524245157836,0.20397804493147975,agent_2,0.18196565829890277
8,50,4200.0,3300.0,163.21562686893424,0.22173369256124104,agent_0,0.21991598349646085
8,50,4200.0,3300.0,163.21562686893424,0.22173369256124104,agent_1,0.2329489459328285
8,50,4200.0,3300.0,163.21562686893424,0.22173369256124104,agent_2,0.19670808807115864
8,50,4500.0,3600.0,177.72649422489727,0.23890796448227694,agent_0,0.23915613645066938
8,50,4500.0,3600.0,177.72649422489727,0.23890796448227694,agent_1,0.2529167190465283
8,50,4500.0,3600.0,177.72649422489727,0.23890796448227694,agent_2,0.21085366290815669
8,50,4800.0,3900.0,192.16591976637957,0.2554811334186738,agent_0,0.25813732825960783
8,50,4800.0,3900.0,192.16591976637957,0.2554811334186738,agent_1,0.2724739974013587
8,50,4800.0,3900.0,192.16591976637957,0.2554811334186738,agent_2,0.2244109083149567
8,50,5100.0,4200.0,206.53285787885355,0.27143466954026313,agent_0,0.2768258397814294
8,50,5100.0,4200.0,206.53285787885355,0.27143466954026313,agent_1,0.291572017959044
8,50,5100.0,4200.0,206.53285787885355,0.27143466954026313,agent_2,0.23738807950266638
8,50,5400.0,4500.0,220.827164785749,0.28675139496856233,agent_0,0.29518712795039137
8,50,5400.0,4500.0,220.827164785749,0.28675139496856233,agent_1,0.3101623406415292
8,50,5400.0,4500.0,220.827164785749,0.28675139496856233,agent_2,0.2497932760131265
8,100,900.0,0.0,0.0,0.0,agent_0,1.2074182697257333e-06
8,100,900.0,0.0,0.0,0.0,agent_1,1.2074182697257333e-06
8,100,900.0,0.0,0.0,0.0,agent_2,0.0
8,100,1200.0,300.0,29.996924895467128,0.04419463786810398,agent_0,0.04017649052014321
8,100,1200.0,300.0,29.996924895467128,0.04419463786810398,agent_1,0.04263721607993933
8,100,1200.0,300.0,29.996924895467128,0.04419463786810398,agent_2,0.042219749727899054
8,100,1500.0,600.0,59.97563287453195,0.0878237843537302,agent_0,0.08048430624453018
8,100,1500.0,600.0,59.97563287453195,0.0878237843537302,agent_1,0.08549847266186648
8,100,1500.0,600.0,59.97563287453195,0.0878237843537302,agent_2,0.08312055054242051
8,100,1800.0,900.0,89.91862348625962,0.13080393480715385,agent_0,0.12086672298628248
8,100,1800.0,900.0,89.91862348625962,0.13080393480715385,agent_1,0.1284904425792214
8,100,1800.0,900.0,89.91862348625962,0.13080393480715385,agent_2,0.12270138978801318
8,100,2100.0,1200.0,119.80931485763982,0.17305741551474266,agent_0,0.1612668437108105
8,100,2100.0,1200.0,119.80931485763982,0.17305741551474266,agent_1,0.17151898680160724
8,100,2100.0,1200.0,119.80931485763982,0.17305741551474266,agent_2,0.16096593711779864
8,100,2400.0,1500.0,149.63218003597703,0.214512018789931,agent_0,0.2016273710442484
8,100,2400.0,1500.0,149.63218003597703,0.214512018789931,agent_1,0.2144891243114711
8,100,2400.0,1500.0,149.63218003597703,0.214512018789931,agent_2,0.19792163410598732
8,100,2700.0,1800.0,179.37286731911396,0.2551006495000788,agent_0,0.2418903907642731
8,100,2700.0,1800.0,179.37286731911396,0.2551006495000788,agent_1,0.2573050307741249
8,100,2700.0,1800.0,179.37286731911396,0.2551006495000788,agent_2,0.23357890977667226
8,100,3000.0,2100.0,209.01830826972488,0.2947610013244851,agent_0,0.28199718291178977
8,100,3000.0,2100.0,209.01830826972488,0.2947610013244851,agent_1,0.2998700840364162
8,100,3000.0,2100.0,209.01830826972488,0.2947610013244851,agent_2,0.2679505204046077
8,100,3300.0,2400.0,238.55681341150515,0.3334351908357697,agent_0,0.32188799658114164
8,100,3300.0,2400.0,238.55681341150515,0.3334351908357697,agent_1,0.34208688452951436
8,100,3300.0,2400.0,238.55681341150515,0.3334351908357697,agent_2,0.30105094033075447
8,100,3600.0,2700.0,267.9781576175365,0.3710695193111591,agent_0,0.3615019408869383
8,100,3600.0,2700.0,267.9781576175365,0.3710695193111591,agent_1,0.38385742153593605
8,100,3600.0,2700.0,267.9781576175365,0.3710695193111591,agent_2,0.33289592889738606
8,100,3900.0,3000.0,297.273657013834,0.4076141425754682,agent_0,0.4007767978963474
8,100,3900.0,3000.0,297.273657013834,0.4076141425754682,agent_1,0.42508316494306525
8,100,3900.0,3000.0,297.273657013834,0.4076141425754682,agent_2,0.36350208304856985
8,100,4200.0,3300.0,326.43623690384743,0.44302278610869306,agent_0,0.43964887852440365
8,100,4200.0,3300.0,326.43623690384743,0.44302278610869306,agent_1,0.46566521744837647
8,100,4200.0,3300.0,326.43623690384743,0.44302278610869306,agent_2,0.39288647864079895
8,100,4500.0,3600.0,355.460493520219,0.47725242893303915,agent_0,0.47805285132552844
8,100,4500.0,3600.0,355.460493520219,0.47725242893303915,agent_1,0.5055044463089182
8,100,4500.0,3600.0,355.460493520219,0.47725242893303915,agent_2,0.42106633125351206
8,100,4800.0,3900.0,384.34274839701345,0.5102632788049841,agent_0,0.5159218622152827
8,100,4800.0,3900.0,384.34274839701345,0.5102632788049841,agent_1,0.5445019484532287
8,100,4800.0,3900.0,384.34274839701345,0.5102632788049841,agent_2,0.4480589155099854
8,100,5100.0,4200.0,413.0810979416609,0.5420181173487759,agent_0,0.5531870436651809
8,100,5100.0,4200.0,413.0810979416609,0.5420181173487759,agent_1,0.5825588357567387
8,100,5100.0,4200.0,413.0810979416609,0.5420181173487759,agent_2,0.47388103114602403
8,100,5400.0,4500.0,441.67545676192606,0.5724826027321919,agent_0,0.5897779793476577
8,100,5400.0,4500.0,441.67545676192606,0.5724826027321919,agent_1,0.6195770897650543
8,100,5400.0,4500.0,441.67545676192606,0.5724826027321919,agent_2,0.4985492231420941
9,1,900.0,0.0,0.0,0.0,agent_0,0.0
9,1,900.0,0.0,0.0,0.0,agent_1,8.537736462515939e-07
9,1,900.0,0.0,0.0,0.0,agent_2,0.0
9,1,1200.0,300.0,0.2999622073345632,0.00047371436687570486,agent_0,0.0005469271578918622
9,1,1200.0,300.0,0.2999622073345632,0.00047371436687570486,agent_1,0.0005373072349190736
9,1,1200.0,300.0,0.2999622073345632,0.00047371436687570486,agent_2,0.00040890588344334993
9,1,1500.0,600.0,0.599700049411258,0.0009423468364638546,agent_0,0.0010852584781470068
9,1,1500.0,600.0,0.599700049411258,0.0009423468364638546,agent_1,0.001069886031960377
9,1,1500.0,600.0,0.599700049411258,0.0009423468364638546,agent_2,0.0008124494047657587
9,1,1800.0,900.0,0.8989971617591298,0.0014044887884539128,agent_0,0.0016134020175536101
9,1,1800.0,900.0,0.8989971617591298,0.0014044887884539128,agent_1,0.0015960069214864343
9,1,1800.0,900.0,0.8989971617591298,0.0014044887884539128,agent_2,0.0012095236808494932
9,1,2100.0,1200.0,1.1976486331163358,0.0018588097403085559,agent_0,0.0021298647801324027
9,1,2100.0,1200.0,1.1976486331163358,0.0018588097403085559,agent_1,0.002114034578687053
9,1,2100.0,1200.0,1.1976486331163358,0.0018588097403085559,agent_2,0.0015990790653560272
9,1,2400.0,1500.0,1.4954637953688799,0.0023040489334809726,agent_0,0.00263325274411865
9,1,2400.0,1500.0,1.4954637953688799,0.0023040489334809726,agent_1,0.002622427427749525
9,1,2400.0,1500.0,1.4954637953688799,0.0023040489334809726,agent_2,0.001980114609694867
9,1,2700.0,1800.0,1.7922687788756384,0.0027390112464195145,agent_0,0.0031222668005468283
9,1,2700.0,1800.0,1.7922687788756384,0.0027390112464195145,agent_1,0.003119735400693331
9,1,2700.0,1800.0,1.7922687788756384,0.0027390112464195145,agent_2,0.0023516804152467876
9,1,3000.0,2100.0,2.0879088666758148,0.003162572237752096,agent_0,0.003595700324912314
9,1,3000.0,2100.0,2.0879088666758148,0.003162572237752096,agent_1,0.0036045981596943967
9,1,3000.0,2100.0,2.0879088666758148,0.003162572237752096,agent_2,0.002712876475350638
9,1,3300.0,2400.0,2.382250644760636,0.0035736728354139238,agent_0,0.004052434611675128
9,1,3300.0,2400.0,2.382250644760636,0.0035736728354139238,agent_1,0.00407574414687484
9,1,3300.0,2400.0,2.382250644760636,0.0035736728354139238,agent_2,0.00306284974069225
9,1,3600.0,2700.0,2.6751839660378005,0.003971317172268079,agent_0,0.004491435621714716
9,1,3600.0,2700.0,2.6751839660378005,0.003971317172268079,agent_1,0.004531985408094339
9,1,3600.0,2700.0,2.6751839660378005,0.003971317172268079,agent_2,0.003400795317033923
9,1,3900.0,3000.0,2.9666237437997345,0.004354572278650998,agent_0,0.004911749251627066
9,1,3900.0,3000.0,2.9666237437997345,0.004354572278650998,agent_1,0.004972217778794366
9,1,3900.0,3000.0,2.9666237437997345,0.004354572278650998,agent_2,0.0037259523172164075
9,1,4200.0,3300.0,3.2565115671877467,0.004722564323051702,agent_0,0.00531249892678602
9,1,4200.0,3300.0,3.2565115671877467,0.004722564323051702,agent_1,0.0053954167332270556
9,1,4200.0,3300.0,3.2565115671877467,0.004722564323051702,agent_2,0.004037605250517806
9,1,4500.0,3600.0,3.5448171637258454,0.005074476982124225,agent_0,0.005692880280928721
9,1,4500.0,3600.0,3.5448171637258454,0.005074476982124225,agent_1,0.005800633660354827
9,1,4500.0,3600.0,3.5448171637258454,0.005074476982124225,agent_2,0.004335079975742678
9,1,4800.0,3900.0,3.8315396935749013,0.005409549238782068,agent_0,0.006052158455995395
9,1,4800.0,3900.0,3.8315396935749013,0.005409549238782068,agent_1,0.00618699342286304
9,1,4800.0,3900.0,3.8315396935749013,0.005409549238782068,agent_2,0.00461774319427124
9,1,5100.0,4200.0,4.116708896957974,0.005727073529066613,agent_0,0.00638966450259001
9,1,5100.0,4200.0,4.116708896957974,0.005727073529066613,agent_1,0.006553692419245798
9,1,5100.0,4200.0,4.116708896957974,0.005727073529066613,agent_2,0.004885002361464501
9,1,5400.0,4500.0,4.400386075878533,0.006026391932198677,agent_0,0.006704789361263867
9,1,5400.0,4500.0,4.400386075878533,0.006026391932198677,agent_1,0.0068999924557682675
9,1,5400.0,4500.0,4.400386075878533,0.006026391932198677,agent_2,0.005136300838397639
9,5,900.0,0.0,0.0,0.0,agent_0,0.0
9,5,900.0,0.0,0.0,0.0,agent_1,8.537736462515939e-07
9,5,900.0,0.0,0.0,0.0,agent_2,0.0
9,5,1200.0,300.0,1.4998110368964426,0.0023685733732930108,agent_0,0.002734624061285924
9,5,1200.0,300.0,1.4998110368964426,0.0023685733732930108,agent_1,0.0026865371244754904
9,5,1200.0,300.0,1.4998110368964426,0.0023685733732930108,agent_2,0.0020445288825306812
9,5,1500.0,600.0,2.998500254555821,0.004711713530413974,agent_0,0.0054262477939851445
9,5,1500.0,600.0,2.998500254555821,0.004711713530413974,agent_1,0.005349424370486199
9,5,1500.0,600.0,2.998500254555821,0.004711713530413974,agent_2,0.004062221095488758
9,5,1800.0,900.0,4.494985864852789,0.0070223856106662146,agent_0,0.008066885261816264
9,5,1800.0,900.0,4.494985864852789,0.0070223856106662146,agent_1,0.00797999656869693
9,5,1800.0,900.0,4.494985864852789,0.0070223856106662146,agent_2,0.0060475491008451995
9,5,2100.0,1200.0,5.988243397799486,0.009293915889680612,agent_0,0.01064905976963191
9,5,2100.0,1200.0,5.988243397799486,0.009293915889680612,agent_1,0.010570062328321396
9,5,2100.0,1200.0,5.988243397799486,0.009293915889680612,agent_2,0.007995247501666638
9,5,2400.0,1500.0,7.47731967267819,0.011519984121655781,agent_0,0.013165789386039212
9,5,2400.0,1500.0,7.47731967267819,0.011519984121655781,agent_1,0.013111899119269348
9,5,2400.0,1500.0,7.47731967267819,0.011519984121655781,agent_2,0.009900308559043829
9,5,2700.0,1800.0,8.961345592344188,0.013694615813348649,agent_0,0.015610569046679654
9,5,2700.0,1800.0,8.961345592344188,0.013694615813348649,agent_1,0.015598243340608282
9,5,2700.0,1800.0,8.961345592344188,0.013694615813348649,agent_2,0.011757976511753868
9,5,3000.0,2100.0,10.43954792791867,0.01581217679317732,agent_0,0.017977355141297464
9,5,3000.0,2100.0,10.43954792791867,0.01581217679317732,agent_1,0.018022283503203305
9,5,3000.0,2100.0,10.43954792791867,0.01581217679317732,agent_2,0.01356374354893408
9,5,3300.0,2400.0,11.911260079402684,0.017867363225606885,agent_0,0.0202605467596155
9,5,3300.0,2400.0,11.911260079402684,0.017867363225606885,agent_1,0.020377648128322587
9,5,3300.0,2400.0,11.911260079402684,0.017867363225606885,agent_2,0.01531334311861714
9,5,3600.0,2700.0,13.37593190031176,0.01985519336187535,agent_0,0.022454968353650268
9,5,3600.0,2700.0,13.37593190031176,0.01985519336187535,agent_1,0.02265839518345074
9,5,3600.0,2700.0,13.37593190031176,0.01985519336187535,agent_2,0.017002744526211883
9,5,3900.0,3000.0,14.833138665152632,0.021770994895007785,agent_0,0.024555847022180236
9,5,3900.0,3000.0,14.833138665152632,0.021770994895007785,agent_1,0.024858994570717104
9,5,3900.0,3000.0,14.833138665152632,0.021770994895007785,agent_2,0.01862814353049162
9,5,4200.0,3300.0,16.282589141877306,0.02361039773336335,agent_0,0.026558798283651316
9,5,4200.0,3300.0,16.282589141877306,0.02361039773336335,agent_1,0.026974319057942134
9,5,4200.0,3300.0,16.282589141877306,0.02361039773336335,agent_2,0.020185958560438127
9,5,4500.0,3600.0,17.724132895438867,0.02536931878133914,agent_0,0.02845980127917445
9,5,4500.0,3600.0,17.724132895438867,0.02536931878133914,agent_1,0.028999623307029546
9,5,4500.0,3600.0,17.724132895438867,0.02536931878133914,agent_2,0.02167281957061581
9,5,4800.0,3900.0,19.15776674461743,0.02704395222631578,agent_0,0.030255182113202224
9,5,4800.0,3900.0,19.15776674461743,0.02704395222631578,agent_1,0.030930531120989566
9,5,4800.0,3900.0,19.15776674461743,0.02704395222631578,agent_2,0.02308556207674094
9,5,5100.0,4200.0,20.583640480509494,0.02863076252210943,agent_0,0.03194160051584787
9,5,5100.0,4200.0,20.583640480509494,0.02863076252210943,agent_1,0.032763025277213746
9,5,5100.0,4200.0,20.583640480509494,0.02863076252210943,agent_2,0.024421222572697205
9,5,5400.0,4500.0,22.002061751603744,0.030126461162445096,agent_0,0.03351601733698116
9,5,5400.0,4500.0,22.002061751603744,0.030126461162445096,agent_1,0.0344934165967286
9,5,5400.0,4500.0,22.002061751603744,0.030126461162445096,agent_2,0.02567702211997654
9,10,900.0,0.0,0.0,0.0,agent_0,0.0
9,10,900.0,0.0,0.0,0.0,agent_1,8.537736462515939e-07
9,10,900.0,0.0,0.0,0.0,agent_2,0.0
9,10,1200.0,300.0,2.999622074386095,0.0047371418235887565,agent_0,0.005469227132833044
9,10,1200.0,300.0,2.999622074386095,0.0047371418235887565,agent_1,0.005373078388159262
9,10,1200.0,300.0,2.999622074386095,0.0047371418235887565,agent_2,0.004089045376385442
9,10,1500.0,600.0,5.997000527878779,0.009423383364302101,agent_0,0.010852383497855358
9,10,1500.0,600.0,5.997000527878779,0.009423383364302101,agent_1,0.010698835126305995
9,10,1500.0,600.0,5.997000527878779,0.009423383364302101,agent_2,0.008124377866191667
9,10,1800.0,900.0,8.989971869972068,0.014044626444802448,agent_0,0.016133457392953715
9,10,1800.0,900.0,8.989971869972068,0.014044626444802448,agent_1,0.015959899136569464
9,10,1800.0,900.0,8.989971869972068,0.014044626444802448,agent_2,0.012094921365146323
9,10,2100.0,1200.0,11.97648737667413,0.01858749385941014,agent_0,0.02129745931688111
9,10,2100.0,1200.0,11.97648737667413,0.01858749385941014,agent_1,0.021139848432485852
9,10,2100.0,1200.0,11.97648737667413,0.01858749385941014,agent_2,0.015990124931969496
9,10,2400.0,1500.0,14.954641086412037,0.023039319415827583,agent_0,0.026330394043857962
9,10,2400.0,1500.0,14.954641086412037,0.023039319415827583,agent_1,0.026223202099296173
9,10,2400.0,1500.0,14.954641086412037,0.023039319415827583,agent_2,0.019799955661263052
9,10,2700.0,1800.0,17.922695432984405,0.027388131375903534,agent_0,0.031219224510697006
9,10,2700.0,1800.0,17.922695432984405,0.027388131375903534,agent_1,0.031195401179745477
9,10,2700.0,1800.0,17.922695432984405,0.027388131375903534,agent_2,0.023514886942331184
9,10,3000.0,2100.0,20.879104848943058,0.031622640862101106,agent_0,0.03595184095088995
9,10,3000.0,2100.0,20.879104848943058,0.031622640862101106,agent_1,0.03604279419477716
9,10,3000.0,2100.0,20.879104848943058,0.031622640862101106,agent_2,0.027125889654581112
9,10,3300.0,2400.0,23.822537310034438,0.03573222324713578,agent_0,0.040517023826908416
9,10,3300.0,2400.0,23.822537310034438,0.03573222324713578,agent_1,0.040752614289465736
9,10,3300.0,2400.0,23.822537310034438,0.03573222324713578,agent_2,0.030624419908256182
9,10,3600.0,2700.0,26.751893996209223,0.03970690155581951,agent_0,0.044904409157147065
9,10,3600.0,2700.0,26.751893996209223,0.03970690155581951,agent_1,0.04531295751367176
9,10,3600.0,2700.0,26.751893996209223,0.03970690155581951,agent_2,0.034002407581376654
9,10,3900.0,3000.0,29.66632722669434,0.04353732048475036,agent_0,0.0491044428692053
9,10,3900.0,3000.0,29.66632722669434,0.04353732048475036,agent_1,0.049712748186425605
9,10,3900.0,3000.0,29.66632722669434,0.04353732048475036,agent_2,0.03725223844641514
9,10,4200.0,3300.0,32.565256593158125,0.0472147329147538,agent_0,0.05310835234738648
9,10,4200.0,3300.0,32.565256593158125,0.0472147329147538,agent_1,0.05394172077548107
9,10,4200.0,3300.0,32.565256593158125,0.0472147329147538,agent_2,0.04036674548521868
9,10,4500.0,3600.0,35.44838354311846,0.05073096886739613,agent_0,0.056908096779175216
9,10,4500.0,3600.0,35.44838354311846,0.05073096886739613,agent_1,0.05799037809456245
9,10,4500.0,3600.0,35.44838354311846,0.05073096886739613,agent_2,0.04333918766871013
9,10,4800.0,3900.0,38.31570425797975,0.05407841645879716,agent_0,0.06049633360972827
9,10,4800.0,3900.0,38.31570425797975,0.05407841645879716,agent_1,0.061849965378488726
9,10,4800.0,3900.0,38.31570425797975,0.05407841645879716,agent_2,0.04616323726623964
9,10,5100.0,4200.0,41.16752104277676,0.05725000760717645,agent_0,0.06386639191888811
9,10,5100.0,4200.0,41.16752104277676,0.05725000760717645,agent_1,0.06551245019631928
9,10,5100.0,4200.0,41.16752104277676,0.05725000760717645,agent_2,0.048832971017168214
9,10,5400.0,4500.0,44.00445203750672,0.06023917133822409,agent_0,0.06701220694960677
9,10,5400.0,4500.0,44.00445203750672,0.06023917133822409,agent_1,0.06897046052760121
9,10,5400.0,4500.0,44.00445203750672,0.06023917133822409,agent_2,0.051342837347296444
9,25,900.0,0.0,0.0,0.0,agent_0,0.0
9,25,900.0,0.0,0.0,0.0,agent_1,8.537736462515939e-07
9,25,900.0,0.0,0.0,0.0,agent_2,0.0
9,25,1200.0,300.0,7.4990551904390825,0.011842813184134379,agent_0,0.013672910903212867
9,25,1200.0,300.0,7.4990551904390825,0.011842813184134379,agent_1,0.013432724750041012
9,25,1200.0,300.0,7.4990551904390825,0.011842813184134379,agent_2,0.010222521423167001
9,25,1500.0,600.0,14.992501460727695,0.023558130825305,agent_0,0.027130117555090674
9,25,1500.0,600.0,14.992501460727695,0.023558130825305,agent_1,0.02674698494999268
9,25,1500.0,600.0,14.992501460727695,0.023558130825305,agent_2,0.020310463170218753
9,25,1800.0,900.0,22.474930728979356,0.03511047733210509,agent_0,0.040331291533340294
9,25,1800.0,900.0,22.474930728979356,0.03511047733210509,agent_1,0.039899039706159004
9,25,1800.0,900.0,22.474930728979356,0.03511047733210509,agent_2,0.030235975183033902
9,25,2100.0,1200.0,29.941222807878273,0.04646619524588929,agent_0,0.05323868973321327
9,25,2100.0,1200.0,29.941222807878273,0.04646619524588929,agent_1,0.05284754194153737
9,25,2100.0,1200.0,29.941222807878273,0.04646619524588929,agent_2,0.03997253339894401
9,25,2400.0,1500.0,37.386615797557496,0.057593424249370626,agent_0,0.06581708764312125
9,25,2400.0,1500.0,37.386615797557496,0.057593424249370626,agent_1,0.06555352122196684
9,25,2400.0,1500.0,37.386615797557496,0.057593424249370626,agent_2,0.0494949237664903
9,25,2700.0,1800.0,44.80677050014661,0.0684620620758994,agent_0,0.07803368964351093
9,25,2700.0,1800.0,44.80677050014661,0.0684620620758994,agent_1,0.07798033943457944
9,25,2700.0,1800.0,44.80677050014661,0.0684620620758994,agent_2,0.058779213614895943
9,25,3000.0,2100.0,52.197829683002496,0.07904373521929614,agent_0,0.08985805354992858
9,25,3000.0,2100.0,52.197829683002496,0.07904373521929614,agent_1,0.09009365634994924
9,25,3000.0,2100.0,52.197829683002496,0.07904373521929614,agent_2,0.06780273114986789
9,25,3300.0,2400.0,59.556472112391866,0.08931175491740127,agent_0,0.10126199827080269
9,25,3300.0,2400.0,59.556472112391866,0.08931175491740127,agent_1,0.10186137444825534
9,25,3300.0,2400.0,59.556472112391866,0.08931175491740127,agent_2,0.07654403500398474
9,25,3600.0,2700.0,66.87996179284184,0.09924107617550525,agent_0,0.11221951734319353
9,25,3600.0,2700.0,66.87996179284184,0.09924107617550525,agent_1,0.11325358554116505
9,25,3600.0,2700.0,66.87996179284184,0.09924107617550525,agent_2,0.08498288648117333
9,25,3900.0,3000.0,74.16619280385804,0.10880823300965366,agent_0,0.12270666450463048
9,25,3900.0,3000.0,74.16619280385804,0.10880823300965366,agent_1,0.12424248532178198
9,25,3900.0,3000.0,74.16619280385804,0.10880823300965366,agent_2,0.09310020476774633
9,25,4200.0,3300.0,81.4137295417967,0.11799130532014614,agent_0,0.13270148216927505
9,25,4200.0,3300.0,81.4137295417967,0.11799130532014614,agent_1,0.13480232782933968
9,25,4200.0,3300.0,81.4137295417967,0.11799130532014614,agent_2,0.10087804587853035
9,25,4500.0,3600.0,88.62184299819255,0.1267698412523399,agent_0,0.1421838761852323
9,25,4500.0,3600.0,88.62184299819255,0.1267698412523399,agent_1,0.14490932157226463
9,25,4500.0,3600.0,88.62184299819255,0.1267698412523399,agent_2,0.10829954919493756
9,25,4800.0,3900.0,95.79054268493518,0.1351248093887256,agent_0,0.1511355311723217
9,25,4800.0,3900.0,95.79054268493518,0.1351248093887256,agent_1,0.15454156384054846
9,25,4800.0,3900.0,95.79054268493518,0.1351248093887256,agent_2,0.11534890609476706
9,25,5100.0,4200.0,102.92060475110407,0.14303856265567522,agent_0,0.1595398427473976
9,25,5100.0,4200.0,102.92060475110407,0.14303856265567522,agent_1,0.16367899017618534
9,25,5100.0,4200.0,102.92060475110407,0.14303856265567522,agent_2,0.12201133714398171
9,25,5400.0,4500.0,110.01359581805119,0.15049472112600742,agent_0,0.1673817522090494
9,25,5400.0,4500.0,110.01359581805119,0.15049472112600742,agent_1,0.17230321874704588
9,25,5400.0,4500.0,110.01359581805119,0.15049472112600742,agent_2,0.12827301038802968
9,50,900.0,0.0,0.0,0.0,agent_0,0.0
9,50,900.0,0.0,0.0,0.0,agent_1,8.537736462515939e-07
9,50,900.0,0.0,0.0,0.0,agent_2,0.0
9,50,1200.0,300.0,14.998110395831944,0.02368548759056964,agent_0,0.02734529792632599
9,50,1200.0,300.0,14.998110395831944,0.02368548759056964,agent_1,0.026865544431530726
9,50,1200.0,300.0,14.998110395831944,0.02368548759056964,agent_2,0.020444735274647168
9,50,1500.0,600.0,29.985003393363847,0.04711516595777448,agent_0,0.054257425079920873
9,50,1500.0,600.0,29.985003393363847,0.04711516595777448,agent_1,0.0534936207559178
9,50,1500.0,600.0,29.985003393363847,0.04711516595777448,agent_2,0.04061931849327282
9,50,1800.0,900.0,44.94986498478194,0.07021731151816543,agent_0,0.080654723095724
9,50,1800.0,900.0,44.94986498478194,0.07021731151816543,agent_1,0.07979569863818362
9,50,1800.0,900.0,44.94986498478194,0.07021731151816543,agent_2,0.06046751441322466
9,50,2100.0,1200.0,59.882460223706225,0.09292389396485282,agent_0,0.10646080619127404
9,50,2100.0,1200.0,59.882460223706225,0.09292389396485282,agent_1,0.1056881061510847
9,50,2100.0,1200.0,59.882460223706225,0.09292389396485282,agent_2,0.07993578475167337
9,50,2400.0,1500.0,74.77327535724213,0.11517054249996206,agent_0,0.13160443498395405
9,50,2400.0,1500.0,74.77327535724213,0.11517054249996206,agent_1,0.13109200671117507
9,50,2400.0,1500.0,74.77327535724213,0.11517054249996206,agent_2,0.09897326110520362
9,50,2700.0,1800.0,89.61364776187094,0.136896473794947,agent_0,0.15601934255381864
9,50,2700.0,1800.0,89.61364776187094,0.136896473794947,agent_1,0.15593332013322836
9,50,2700.0,1800.0,89.61364776187094,0.136896473794947,agent_2,0.11753169160470651
9,50,3000.0,2100.0,104.39588531543902,0.15804443804473864,agent_0,0.17964408693134717
9,50,3000.0,2100.0,104.39588531543902,0.15804443804473864,agent_1,0.1801426611413074
9,50,3000.0,2100.0,104.39588531543902,0.15804443804473864,agent_2,0.13556540286407093
9,50,3300.0,2400.0,119.1133750327331,0.17856063509672823,agent_0,0.2024218684817782
9,50,3300.0,2400.0,119.1133750327331,0.17856063509672823,agent_1,0.20365523477631584
9,50,3300.0,2400.0,119.1133750327331,0.17856063509672823,agent_2,0.15303124149640468
9,50,3600.0,2700.0,133.76068182312497,0.1983946351031497,agent_0,0.2243003572820044
9,50,3600.0,2700.0,133.76068182312497,0.1983946351031497,agent_1,0.22641073365547545
9,50,3600.0,2700.0,133.76068182312497,0.1983946351031497,agent_2,0.16988852019056278
9,50,3900.0,3000.0,148.33363814693809,0.21749925074568507,agent_0,0.2452314634206338
9,50,3900.0,3000.0,148.33363814693809,0.21749925074568507,agent_1,0.24835316959078285
9,50,3900.0,3000.0,148.33363814693809,0.21749925074568507,agent_2,0.18609892944466927
9,50,4200.0,3300.0,162.82942417970025,0.23583047175122845,agent_0,0.2651711918638122
9,50,4200.0,3300.0,162.82942417970025,0.23583047175122845,agent_1,0.2694307833603104
9,50,4200.0,3300.0,162.82942417970025,0.23583047175122845,agent_2,0.20162649574983402
9,50,4500.0,3600.0,177.24663974989647,0.25334730985568105,agent_0,0.2840793891153209
9,50,4500.0,3600.0,177.24663974989647,0.25334730985568105,agent_1,0.28959583702996927
9,50,4500.0,3600.0,177.24663974989647,0.25334730985568105,agent_2,0.21643747491672383
9,50,4800.0,3900.0,191.58536727054573,0.27001170235231975,agent_0,0.30191957010618853
9,50,4800.0,3900.0,191.58536727054573,0.27001170235231975,agent_1,0.3088044811359759
9,50,4800.0,3900.0,191.58536727054573,0.27001170235231975,agent_2,0.23050028878591106
9,50,5100.0,4200.0,205.8472267615235,0.2857884386186404,agent_0,0.3186587781785662
9,50,5100.0,4200.0,205.8472267615235,0.2857884386186404,agent_1,0.3270166513751933
9,50,5100.0,4200.0,205.8472267615235,0.2857884386186404,agent_2,0.24378547874491002
9,50,5400.0,4500.0,220.03542202434312,0.30064492401816095,agent_0,0.3342672498404739
9,50,5400.0,4500.0,220.03542202434312,0.30064492401816095,agent_1,0.34419575450964285
9,50,5400.0,4500.0,220.03542202434312,0.30064492401816095,agent_2,0.25626554141412494
9,100,900.0,0.0,0.0,0.0,agent_0,0.0
9,100,900.0,0.0,0.0,0.0,agent_1,8.537736462515939e-07
9,100,900.0,0.0,0.0,0.0,agent_2,0.0
9,100,1200.0,300.0,29.99622085195475,0.04737041583959752,agent_0,0.054688494379318886
9,100,1200.0,300.0,29.99622085195475,0.04737041583959752,agent_1,0.053731462752419176
9,100,1200.0,300.0,29.99622085195475,0.04737041583959752,agent_2,0.04088823749378256
9,100,1500.0,600.0,59.97000868795434,0.09422591774629016,agent_0,0.10850356309982837
9,100,1500.0,600.0,59.97000868795434,0.09422591774629016,agent_1,0.10698579823614554
9,100,1500.0,600.0,59.97000868795434,0.09422591774629016,agent_2,0.0812321860324742
9,100,1800.0,900.0,89.89974417682996,0.14041994714769399,agent_0,0.16127785560188254
9,100,1800.0,900.0,89.89974417682996,0.14041994714769399,agent_1,0.1595817201272071
9,100,1800.0,900.0,89.89974417682996,0.14041994714769399,agent_2,0.12091722163428238
9,100,2100.0,1200.0,119.7649792837641,0.18581356641777094,agent_0,0.21285498253965957
9,100,2100.0,1200.0,119.7649792837641,0.18581356641777094,agent_1,0.21134794684643593
9,100,2100.0,1200.0,119.7649792837641,0.18581356641777094,agent_2,0.15983429856590592
9,100,2400.0,1500.0,149.54672693899334,0.23027542277844285,agent_0,0.2630892945920106
9,100,2400.0,1500.0,149.54672693899334,0.23027542277844285,agent_1,0.26212320378049625
9,100,2400.0,1500.0,149.54672693899334,0.23027542277844285,agent_2,0.19787991427444726
9,100,2700.0,1800.0,179.227725333127,0.2736816300549767,agent_0,0.31184555720458523
9,100,2700.0,1800.0,179.227725333127,0.2736816300549767,agent_1,0.3117561052179421
9,100,2700.0,1800.0,179.227725333127,0.2736816300549767,agent_2,0.2349560184942731
9,100,3000.0,2100.0,208.7926800150063,0.31591568127056735,agent_0,0.3589986701381647
9,100,3000.0,2100.0,208.7926800150063,0.31591568127056735,agent_1,0.36010506256238073
9,100,3000.0,2100.0,208.7926800150063,0.31591568127056735,agent_2,0.27096994973060234
9,100,3300.0,2400.0,238.22848338092373,0.3568682965437265,agent_0,0.40443330968059915
9,100,3300.0,2400.0,238.22848338092373,0.3568682965437265,agent_1,0.407038098616457
9,100,3300.0,2400.0,238.22848338092373,0.3568682965437265,agent_2,0.30583432777361236
9,100,3600.0,2700.0,267.5244132260363,0.39643727531681794,agent_0,0.44804358427368685
9,100,3600.0,2700.0,267.5244132260363,0.39643727531681794,agent_1,0.45243265835751373
9,100,3600.0,2700.0,267.5244132260363,0.39643727531681794,agent_2,0.33946695257022347
9,100,3900.0,3000.0,296.6723118835247,0.4345272475216361,agent_0,0.48973257082880994
9,100,3900.0,3000.0,296.6723118835247,0.4345272475216361,agent_1,0.4961752817761105
9,100,3900.0,3000.0,296.6723118835247,0.4345272475216361,agent_2,0.3717906319075013
9,100,4200.0,3300.0,325.6667451586957,0.4710495454076482,agent_0,0.5294120147419156
9,100,4200.0,3300.0,325.6667451586957,0.4710495454076482,agent_1,0.5381614268151012
9,100,4200.0,3300.0,325.6667451586957,0.4710495454076482,agent_2,0.4027330992857019
9,100,4500.0,3600.0,354.5051435865349,0.5059218929797612,agent_0,0.5670018101920882
9,100,4500.0,3600.0,354.5051435865349,0.5059218929797612,agent_1,0.5782950525033916
9,100,4500.0,3600.0,354.5051435865349,0.5059218929797612,agent_2,0.43222680042394723
9,100,4800.0,3900.0,383.18792448011646,0.5390682094991023,agent_0,0.6024296370353754
9,100,4800.0,3900.0,383.18792448011646,0.5390682094991023,agent_1,0.6164883467562828
9,100,4800.0,3900.0,383.18792448011646,0.5390682094991023,agent_2,0.4602087642474221
9,100,5100.0,4200.0,411.7185969857507,0.5704184558058079,agent_0,0.6356306606119326
9,100,5100.0,4200.0,411.7185969857507,0.5704184558058079,agent_1,0.6526615087734848
9,100,5100.0,4200.0,411.7185969857507,0.5704184558058079,agent_2,0.4866205056330305
9,100,5400.0,4500.0,440.1038483167339,0.5999081543302675,agent_0,0.6665468410921016
9,100,5400.0,4500.0,440.1038483167339,0.5999081543302675,agent_1,0.6867421079315171
9,100,5400.0,4500.0,440.1038483167339,0.5999081543302675,agent_2,0.5114076918946361
10,1,900.0,0.0,0.0,1.2074182697257333e-06,agent_0,0.0
10,1,900.0,0.0,0.0,1.2074182697257333e-06,agent_1,1.2074182697257333e-06
10,1,900.0,0.0,0.0,1.2074182697257333e-06,agent_2,8.537736462515939e-07
10,1,1200.0,300.0,0.2999811439529126,0.00037653837715325545,agent_0,0.0004356772702175075
10,1,1200.0,300.0,0.2999811439529126,0.00037653837715325545,agent_1,0.00042191624306977393
10,1,1200.0,300.0,0.2999811439529126,0.00037653837715325545,agent_2,0.00034167590380100544
10,1,1500.0,600.0,0.5998492321221245,0.0007527926117479019,agent_0,0.0008693943963722352
10,1,1500.0,600.0,0.5998492321221245,0.0007527926117479019,agent_1,0.0008390909808267003
10,1,1500.0,600.0,0.5998492321221245,0.0007527926117479019,agent_2,0.0006860558683572838
10,1,1800.0,900.0,0.8994917149518618,0.0011283380257700267,agent_0,0.0013000945953585826
10,1,1800.0,900.0,0.8994917149518618,0.0011283380257700267,agent_1,0.0012507813056832568
10,1,1800.0,900.0,0.8994917149518618,0.0011283380257700267,agent_2,0.0010330153076692462
10,1,2100.0,1200.0,1.1987971503162214,0.0015027543986525296,agent_0,0.0017267373062520418
10,1,2100.0,1200.0,1.1987971503162214,0.0015027543986525296,agent_1,0.0016562795048553505
10,1,2100.0,1200.0,1.1987971503162214,0.0015027543986525296,agent_2,0.0013824066551007376
10,1,2400.0,1500.0,1.4976558315514896,0.001875617313529972,agent_0,0.002148301989075236
10,1,2400.0,1500.0,1.4976558315514896,0.001875617313529972,agent_1,0.0020549159334682853
10,1,2400.0,1500.0,1.4976558315514896,0.001875617313529972,agent_2,0.001734077960651027
10,1,2700.0,1800.0,1.7959604160034093,0.002246498629540325,agent_0,0.002563793981092541
10,1,2700.0,1800.0,1.7959604160034093,0.002246498629540325,agent_1,0.0024460555366638574
10,1,2700.0,1800.0,1.7959604160034093,0.002246498629540325,agent_2,0.0020878608152741806
10,1,3000.0,2100.0,2.0936065763633755,0.002614966797345615,agent_0,0.0029722479963088964
10,1,3000.0,2100.0,2.0936065763633755,0.002614966797345615,agent_1,0.002829099658506891
10,1,3000.0,2100.0,2.0936065763633755,0.002614966797345615,agent_2,0.0024435754987911598
10,1,3300.0,2400.0,2.3904936619078168,0.002980586284900267,agent_0,0.003372730105437698
10,1,3300.0,2400.0,2.3904936619078168,0.002980586284900267,agent_1,0.0032034827343810045
10,1,3300.0,2400.0,2.3904936619078168,0.002980586284900267,agent_2,0.0028010254940182416
10,1,3600.0,2700.0,2.6865253786930228,0.003342915906005837,agent_0,0.0037643398062470828
10,1,3600.0,2700.0,2.6865253786930228,0.003342915906005837,agent_1,0.0035686727357024054
10,1,3600.0,2700.0,2.6865253786930228,0.003342915906005837,agent_2,0.0031599959654637832
10,1,3900.0,3000.0,2.9816104978312388,0.003701509821926227,agent_0,0.004146213334888078
10,1,3900.0,3000.0,2.9816104978312388,0.003701509821926227,agent_1,0.003924169376317104
10,1,3900.0,3000.0,2.9816104978312388,0.003701509821926227,agent_2,0.0035202536941455094
10,1,4200.0,3300.0,3.2756635818677147,0.004055916025188654,agent_0,0.00451752467880836
10,1,4200.0,3300.0,3.2756635818677147,0.004055916025188654,agent_1,0.004269502880398171
10,1,4200.0,3300.0,3.2756635818677147,0.004055916025188654,agent_2,0.0038815439279405797
10,1,4500.0,3600.0,3.5686057376114135,0.004405675775032564,agent_0,0.004877487044116814
10,1,4500.0,3600.0,3.5686057376114135,0.004405675775032564,agent_1,0.004604231087520407
10,1,4500.0,3600.0,3.5686057376114135,0.004405675775032564,agent_2,0.004243588617055355
10,1,4800.0,3900.0,3.860365404996695,0.004750322684271984,agent_0,0.005225354609149531
10,1,4800.0,3900.0,3.860365404996695,0.004750322684271984,agent_1,0.004927939627155053
10,1,4800.0,3900.0,3.860365404996695,0.004750322684271984,agent_2,0.00460608468915839
10,1,5100.0,4200.0,4.1508791773178295,0.005089383163170484,agent_0,0.005560420965658416
10,1,5100.0,4200.0,4.1508791773178295,0.005089383163170484,agent_1,0.005240238205686203
10,1,5100.0,4200.0,4.1508791773178295,0.005089383163170484,agent_2,0.004968700835935943
10,1,5400.0,4500.0,4.440092648733639,0.005422374301764405,agent_0,0.005882021970378208
10,1,5400.0,4500.0,4.440092648733639,0.005422374301764405,agent_1,0.005540760021667568
10,1,5400.0,4500.0,4.440092648733639,0.005422374301764405,agent_2,0.005331076411464959
10,5,900.0,0.0,0.0,1.2074182697257333e-06,agent_0,0.0
10,5,900.0,0.0,0.0,1.2074182697257333e-06,agent_1,1.2074182697257333e-06
10,5,900.0,0.0,0.0,1.2074182697257333e-06,agent_2,8.537736462515939e-07
10,5,1200.0,300.0,1.4999057198191375,0.0018826971126899856,agent_0,0.002178376647241189
10,5,1200.0,300.0,1.4999057198191375,0.0018826971126899856,agent_1,0.0021095734409616314
10,5,1200.0,300.0,1.4999057198191375,0.0018826971126899856,agent_2,0.0017083716254884876
10,5,1500.0,600.0,2.99924616249347,0.0037639545383354885,agent_0,0.00434695202809749
10,5,1500.0,600.0,2.99924616249347,0.0037639545383354885,agent_1,0.004195423978728201
10,5,1500.0,600.0,2.99924616249347,0.0037639545383354885,agent_2,0.0034302916671728927
10,5,1800.0,900.0,4.4974585890982315,0.005641666163628479,agent_0,0.00650042106150567
10,5,1800.0,900.0,4.4974585890982315,0.005641666163628479,agent_1,0.00625382552455082
10,5,1800.0,900.0,4.4974585890982315,0.005641666163628479,agent_2,0.005165092063922538
10,5,2100.0,1200.0,5.993985811994105,0.0075137171861964485,agent_0,0.008633569140436058
10,5,2100.0,1200.0,5.993985811994105,0.0075137171861964485,agent_1,0.008281237113010488
10,5,2100.0,1200.0,5.993985811994105,0.0075137171861964485,agent_2,0.006912055162034873
10,5,2400.0,1500.0,7.488279341958634,0.009377978381253777,agent_0,0.010741289240356834
10,5,2400.0,1500.0,7.488279341958634,0.009377978381253777,agent_1,0.010274299905376103
10,5,2400.0,1500.0,7.488279341958634,0.009377978381253777,agent_2,0.00867040670947718
10,5,2700.0,1800.0,8.979802537792587,0.011232305585229434,agent_0,0.01281860204847298
10,5,2700.0,1800.0,8.979802537792587,0.011232305585229434,agent_1,0.012229835671254515
10,5,2700.0,1800.0,8.979802537792587,0.011232305585229434,agent_2,0.010439308768539282
10,5,3000.0,2100.0,10.46803386966191,0.013074536079523705,agent_0,0.014860672071935298
10,5,3000.0,2100.0,10.46803386966191,0.013074536079523705,agent_1,0.014144843226017834
10,5,3000.0,2100.0,10.46803386966191,0.013074536079523705,agent_2,0.012217852935867426
10,5,3300.0,2400.0,11.952470231791791,0.014902487387834326,agent_0,0.01686282386771588
10,5,3300.0,2400.0,11.952470231791791,0.014902487387834326,agent_1,0.016016494832265145
10,5,3300.0,2400.0,11.952470231791791,0.014902487387834326,agent_2,0.014005052815449837
10,5,3600.0,2700.0,13.432630349907967,0.016713949579261318,agent_0,0.018820548832122853
10,5,3600.0,2700.0,13.432630349907967,0.016713949579261318,agent_1,0.017842124594838728
10,5,3600.0,2700.0,13.432630349907967,0.016713949579261318,agent_2,0.01579983141278576
10,5,3900.0,3000.0,14.908058328499393,0.0185066880221337,agent_0,0.020729523324101672
10,5,3900.0,3000.0,14.908058328499393,0.0185066880221337,agent_1,0.019619228489568135
10,5,3900.0,3000.0,14.908058328499393,0.0185066880221337,agent_2,0.017601017093544863
10,5,4200.0,3300.0,16.378327272017962,0.020278438793374928,agent_0,0.02258561512842976
10,5,4200.0,3300.0,16.378327272017962,0.020278438793374928,agent_1,0.021345454486158835
10,5,4200.0,3300.0,16.378327272017962,0.020278438793374928,agent_2,0.019407332381647872
10,5,4500.0,3600.0,17.843043097684827,0.022026901846850303,agent_0,0.024384885580819603
10,5,4500.0,3600.0,17.843043097684827,0.022026901846850303,agent_1,0.023018590402215218
10,5,4500.0,3600.0,17.843043097684827,0.022026901846850303,agent_2,0.021217380709816713
10,5,4800.0,3900.0,19.30184843739432,0.023749744801045747,agent_0,0.026123603063528008
10,5,4800.0,3900.0,19.30184843739432,0.023749744801045747,agent_1,0.02463656276638777
10,5,4800.0,3900.0,19.30184843739432,0.023749744801045747,agent_2,0.023029641697829978
10,5,5100.0,4200.0,20.75442675938687,0.025444592936180656,agent_0,0.02779823645185656
10,5,5100.0,4200.0,20.75442675938687,0.025444592936180656,agent_1,0.026197419674915845
10,5,5100.0,4200.0,20.75442675938687,0.025444592936180656,agent_2,0.024842453413823674
10,5,5400.0,4500.0,22.200506610471898,0.027109031514946254,agent_0,0.02940546325234251
10,5,5400.0,4500.0,22.200506610471898,0.027109031514946254,agent_1,0.027699327598225465
10,5,5400.0,4500.0,22.200506610471898,0.027109031514946254,agent_2,0.026654005906884205
10,10,900.0,0.0,0.0,1.2074182697257333e-06,agent_0,0.0
10,10,900.0,0.0,0.0,1.2074182697257333e-06,agent_1,1.2074182697257333e-06
10,10,900.0,0.0,0.0,1.2074182697257333e-06,agent_2,8.537736462515939e-07
10,10,1200.0,300.0,2.9998114397810687,0.0037653923868160993,agent_0,0.00435674610092333
10,10,1200.0,300.0,2.9998114397810687,0.0037653923868160993,agent_1,0.004219130988042311
10,10,1200.0,300.0,2.9998114397810687,0.0037653923868160993,agent_2,0.003416750504923249
10,10,1500.0,600.0,5.998492329714095,0.0075278917965095485,agent_0,0.008693860463595575
10,10,1500.0,600.0,5.998492329714095,0.0075278917965095485,agent_1,0.00839077121134894
10,10,1500.0,600.0,5.998492329714095,0.0075278917965095485,agent_2,0.006860607987120454
10,10,1800.0,900.0,8.994917214103161,0.011283273391160864,agent_0,0.01300071018754241
10,10,1800.0,900.0,8.994917214103161,0.011283273391160864,agent_1,0.0125074508497066
10,10,1800.0,900.0,8.994917214103161,0.011283273391160864,agent_2,0.010330226934748362
10,10,2100.0,1200.0,11.987971775201805,0.015027294559576618,agent_0,0.017266844322136595
10,10,2100.0,1200.0,11.987971775201805,0.015027294559576618,agent_1,0.016562071080480134
10,10,2100.0,1200.0,11.987971775201805,0.015027294559576618,agent_2,0.0138241631834256
10,10,2400.0,1500.0,14.97655914492106,0.018755684193143402,agent_0,0.021482028305933886
10,10,2400.0,1500.0,14.97655914492106,0.018755684193143402,agent_1,0.020547898518326033
10,10,2400.0,1500.0,14.97655914492106,0.018755684193143402,agent_2,0.017340858152251892
10,10,2700.0,1800.0,17.959606221168997,0.022464140892473377,agent_0,0.025636284293528364
10,10,2700.0,1800.0,17.959606221168997,0.022464140892473377,agent_1,0.024458563206789234
10,10,2700.0,1800.0,17.959606221168997,0.022464140892473377,agent_2,0.02087862652646009
10,10,3000.0,2100.0,20.936070211090257,0.026148326832881128,agent_0,0.029719923428585957
10,10,3000.0,2100.0,20.936070211090257,0.026148326832881128,agent_1,0.02828805025980035
10,10,3000.0,2100.0,20.936070211090257,0.026148326832881128,agent_2,0.024435640741394482
10,10,3300.0,2400.0,23.904945272469785,0.029803864932485862,agent_0,0.03372357914915772
10,10,3300.0,2400.0,23.904945272469785,0.029803864932485862,agent_1,0.03203069342405786
10,10,3300.0,2400.0,23.904945272469785,0.029803864932485862,agent_2,0.02800991717990052
10,10,3600.0,2700.0,26.86526934379284,0.033426323370447986,agent_0,0.037638220142836
10,10,3600.0,2700.0,26.86526934379284,0.033426323370447986,agent_1,0.0356811516816694
10,10,3600.0,2700.0,26.86526934379284,0.033426323370447986,agent_2,0.03159929041997157
10,10,3900.0,3000.0,29.8161312528127,0.03701122154269034,agent_0,0.04145518720415568
10,10,3900.0,3000.0,29.8161312528127,0.03701122154269034,agent_1,0.039234409324135286
10,10,3900.0,3000.0,29.8161312528127,0.03701122154269034,agent_2,0.035201405320513184
10,10,4200.0,3300.0,32.75667797349281,0.040554020456182185,agent_0,0.045166206235434506
10,10,4200.0,3300.0,32.75667797349281,0.040554020456182185,agent_1,0.042685756369434516
10,10,4200.0,3300.0,32.75667797349281,0.040554020456182185,agent_2,0.038813694676731375
10,10,4500.0,3600.0,35.68612225862319,0.044050109520363076,agent_0,0.04876339252709895
10,10,4500.0,3600.0,35.68612225862319,0.044050109520363076,agent_1,0.04603076401763209
10,10,4500.0,3600.0,35.68612225862319,0.044050109520363076,agent_2,0.04243335239679315
10,10,4800.0,3900.0,38.60375045903761,0.04749481428205216,agent_0,0.05223927759609625
10,10,4800.0,3900.0,38.60375045903761,0.04749481428205216,agent_1,0.04926528244503021
10,10,4800.0,3900.0,38.60375045903761,0.04749481428205216,agent_2,0.04605732441287145
10,10,5100.0,4200.0,41.50893077169738,0.05088337590634379,agent_0,0.0555867966618167
10,10,5100.0,4200.0,41.50893077169738,0.05088337590634379,agent_1,0.0523854065787296
10,10,5100.0,4200.0,41.50893077169738,0.05088337590634379,agent_2,0.04968227313766325
10,10,5400.0,4500.0,44.4011217304827,0.054210956522342764,agent_0,0.058799304383317964
10,10,5400.0,4500.0,44.4011217304827,0.054210956522342764,agent_1,0.05538746962173801
10,10,5400.0,4500.0,44.4011217304827,0.054210956522342764,agent_2,0.0533045643900321
10,25,900.0,0.0,0.0,1.2074182697257333e-06,agent_0,0.0
10,25,900.0,0.0,0.0,1.2074182697257333e-06,agent_1,1.2074182697257333e-06
10,25,900.0,0.0,0.0,1.2074182697257333e-06,agent_2,8.537736462515939e-07
10,25,1200.0,300.0,7.4995286005654,0.009413464975989175,agent_0,0.010891812412563978
10,25,1200.0,300.0,7.4995286005654,0.009413464975989175,agent_1,0.010547707166523763
10,25,1200.0,300.0,7.4995286005654,0.009413464975989175,agent_2,0.008541933230534291
10,25,1500.0,600.0,14.996230859846998,0.018819597741691167,agent_0,0.02173432427376027
10,25,1500.0,600.0,14.996230859846998,0.018819597741691167,agent_1,0.02097635213076083
10,25,1500.0,600.0,14.996230859846998,0.018819597741691167,agent_2,0.017151706104243918
10,25,1800.0,900.0,22.48729330522473,0.02820773994836004,agent_0,0.0325007845382771
10,25,1800.0,900.0,22.48729330522473,0.02820773994836004,agent_1,0.03126712387857767
10,25,1800.0,900.0,22.48729330522473,0.02820773994836004,agent_2,0.02582588866028086
10,25,2100.0,1200.0,29.969930574886103,0.03756718587489097,agent_0,0.043164902552723386
10,25,2100.0,1200.0,29.969930574886103,0.03756718587489097,agent_1,0.041402149746673
10,25,2100.0,1200.0,29.969930574886103,0.03756718587489097,agent_2,0.03456080187871636
10,25,2400.0,1500.0,37.44140132822413,0.04688716119989941,agent_0,0.0537009374351188
10,25,2400.0,1500.0,37.44140132822413,0.04688716119989941,agent_1,0.051364480774980466
10,25,2400.0,1500.0,37.44140132822413,0.04688716119989941,agent_2,0.04335247733967465
10,25,2700.0,1800.0,44.89902416518915,0.05615681684181592,agent_0,0.06408379995058623
10,25,2700.0,1800.0,44.89902416518915,0.05615681684181592,agent_1,0.06113808750311331
10,25,2700.0,1800.0,44.89902416518915,0.05615681684181592,agent_2,0.05219662660784385
10,25,3000.0,2100.0,52.3401941092423,0.06536521439459475,agent_0,0.07428913540854867
10,25,3000.0,2100.0,52.3401941092423,0.06536521439459475,agent_1,0.07070784006419975
10,25,3000.0,2100.0,52.3401941092423,0.06536521439459475,agent_2,0.06108860209599698
10,25,3300.0,2400.0,59.76239933059979,0.07450131963871681,agent_0,0.08429340801332341
10,25,3300.0,2400.0,59.76239933059979,0.07450131963871681,agent_1,0.08005949178792597
10,25,3300.0,2400.0,59.76239933059979,0.07450131963871681,agent_2,0.07002336262112721
10,25,3600.0,2700.0,67.16323833531102,0.08355396392954159,agent_0,0.09407393466746723
10,25,3600.0,2700.0,67.16323833531102,0.08355396392954159,agent_1,0.08917962126000609
10,25,3600.0,2700.0,67.16323833531102,0.08355396392954159,agent_2,0.07899540897295315
10,25,3900.0,3000.0,74.54043784242796,0.09251185977954672,agent_0,0.10360897848511468
10,25,3900.0,3000.0,74.54043784242796,0.09251185977954672,agent_1,0.09805563245560114
10,25,3900.0,3000.0,74.54043784242796,0.09251185977954672,agent_2,0.08799876405965175
10,25,4200.0,3300.0,81.89187102260688,0.10136357734286673,agent_0,0.11287778170329638
10,25,4200.0,3300.0,81.89187102260688,0.10136357734286673,agent_1,0.1066757056452287
10,25,4200.0,3300.0,81.89187102260688,0.10136357734286673,agent_2,0.0970269170530751
10,25,4500.0,3600.0,89.21557666812541,0.11009751158339898,agent_0,0.12186057742661979
10,25,4500.0,3600.0,89.21557666812541,0.11009751158339898,agent_1,0.11502873620768
10,25,4500.0,3600.0,89.21557666812541,0.11009751158339898,agent_2,0.10607275607720099
10,25,4800.0,3900.0,96.50977881102872,0.11870190245011608,agent_0,0.13053865681872792
10,25,4800.0,3900.0,96.50977881102872,0.11870190245011608,agent_1,0.12310432870851762
10,25,4800.0,3900.0,96.50977881102872,0.11870190245011608,agent_2,0.11512854607243772
10,25,5100.0,4200.0,103.77290740352419,0.12716478388771937,agent_0,0.1388943384253688
10,25,5100.0,4200.0,103.77290740352419,0.12716478388771937,agent_1,0.13089271134962202
10,25,5100.0,4200.0,103.77290740352419,0.12716478388771937,agent_2,0.12418583976327131
10,25,5400.0,4500.0,111.00361958585572,0.1354739978398781,agent_0,0.14691100728598766
10,25,5400.0,4500.0,111.00361958585572,0.1354739978398781,agent_1,0.1383847193301274
10,25,5400.0,4500.0,111.00361958585572,0.1354739978398781,agent_2,0.1332354452197658
10,50,900.0,0.0,0.0,1.2074182697257333e-06,agent_0,0.0
10,50,900.0,0.0,0.0,1.2074182697257333e-06,agent_1,1.2074182697257333e-06
10,50,900.0,0.0,0.0,1.2074182697257333e-06,agent_2,8.537736462515939e-07
10,50,1200.0,300.0,14.999057204854696,0.018826874998022117,agent_0,0.02178344797434549
10,50,1200.0,300.0,14.999057204854696,0.018826874998022117,agent_1,0.02109501316109424
10,50,1200.0,300.0,14.999057204854696,0.018826874998022117,agent_2,0.017084056549452664
10,50,1500.0,600.0,29.992461838822578,0.03763875505798012,agent_0,0.04346755579516549
10,50,1500.0,600.0,29.992461838822578,0.03763875505798012,agent_1,0.0419507813220548
10,50,1500.0,600.0,29.992461838822578,0.03763875505798012,agent_2,0.034304031095611455
10,50,1800.0,900.0,44.974587514744464,0.0564139941511834,agent_0,0.06499825504007907
10,50,1800.0,900.0,44.974587514744464,0.0564139941511834,agent_1,0.06252922759327216
10,50,1800.0,900.0,44.974587514744464,0.0564139941511834,agent_2,0.05165284287830411
10,50,2100.0,1200.0,59.939864957742515,0.07513085300062211,agent_0,0.08632241919729582
10,50,2100.0,1200.0,59.939864957742515,0.07513085300062211,agent_1,0.08279418525874935
10,50,2100.0,1200.0,59.939864957742515,0.07513085300062211,agent_2,0.06912290343504027
10,50,2400.0,1500.0,74.88281426486002,0.09376745871591172,agent_0,0.10738804954875618
10,50,2400.0,1500.0,74.88281426486002,0.09376745871591172,agent_1,0.1027113703657803
10,50,2400.0,1500.0,74.88281426486002,0.09376745871591172,agent_2,0.08670603476842449
10,50,2700.0,1800.0,89.79807717348193,0.11230179337471441,agent_0,0.1281444850236041
10,50,2700.0,1800.0,89.79807717348193,0.11230179337471441,agent_1,0.12224837562870303
10,50,2700.0,1800.0,89.79807717348193,0.11230179337471441,agent_2,0.1043934078472938
10,50,3000.0,2100.0,104.6804504440662,0.13071166659568503,agent_0,0.148542573755742
10,50,3000.0,2100.0,104.6804504440662,0.13071166659568503,agent_1,0.14137463200333186
10,50,3000.0,2100.0,104.6804504440662,0.13071166659568503,agent_2,0.1221754639755113
10,50,3300.0,2400.0,119.52491970634959,0.1489747038887715,agent_0,0.1685348467177086
10,50,3300.0,2400.0,119.52491970634959,0.1489747038887715,agent_1,0.16006137691061745
10,50,3300.0,2400.0,119.52491970634959,0.1489747038887715,agent_2,0.14004184572387376
10,50,3600.0,2700.0,134.32669421573738,0.1670682709258672,agent_0,0.1880755898178483
10,50,3600.0,2700.0,134.32669421573738,0.1670682709258672,agent_1,0.17828153892799656
10,50,3600.0,2700.0,134.32669421573738,0.1670682709258672,agent_2,0.15798126779696828
10,50,3900.0,3000.0,149.08124295936034,0.18496950618864083,agent_0,0.20712103450471617
10,50,3900.0,3000.0,149.08124295936034,0.18496950618864083,agent_1,0.19600973829315657
10,50,3900.0,3000.0,149.08124295936034,0.18496950618864083,agent_2,0.17598147717005394
10,50,4200.0,3300.0,163.78433146362426,0.20265527559232444,agent_0,0.22562942642744388
10,50,4200.0,3300.0,163.78433146362426,0.20265527559232444,agent_1,0.21322218882720959
10,50,4200.0,3300.0,163.78433146362426,0.20265527559232444,agent_2,0.19402914150843031
10,50,4500.0,3600.0,178.43206038756736,0.22010210837011615,agent_0,0.2435610512232603
10,50,4500.0,3600.0,178.43206038756736,0.22010210837011615,agent_1,0.229896574991038
10,50,4500.0,3600.0,178.43206038756736,0.22010210837011615,agent_2,0.212109714575842
10,50,4800.0,3900.0,193.0209050353303,0.2372862391850493,agent_0,0.26087837018961946
10,50,4800.0,3900.0,193.0209050353303,0.2372862391850493,agent_1,0.2460120395404863
10,50,4800.0,3900.0,193.0209050353303,0.2372862391850493,agent_2,0.2302073924151768
10,50,5100.0,4200.0,207.5477568845615,0.2541835078453102,agent_0,0.27754595981881336
10,50,5100.0,4200.0,207.5477568845615,0.2541835078453102,agent_1,0.261549011883558
10,50,5100.0,4200.0,207.5477568845615,0.2541835078453102,agent_2,0.24830493576466053
10,50,5400.0,4500.0,222.00996625721737,0.27076938926786914,agent_0,0.29353059014394095
10,50,5400.0,4500.0,222.00996625721737,0.27076938926786914,agent_1,0.27648917365636666
10,50,5400.0,4500.0,222.00996625721737,0.27076938926786914,agent_2,0.26638360601402833
10,100,900.0,0.0,0.0,1.2074182697257333e-06,agent_0,0.0
10,100,900.0,0.0,0.0,1.2074182697257333e-06,agent_1,1.2074182697257333e-06
10,100,900.0,0.0,0.0,1.2074182697257333e-06,agent_2,8.537736462515939e-07
10,100,1200.0,300.0,29.998114424738073,0.037653527761817455,agent_0,0.04356618550887888
10,100,1200.0,300.0,29.998114424738073,0.037653527761817455,agent_1,0.0421884190777766
10,100,1200.0,300.0,29.998114424738073,0.037653527761817455,agent_2,0.03416887252032806
10,100,1500.0,600.0,59.98492415851666,0.07527573218907765,agent_0,0.08693071610558953
10,100,1500.0,600.0,59.98492415851666,0.07527573218907765,agent_1,0.08389384941557095
10,100,1500.0,600.0,59.98492415851666,0.07527573218907765,agent_2,0.06861052554764337
10,100,1800.0,900.0,89.94917867966142,0.11282199096012571,agent_0,0.1299831723369536
10,100,1800.0,900.0,89.94917867966142,0.11282199096012571,agent_1,0.1250383049639167
10,100,1800.0,900.0,89.94917867966142,0.11282199096012571,agent_2,0.10330990626896316
10,100,2100.0,1200.0,119.87974528509999,0.15024750376993226,agent_0,0.17261510637590705
10,100,2100.0,1200.0,119.87974528509999,0.15024750376993226,agent_1,0.16554775549581513
10,100,2100.0,1200.0,119.87974528509999,0.15024750376993226,agent_2,0.13825090522419073
10,100,2400.0,1500.0,149.7656753781998,0.1875072173342729,agent_0,0.21472044183158215
10,100,2400.0,1500.0,149.7656753781998,0.1875072173342729,agent_1,0.2053520819968778
10,100,2400.0,1500.0,149.7656753781998,0.1875072173342729,agent_2,0.17341619122603127
10,100,2700.0,1800.0,179.59627073487877,0.22455580852187895,agent_0,0.2561959193293094
10,100,2700.0,1800.0,179.59627073487877,0.22455580852187895,agent_1,0.2443850729686519
10,100,2700.0,1800.0,179.59627073487877,0.22455580852187895,agent_2,0.20878708691359246
10,100,3000.0,2100.0,209.36115194261123,0.2613476354117778,agent_0,0.29694146306702857
10,100,3000.0,2100.0,209.36115194261123,0.2613476354117778,agent_1,0.2825843534919481
10,100,3000.0,2100.0,209.36115194261123,0.2613476354117778,agent_2,0.24434341037235666
10,100,3300.0,2400.0,239.05032769330063,0.29783672002874667,agent_0,0.3368605487257586
10,100,3300.0,2400.0,239.05032769330063,0.29783672002874667,agent_1,0.3198913258915773
10,100,3300.0,2400.0,239.05032769330063,0.29783672002874667,agent_2,0.2800633360796602
10,100,3600.0,2700.0,268.6542658045735,0.3339766032013161,agent_0,0.37586036548038093
10,100,3600.0,2700.0,268.6542658045735,0.3339766032013161,agent_1,0.3562509417786845
10,100,3600.0,2700.0,268.6542658045735,0.3339766032013161,agent_2,0.3159231360678857
10,100,3900.0,3000.0,298.1639668286107,0.36972041619465806,agent_0,0.41385221173848363
10,100,3900.0,3000.0,298.1639668286107,0.36972041619465806,agent_1,0.39161170366845904
10,100,3900.0,3000.0,298.1639668286107,0.36972041619465806,agent_2,0.35189710006409153
10,100,4200.0,3300.0,327.5710389292456,0.405020796557097,agent_0,0.45075164394714373
10,100,4200.0,3300.0,327.5710389292456,0.405020796557097,agent_1,0.4259254685019772
10,100,4200.0,3300.0,327.5710389292456,0.405020796557097,agent_2,0.3879573127463471
10,100,4500.0,3600.0,356.86777617613393,0.4398297667150038,agent_0,0.4864785368460562
10,100,4500.0,3600.0,356.86777617613393,0.4398297667150038,agent_1,0.4591472003296984
10,100,4500.0,3600.0,356.86777617613393,0.4398297667150038,agent_2,0.4240733855087094
10,100,4800.0,3900.0,386.0472384881211,0.4740988250677015,agent_0,0.5209573597817762
10,100,4800.0,3900.0,386.0472384881211,0.4740988250677015,agent_1,0.49123494271793644
10,100,4800.0,3900.0,386.0472384881211,0.4740988250677015,agent_2,0.46021237063881015
10,100,5100.0,4200.0,415.10333540136355,0.5077787529027005,agent_0,0.5541170588225666
10,100,5100.0,4200.0,415.10333540136355,0.5077787529027005,agent_1,0.522149472591036
10,100,5100.0,4200.0,415.10333540136355,0.5077787529027005,agent_2,0.4963384088315832
10,100,5400.0,4500.0,444.0309118770882,0.5408196816148906,agent_0,0.5858912128965454
10,100,5400.0,4500.0,444.0309118770882,0.5408196816148906,agent_1,0.5518542271718381
10,100,5400.0,4500.0,444.0309118770882,0.5408196816148906,agent_2,0.5324126047848918
11,1,900.0,0.0,0.0,0.0,agent_0,0.0
11,1,900.0,0.0,0.0,0.0,agent_1,0.0
11,1,900.0,0.0,0.0,0.0,agent_2,0.0
11,1,1200.0,300.0,0.2999819596846287,0.00037081896828328924,agent_0,0.0003524927309743655
11,1,1200.0,300.0,0.2999819596846287,0.00037081896828328924,agent_1,0.000373104944512882
11,1,1200.0,300.0,0.2999819596846287,0.00037081896828328924,agent_2,0.00036494304587941426
11,1,1500.0,600.0,0.59985599886104,0.0007405131783657704,agent_0,0.0007038823935855402
11,1,1500.0,600.0,0.59985599886104,0.0007405131783657704,agent_1,0.0007446085915249992
11,1,1500.0,600.0,0.59985599886104,0.0007405131783657704,agent_2,0.0007296993129626574
11,1,1800.0,900.0,0.8995153550568372,0.0011086621460474923,agent_0,0.001053698504301188
11,1,1800.0,900.0,0.8995153550568372,0.0011086621460474923,agent_1,0.0011140169271424563
11,1,1800.0,900.0,0.8995153550568372,0.0011086621460474923,agent_2,0.0010939079585712995
11,1,2100.0,1200.0,1.1988550551408694,0.0014748506668410038,agent_0,0.0014014766569751705
11,1,2100.0,1200.0,1.1988550551408694,0.0014748506668410038,agent_1,0.0014808393170939824
11,1,2100.0,1200.0,1.1988550551408694,0.0014748506668410038,agent_2,0.0014572015408788942
11,1,2400.0,1500.0,1.4977724974521784,0.0018386681015685887,agent_0,0.0017467505656577115
11,1,2400.0,1500.0,1.4977724974521784,0.0018386681015685887,agent_1,0.001844590558937706
11,1,2400.0,1500.0,1.4977724974521784,0.0018386681015685887,agent_2,0.001819224563768255
11,1,2700.0,1800.0,1.7961680186786313,0.0021997060053207604,agent_0,0.002089059549241045
11,1,2700.0,1800.0,1.7961680186786313,0.0021997060053207604,agent_1,0.002204784938583406
11,1,2700.0,1800.0,1.7961680186786313,0.0021997060053207604,agent_2,0.0021796209127607586
11,1,3000.0,2100.0,2.093945467024141,0.0025575608635088447,agent_0,0.00242794416646912
11,1,3000.0,2100.0,2.093945467024141,0.0025575608635088447,agent_1,0.0025609416930966085
11,1,3000.0,2100.0,2.093945467024141,0.0025575608635088447,agent_2,0.002538039012275672
11,1,3300.0,2400.0,2.3910127677860817,0.002911830036503364,agent_0,0.0027629446216482847
11,1,3300.0,2400.0,2.3910127677860817,0.002911830036503364,agent_1,0.0029125821923876517
11,1,3300.0,2400.0,2.3910127677860817,0.002911830036503364,agent_2,0.0028941298350861726
11,1,3600.0,2700.0,2.687282489705734,0.003262113918287245,agent_0,0.0030936061303728168
11,1,3600.0,2700.0,2.687282489705734,0.003262113918287245,agent_1,0.0032592305460129537
11,1,3600.0,2700.0,2.687282489705734,0.003262113918287245,agent_2,0.0032475459894623425
11,1,3900.0,3000.0,2.982672419801673,0.0036080153069355343,agent_0,0.0034194729183518514
11,1,3900.0,3000.0,2.982672419801673,0.0036080153069355343,agent_1,0.0036004126642692085
11,1,3900.0,3000.0,2.982672419801673,0.0036080153069355343,agent_2,0.0035979423451958175
11,1,4200.0,3300.0,3.2771061330592546,0.003949137915367435,agent_0,0.0037400920583833906
11,1,4200.0,3300.0,3.2771061330592546,0.003949137915367435,agent_1,0.0039356575016758245
11,1,4200.0,3300.0,3.2771061330592546,0.003949137915367435,agent_2,0.003944974286003799
11,1,4500.0,3600.0,3.570513577453219,0.004285086529367717,agent_0,0.004055010854001015
11,1,4500.0,3600.0,3.570513577453219,0.004285086529367717,agent_1,0.004264494499832493
11,1,4500.0,3600.0,3.570513577453219,0.004285086529367717,agent_2,0.004288297739217417
11,1,4800.0,3900.0,3.8628316562083995,0.004615467009375042,agent_0,0.004363778676490538
11,1,4800.0,3900.0,3.8628316562083995,0.004615467009375042,agent_1,0.0045864550233129945
11,1,4800.0,3900.0,3.8628316562083995,0.004615467009375042,agent_2,0.004627569808114286
11,1,5100.0,4200.0,4.1540048279834965,0.004939885771747288,agent_0,0.004665944841339346
11,1,5100.0,4200.0,4.1540048279834965,0.004939885771747288,agent_1,0.0049010725776495205
11,1,5100.0,4200.0,4.1540048279834965,0.004939885771747288,agent_2,0.004962446125236635
11,1,5400.0,4500.0,4.443985706647402,0.005257949250044479,agent_0,0.004961060693814306
11,1,5400.0,4500.0,4.443985706647402,0.005257949250044479,agent_1,0.005207881518619896
11,1,5400.0,4500.0,4.443985706647402,0.005257949250044479,agent_2,0.005292583464493443
11,5,900.0,0.0,0.0,0.0,agent_0,0.0
11,5,900.0,0.0,0.0,0.0,agent_1,0.0
11,5,900.0,0.0,0.0,0.0,agent_2,0.0
11,5,1200.0,300.0,1.4999097984847607,0.0018540977900846146,agent_0,0.001762461793802733
11,5,1200.0,300.0,1.4999097984847607,0.0018540977900846146,agent_1,0.0018655198384252563
11,5,1200.0,300.0,1.4999097984847607,0.0018540977900846146,agent_2,0.0018247134318294521
11,5,1500.0,600.0,2.9992799960807477,0.003702560970658324,agent_0,0.0035193976773687887
11,5,1500.0,600.0,2.9992799960807477,0.003702560970658324,agent_1,0.003723021029863877
11,5,1500.0,600.0,2.9992799960807477,0.003702560970658324,agent_2,0.0036485126483832148
11,5,1800.0,900.0,4.497576788732396,0.005543289035244399,agent_0,0.005268458141620539
11,5,1800.0,900.0,4.497576788732396,0.005543289035244399,agent_1,0.005570030001388997
11,5,1800.0,900.0,4.497576788732396,0.005543289035244399,agent_2,0.005469559452244316
11,5,2100.0,1200.0,5.994275332113385,0.00737420035642759,agent_0,0.007007305375364574
11,5,2100.0,1200.0,5.994275332113385,0.00737420035642759,agent_1,0.007404089379606587
11,5,2100.0,1200.0,5.994275332113385,0.00737420035642759,agent_2,0.007286035071393461
11,5,2400.0,1500.0,7.488862658553048,0.009193235657201829,agent_0,0.008733614832230984
11,5,2400.0,1500.0,7.488862658553048,0.009193235657201829,agent_1,0.009222759998104362
11,5,2400.0,1500.0,7.488862658553048,0.009193235657201829,agent_2,0.009096144224373064
11,5,2700.0,1800.0,8.980840517425616,0.010998351628611588,agent_0,0.010445072315873888
11,5,2700.0,1800.0,8.980840517425616,0.010998351628611588,agent_1,0.011023616342656908
11,5,2700.0,1800.0,8.980840517425616,0.010998351628611588,agent_2,0.01089810779009743
11,5,3000.0,2100.0,10.469728246450053,0.012787521011824789,agent_0,0.012139373909221925
11,5,3000.0,2100.0,10.469728246450053,0.012787521011824789,agent_1,0.01280424840143249
11,5,3000.0,2100.0,10.469728246450053,0.012787521011824789,agent_2,0.012690162833473264
11,5,3300.0,2400.0,11.95506560503883,0.014558729703348677,agent_0,0.013814224584290965
11,5,3300.0,2400.0,11.95506560503883,0.014558729703348677,agent_1,0.014562258608386188
11,5,3300.0,2400.0,11.95506560503883,0.014558729703348677,agent_2,0.014470558439992096
11,5,3600.0,2700.0,13.436415610671785,0.016309974913056507,agent_0,0.01546733815744125
11,5,3600.0,2700.0,13.436415610671785,0.016309974913056507,agent_1,0.01629526197976637
11,5,3600.0,2700.0,13.436415610671785,0.016309974913056507,agent_2,0.016237553958102308
11,5,3900.0,3000.0,14.913367417588006,0.01803926539476508,agent_0,0.017096437529357588
11,5,3900.0,3000.0,14.913367417588006,0.01803926539476508,agent_1,0.018000886409545242
11,5,3900.0,3000.0,14.913367417588006,0.01803926539476508,agent_2,0.01798941845548838
11,5,4200.0,3300.0,16.385539168811206,0.019744618268990582,agent_0,0.018699253633308523
11,5,4200.0,3300.0,16.385539168811206,0.019744618268990582,agent_1,0.019676771141286846
11,5,4200.0,3300.0,16.385539168811206,0.019744618268990582,agent_2,0.019724427506139498
11,5,4500.0,3600.0,17.852580924806723,0.021424052138980704,agent_0,0.020273519539089374
11,5,4500.0,3600.0,17.852580924806723,0.021424052138980704,agent_1,0.021320560116950424
11,5,4500.0,3600.0,17.852580924806723,0.021424052138980704,agent_2,0.021440855440365423
11,5,4800.0,3900.0,19.314177576988904,0.023075594784681908,agent_0,0.021816978802380583
11,5,4800.0,3900.0,19.314177576988904,0.023075594784681908,agent_1,0.022929910583460788
11,5,4800.0,3900.0,19.314177576988904,0.023075594784681908,agent_2,0.023136983042168
11,5,5100.0,4200.0,20.77005185072451,0.024697273126420033,agent_0,0.023327376925249745
11,5,5100.0,4200.0,20.77005185072451,0.024697273126420033,agent_1,0.02450248413822619
11,5,5100.0,4200.0,20.77005185072451,0.024697273126420033,agent_2,0.02481108684267552
11,5,5400.0,4500.0,22.21996730525621,0.026287118841716268,agent_0,0.024802467667314036
11,5,5400.0,4500.0,22.21996730525621,0.026287118841716268,agent_1,0.02603595269949341
11,5,5400.0,4500.0,22.21996730525621,0.026287118841716268,agent_2,0.026461445003490514
11,10,900.0,0.0,0.0,0.0,agent_0,0.0
11,10,900.0,0.0,0.0,0.0,agent_1,0.0
11,10,900.0,0.0,0.0,0.0,agent_2,0.0
11,10,1200.0,300.0,2.9998195971096893,0.003708193123497005,agent_0,0.003524918108004259
11,10,1200.0,300.0,2.9998195971096893,0.003708193123497005,agent_1,0.0037310292250895233
11,10,1200.0,300.0,2.9998195971096893,0.003708193123497005,agent_2,0.0036494364515358368
11,10,1500.0,600.0,5.998559996613871,0.00740510526028747,agent_0,0.007038764134999548
11,10,1500.0,600.0,5.998559996613871,0.00740510526028747,agent_1,0.007445991304986105
11,10,1500.0,600.0,5.998559996613871,0.00740510526028747,agent_2,0.007297058015694491
11,10,1800.0,900.0,8.995153611117122,0.01108652104621113,agent_0,0.010536827745357871
11,10,1800.0,900.0,8.995153611117122,0.01108652104621113,agent_1,0.01113992607343361
11,10,1800.0,900.0,8.995153611117122,0.01108652104621113,agent_2,0.010939173990733244
11,10,2100.0,1200.0,11.988550805398141,0.014748266358097315,agent_0,0.01401442132154878
11,10,2100.0,1200.0,11.988550805398141,0.014748266358097315,agent_1,0.014807905786938563
11,10,2100.0,1200.0,11.988550805398141,0.014748266358097315,agent_2,0.014572136776872451
11,10,2400.0,1500.0,14.977725745825552,0.018386210151603372,agent_0,0.01746688486554797
11,10,2400.0,1500.0,14.977725745825552,0.018386210151603372,agent_1,0.018445039274098924
11,10,2400.0,1500.0,14.977725745825552,0.018386210151603372,agent_2,0.018192343779846305
11,10,2700.0,1800.0,17.961682096043866,0.021996254083851162,agent_0,0.020889578058480216
11,10,2700.0,1800.0,17.961682096043866,0.021996254083851162,agent_1,0.022046463879992016
11,10,2700.0,1800.0,17.961682096043866,0.021996254083851162,agent_2,0.021796225510986717
11,10,3000.0,2100.0,20.939458773597714,0.025574332796884293,agent_0,0.024277882936396086
11,10,3000.0,2100.0,20.939458773597714,0.025574332796884293,agent_1,0.025607347844989366
11,10,3000.0,2100.0,20.939458773597714,0.025574332796884293,agent_2,0.02538024475952472
11,10,3300.0,2400.0,23.910135629827362,0.029116406976207036,agent_0,0.027627199340227834
11,10,3300.0,2400.0,23.910135629827362,0.029116406976207036,agent_1,0.02912288551570527
11,10,3300.0,2400.0,23.910135629827362,0.029116406976207036,agent_2,0.0289408888307357
11,10,3600.0,2700.0,26.872839134524686,0.03261846094325187,agent_0,0.03093294510171626
11,10,3600.0,2700.0,26.872839134524686,0.03261846094325187,agent_1,0.032588296495771545
11,10,3600.0,2700.0,26.872839134524686,0.03261846094325187,agent_2,0.03247466583268843
11,10,3900.0,3000.0,29.826748144375795,0.036076502206144646,agent_0,0.034190557233689786
11,10,3900.0,3000.0,29.826748144375795,0.036076502206144646,agent_1,0.03599882734971305
11,10,3900.0,3000.0,29.826748144375795,0.036076502206144646,agent_2,0.03597810354154249
11,10,4200.0,3300.0,32.77109961628078,0.03948655603811532,agent_0,0.0373954891987332
11,10,4200.0,3300.0,32.77109961628078,0.03948655603811532,agent_1,0.03934974776247695
11,10,4200.0,3300.0,32.77109961628078,0.03948655603811532,agent_2,0.0394477429103533
11,10,4500.0,3600.0,35.70519447283146,0.04284465096988918,agent_0,0.040543199751533136
11,10,4500.0,3600.0,35.70519447283146,0.04284465096988918,agent_1,0.042636337913350336
11,10,4500.0,3600.0,35.70519447283146,0.04284465096988918,agent_2,0.04288012320078631
11,10,4800.0,3900.0,38.6284034356756,0.046146834603930036,agent_0,0.04362916900081596
11,10,4800.0,3900.0,38.6284034356756,0.046146834603930036,agent_1,0.04585390561314731
11,10,4800.0,3900.0,38.6284034356756,0.046146834603930036,agent_2,0.04627179662425555
11,10,5100.0,4200.0,41.54017303610206,0.04938915349410108,agent_0,0.04664888213208254
11,10,5100.0,4200.0,41.54017303610206,0.04938915349410108,agent_1,0.04899776800472688
11,10,5100.0,4200.0,41.54017303610206,0.04938915349410108,agent_2,0.04961930765832789
11,10,5400.0,4500.0,44.44003161748817,0.05256766473912224,agent_0,0.04959784162439854
11,10,5400.0,4500.0,44.44003161748817,0.05256766473912224,agent_1,0.052063264222533816
11,10,5400.0,4500.0,44.44003161748817,0.05256766473912224,agent_2,0.05291920417089509
11,25,900.0,0.0,0.0,0.0,agent_0,0.0
11,25,900.0,0.0,0.0,0.0,agent_1,0.0
11,25,900.0,0.0,0.0,0.0,agent_2,0.0
11,25,1200.0,300.0,7.4995489938305395,0.00927046706192357,agent_0,0.008812251695511376
11,25,1200.0,300.0,7.4995489938305395,0.00927046706192357,agent_1,0.009327494952540701
11,25,1200.0,300.0,7.4995489938305395,0.00927046706192357,agent_2,0.009123666317834988
11,25,1500.0,600.0,14.99640002499277,0.0185126357382943,agent_0,0.017596675122836913
11,25,1500.0,600.0,14.99640002499277,0.0185126357382943,agent_1,0.018614598517083875
11,25,1500.0,600.0,14.99640002499277,0.0185126357382943,agent_2,0.01824288748919681
11,25,1800.0,900.0,22.487884280789153,0.02771587453274532,agent_0,0.026341404045833464
11,25,1800.0,900.0,22.487884280789153,0.02771587453274532,agent_1,0.027848810729302516
11,25,1800.0,900.0,22.487884280789153,0.02771587453274532,agent_2,0.02734834729793192
11,25,2100.0,1200.0,29.971378074807415,0.03686965552628975,agent_0,0.03503463142495684
11,25,2100.0,1200.0,29.971378074807415,0.03686965552628975,agent_1,0.03701771464213576
11,25,2100.0,1200.0,29.971378074807415,0.03686965552628975,agent_2,0.036430839236660816
11,25,2400.0,1500.0,37.44431758755857,0.0459635613815851,agent_0,0.043664621059678284
11,25,2400.0,1500.0,37.44431758755857,0.0459635613815851,agent_1,0.04610898873623757
11,25,2400.0,1500.0,37.44431758755857,0.0459635613815851,agent_2,0.04548126990693853
11,25,2700.0,1800.0,44.904213217551494,0.05498725882686556,agent_0,0.05221968914104557
11,25,2700.0,1800.0,44.904213217551494,0.05498725882686556,agent_1,0.055110386202269726
11,25,2700.0,1800.0,44.904213217551494,0.05498725882686556,agent_2,0.054490629940246345
11,25,3000.0,2100.0,52.348664078369744,0.0639305002800618,agent_0,0.06068821088070038
11,25,3000.0,2100.0,52.348664078369744,0.0639305002800618,agent_1,0.06400974186987135
11,25,3000.0,2100.0,52.348664078369744,0.0639305002800618,agent_2,0.06344999250917718
11,25,3300.0,2400.0,59.77537229692814,0.07278310644466175,agent_0,0.06905861002557637
11,25,3300.0,2400.0,59.77537229692814,0.07278310644466175,agent_1,0.07279495995531975
11,25,3300.0,2400.0,59.77537229692814,0.07278310644466175,agent_2,0.0723504934447541
11,25,3600.0,2700.0,67.18215731526814,0.0815349607727018,agent_0,0.07731935907293738
11,25,3600.0,2700.0,67.18215731526814,0.0815349607727018,agent_1,0.08145401357664744
11,25,3600.0,2700.0,67.18215731526814,0.0815349607727018,agent_2,0.08118332305540737
11,25,3900.0,3000.0,74.56697039292041,0.09017600880705257,agent_0,0.0854589835992089
11,25,3900.0,3000.0,74.56697039292041,0.09017600880705257,agent_1,0.08997494857661172
11,25,3900.0,3000.0,74.56697039292041,0.09017600880705257,agent_2,0.08993972293558448
11,25,4200.0,3300.0,81.92790896105109,0.09869624473049719,agent_0,0.09346605513507115
11,25,4200.0,3300.0,81.92790896105109,0.09869624473049719,agent_1,0.09834587467054559
11,25,4200.0,3300.0,81.92790896105109,0.09869624473049719,agent_2,0.09861097054758168
11,25,4500.0,3600.0,89.26323134590082,0.10708567555104907,agent_0,0.10132916404220908
11,25,4500.0,3600.0,89.26323134590082,0.10708567555104907,agent_1,0.1065549343631433
11,25,4500.0,3600.0,89.26323134590082,0.10708567555104907,agent_2,0.1071883417220691
11,25,4800.0,3900.0,96.57137139945817,0.1153343610835202,agent_0,0.10903695999076288
11,25,4800.0,3900.0,96.57137139945817,0.1153343610835202,agent_1,0.11459034628398779
11,25,4800.0,3900.0,96.57137139945817,0.1153343610835202,agent_2,0.11566314793553507
11,25,5100.0,4200.0,103.85095355962785,0.12343236367023762,agent_0,0.11657811173163801
11,25,5100.0,4200.0,103.85095355962785,0.12343236367023762,agent_1,0.12244035957156608
11,25,5100.0,4200.0,103.85095355962785,0.12343236367023762,agent_2,0.12402668489034846
11,25,5400.0,4500.0,111.10080787512531,0.13136977781181508,agent_0,0.12394133802619606
11,25,5400.0,4500.0,111.10080787512531,0.13136977781181508,agent_1,0.13009328628713826
11,25,5400.0,4500.0,111.10080787512531,0.13136977781181508,agent_2,0.13227026027804187
11,50,900.0,0.0,0.0,0.0,agent_0,0.0
11,50,900.0,0.0,0.0,0.0,agent_1,0.0
11,50,900.0,0.0,0.0,0.0,agent_2,0.0
11,50,1200.0,300.0,14.999097991175308,0.01854088063795521,agent_0,0.01762435790069161
11,50,1200.0,300.0,14.999097991175308,0.01854088063795521,agent_1,0.018654729711127523
11,50,1200.0,300.0,14.999097991175308,0.01854088063795521,agent_2,0.018247583759794565
11,50,1500.0,600.0,29.99280016204056,0.037024844948516863,agent_0,0.03519256426378421
11,50,1500.0,600.0,29.99280016204056,0.037024844948516863,agent_1,0.03722792958357598
11,50,1500.0,600.0,29.99280016204056,0.037024844948516863,agent_2,0.03648658092327849
11,50,1800.0,900.0,44.97576940894545,0.055430315216843155,agent_0,0.05268058474965524
11,50,1800.0,900.0,44.97576940894545,0.055430315216843155,agent_1,0.055694266256196064
11,50,1800.0,900.0,44.97576940894545,0.055430315216843155,agent_2,0.05469806223567262
11,50,2100.0,1200.0,59.94275970415638,0.073735927075912,agent_0,0.07006450974393709
11,50,2100.0,1200.0,59.94275970415638,0.073735927075912,agent_1,0.07402858087746252
11,50,2100.0,1200.0,59.94275970415638,0.073735927075912,agent_2,0.07286332035508997
11,50,2400.0,1500.0,74.88864596901215,0.09192054505789214,agent_0,0.08732057942499628
11,50,2400.0,1500.0,74.88864596901215,0.09192054505789214,agent_1,0.09220591662315351
11,50,2400.0,1500.0,74.88864596901215,0.09192054505789214,agent_2,0.090963877380552
11,50,2700.0,1800.0,89.80845314998201,0.10996321066738729,agent_0,0.10442514835016357
11,50,2700.0,1800.0,89.80845314998201,0.10996321066738729,agent_1,0.11020147858211526
11,50,2700.0,1800.0,89.80845314998201,0.10996321066738729,agent_2,0.10898142801224531
11,50,3000.0,2100.0,104.69738556540516,0.1278431469632942,agent_0,0.12135470043821532
11,50,3000.0,2100.0,104.69738556540516,0.1278431469632942,agent_1,0.1279906494404251
11,50,3000.0,2100.0,104.69738556540516,0.1278431469632942,agent_2,0.12689783728490625
11,50,3300.0,2400.0,119.55085583018455,0.14553972485683436,agent_0,0.13808582955876872
11,50,3300.0,2400.0,119.55085583018455,0.14553972485683436,agent_1,0.14554896663128278
11,50,3300.0,2400.0,119.55085583018455,0.14553972485683436,agent_2,0.14469510181123577
11,50,3600.0,2700.0,134.3645137597106,0.16303245326569696,agent_0,0.15459524137037636
11,50,3600.0,2700.0,134.3645137597106,0.16303245326569696,agent_1,0.16285212282933684
11,50,3600.0,2700.0,134.3645137597106,0.16303245326569696,agent_2,0.16235533436703942
11,50,3900.0,3000.0,149.13427564361507,0.18030097900042244,agent_0,0.17085976358782382
11,50,3900.0,3000.0,149.13427564361507,0.18030097900042244,agent_1,0.17987597537039102
11,50,3900.0,3000.0,149.13427564361507,0.18030097900042244,agent_2,0.1798607584495886
11,50,4200.0,3300.0,163.85635318861227,0.1973250609630579,agent_0,0.1868563331309202
11,50,4200.0,3300.0,163.85635318861227,0.1973250609630579,agent_1,0.1965965299122865
11,50,4200.0,3300.0,163.85635318861227,0.1973250609630579,agent_2,0.1971936782832357
11,50,4500.0,3600.0,178.5272831612915,0.21408449960576706,agent_0,0.20256194346262643
11,50,4500.0,3600.0,178.5272831612915,0.21408449960576706,agent_1,0.2129898799079471
11,50,4500.0,3600.0,178.5272831612915,0.21408449960576706,agent_2,0.21433640475087973
11,50,4800.0,3900.0,193.14395680303878,0.23055921815794192,agent_0,0.21795372672400365
11,50,4800.0,3900.0,193.14395680303878,0.23055921815794192,agent_1,0.2290322946276732
11,50,4800.0,3900.0,193.14395680303878,0.23055921815794192,agent_2,0.23127133093922497
11,50,5100.0,4200.0,207.7036500582062,0.24672916303831263,agent_0,0.23300887489846045
11,50,5100.0,4200.0,207.7036500582062,0.24672916303831263,agent_1,0.24470012935391733
11,50,5100.0,4200.0,207.7036500582062,0.24672916303831263,agent_2,0.24798083018098696
11,50,5400.0,4500.0,222.20405368073108,0.2625743642889567,agent_0,0.24770470283226112
11,50,5400.0,4500.0,222.20405368073108,0.2625743642889567,agent_1,0.2599698916089833
11,50,5400.0,4500.0,222.20405368073108,0.2625743642889567,agent_2,0.2644473124504783
11,100,900.0,0.0,0.0,0.0,agent_0,0.0
11,100,900.0,0.0,0.0,0.0,agent_1,0.0
11,100,900.0,0.0,0.0,0.0,agent_2,0.0
11,100,1200.0,300.0,29.99819599653845,0.03708154527417221,agent_0,0.03524813197327809
11,100,1200.0,300.0,29.99819599653845,0.03708154527417221,agent_1,0.03730841643931929
11,100,1200.0,300.0,29.99819599653845,0.03708154527417221,agent_2,0.03649617032935276
11,100,1500.0,600.0,59.9856007763384,0.07404796840630093,agent_0,0.07038197145741881
11,100,1500.0,600.0,59.9856007763384,0.07404796840630093,agent_1,0.07445077435641884
11,100,1500.0,600.0,59.9856007763384,0.07404796840630093,agent_2,0.07297637113314515
11,100,1800.0,900.0,89.95154223775091,0.11085484355214606,agent_0,0.10535223272229906
11,100,1800.0,900.0,89.95154223775091,0.11085484355214606,agent_1,0.111375061459228
11,100,1800.0,900.0,89.95154223775091,0.11085484355214606,agent_2,0.10940154566767257
11,100,2100.0,1200.0,119.88553375284636,0.14745819793510834,agent_0,0.14010990623240663
11,100,2100.0,1200.0,119.88553375284636,0.14745819793510834,agent_1,0.14802965212921718
11,100,2100.0,1200.0,119.88553375284636,0.14745819793510834,agent_2,0.145733090675468
11,100,2400.0,1500.0,149.7773354928276,0.18381454817185455,agent_0,0.17460631550826397
11,100,2400.0,1500.0,149.7773354928276,0.18381454817185455,agent_1,0.18436336991165553
11,100,2400.0,1500.0,149.7773354928276,0.18381454817185455,agent_2,0.18193287566099495
11,100,2700.0,1800.0,179.61701408429022,0.21988080191885578,agent_0,0.208793053161108
11,100,2700.0,1800.0,179.61701408429022,0.21988080191885578,agent_1,0.22032541460706984
11,100,2700.0,1800.0,179.61701408429022,0.21988080191885578,agent_2,0.21796313351407906
11,100,3000.0,2100.0,209.39500271811528,0.2556142721121364,agent_0,0.24262201740005948
11,100,3000.0,2100.0,209.39500271811528,0.2556142721121364,agent_1,0.25586540063397023
11,100,3000.0,2100.0,209.39500271811528,0.2556142721121364,agent_2,0.25378646005784034
11,100,3300.0,2400.0,239.10216031175472,0.2909726146629512,agent_0,0.2760453797579183
11,100,3300.0,2400.0,239.10216031175472,0.2909726146629512,agent_1,0.2909333182773438
11,100,3300.0,2400.0,239.10216031175472,0.2909726146629512,agent_2,0.28936574054074515
11,100,3600.0,2700.0,268.7298305136921,0.32591381382601076,agent_0,0.30901559509639526
11,100,3600.0,2700.0,268.7298305136921,0.32591381382601076,agent_1,0.32547954132141094
11,100,3600.0,2700.0,268.7298305136921,0.32591381382601076,agent_2,0.3246641228303966
11,100,3900.0,3000.0,298.26990131720527,0.3603961866691713,agent_0,0.34148542821329814
11,100,3900.0,3000.0,298.26990131720527,0.3603961866691713,agent_1,0.3594548522664282
11,100,3900.0,3000.0,298.26990131720527,0.3603961866691713,agent_2,0.35964501038521207
11,100,4200.0,3300.0,327.71486386703157,0.3943783363545764,agent_0,0.37340793430496744
11,100,4200.0,3300.0,327.71486386703157,0.3943783363545764,agent_1,0.3928104159138482
11,100,4200.0,3300.0,327.71486386703157,0.3943783363545764,agent_2,0.3942720061984625
11,100,4500.0,3600.0,357.0578725067402,0.4278190157762488,agent_0,0.4047363595938811
11,100,4500.0,3600.0,357.0578725067402,0.4278190157762488,agent_1,0.42549766465834993
11,100,4500.0,3600.0,357.0578725067402,0.4278190157762488,agent_2,0.42850876849587977
11,100,4800.0,3900.0,386.2928041930389,0.4606772944813581,agent_0,0.4354243110743075
11,100,4800.0,3900.0,386.2928041930389,0.4606772944813581,agent_1,0.4574684799489593
11,100,4800.0,3900.0,386.2928041930389,0.4606772944813581,agent_2,0.4623191656987596
11,100,5100.0,4200.0,415.41431934746515,0.49291236424360946,agent_0,0.465425604710684
11,100,5100.0,4200.0,415.41431934746515,0.49291236424360946,agent_1,0.48867501876853614
11,100,5100.0,4200.0,415.41431934746515,0.49291236424360946,agent_2,0.49566707644768604
11,100,5400.0,4500.0,444.4179222541476,0.5244836641515487,agent_0,0.4946943964958635
11,100,5400.0,4500.0,444.4179222541476,0.5244836641515487,agent_1,0.519069851078844
11,100,5400.0,4500.0,444.4179222541476,0.5244836641515487,agent_2,0.5285165061146726
12,1,900.0,0.0,0.0,8.537736462515939e-07,agent_0,1.4787793334710982e-06
12,1,900.0,0.0,0.0,8.537736462515939e-07,agent_1,0.0
12,1,900.0,0.0,0.0,8.537736462515939e-07,agent_2,0.0
12,1,1200.0,300.0,0.29997168501634786,0.0004309967418158954,agent_0,0.00037492524563182653
12,1,1200.0,300.0,0.29997168501634786,0.0004309967418158954,agent_1,0.0003811494566053079
12,1,1200.0,300.0,0.29997168501634786,0.0004309967418158954,agent_2,0.0004897342680747716
12,1,1500.0,600.0,0.5997740461770886,0.0008604899067026859,agent_0,0.0007479797821402898
12,1,1500.0,600.0,0.5997740461770886,0.0008604899067026859,agent_1,0.0007589433050148156
12,1,1500.0,600.0,0.5997740461770886,0.0008604899067026859,agent_2,0.0009810067249585402
12,1,1800.0,900.0,0.8992402596771346,0.0012873660967119556,agent_0,0.001118284441812214
12,1,1800.0,900.0,0.8992402596771346,0.0012873660967119556,agent_1,0.0011324872155349635
12,1,1800.0,900.0,0.8992402596771346,0.0012873660967119556,agent_2,0.0014724479413481346
12,1,2100.0,1200.0,1.1982080988252861,0.0017105190405503283,agent_0,0.001484966419213914
12,1,2100.0,1200.0,1.1982080988252861,0.0017105190405503283,agent_1,0.001500901288383892
12,1,2100.0,1200.0,1.1982080988252861,0.0017105190405503283,agent_2,0.001962694701455259
12,1,2400.0,1500.0,1.4965219780670709,0.0021288569808961873,agent_0,0.0018471638983865747
12,1,2400.0,1500.0,1.4965219780670709,0.0021288569808961873,agent_1,0.0018633200542524358
12,1,2400.0,1500.0,1.4965219780670709,0.0021288569808961873,agent_2,0.0024503944714842248
12,1,2700.0,1800.0,1.7940349591606688,0.0025413016819407974,agent_0,0.0022040280366709296
12,1,2700.0,1800.0,1.7940349591606688,0.0025413016819407974,agent_1,0.002218893483905715
12,1,2700.0,1800.0,1.7940349591606688,0.0025413016819407974,agent_2,0.002934204024958069
12,1,3000.0,2100.0,2.0906107357166883,0.002946791299085204,agent_0,0.002554722159912027
12,1,3000.0,2100.0,2.0906107357166883,0.002946791299085204,agent_1,0.002566786373919029
12,1,3000.0,2100.0,2.0906107357166883,0.002946791299085204,agent_2,0.003412798122775568
12,1,3300.0,2400.0,2.3861255768134986,0.0033442808508059828,agent_0,0.002898423212187527
12,1,3300.0,2400.0,2.3861255768134986,0.0033442808508059828,agent_1,0.0029061834148211042
12,1,3300.0,2400.0,2.3861255768134986,0.0033442808508059828,agent_2,0.003884867486146441
12,1,3600.0,2700.0,2.6804702318752542,0.0037327464211767353,agent_0,0.003234324235697647
12,1,3600.0,2700.0,2.6804702318752542,0.0037327464211767353,agent_1,0.003236286526796792
12,1,3600.0,2700.0,2.6804702318752542,0.0037327464211767353,agent_2,0.004349124631087195
12,1,3900.0,3000.0,2.973551798495005,0.004111185185558599,agent_0,0.003561633808649911
12,1,3900.0,3000.0,2.973551798495005,0.004111185185558599,agent_1,0.0035563168264960733
12,1,3900.0,3000.0,2.973551798495005,0.004111185185558599,agent_2,0.004804306220793513
12,1,4200.0,3300.0,3.26529553197075,0.004478615963811389,agent_0,0.003879576760088676
12,1,4200.0,3300.0,3.26529553197075,0.004478615963811389,agent_1,0.003865516355529149
12,1,4200.0,3300.0,3.26529553197075,0.004478615963811389,agent_2,0.005249172644577612
12,1,4500.0,3600.0,3.555646609767822,0.004834083651947956,agent_0,0.004187396017649588
12,1,4500.0,3600.0,3.555646609767822,0.004834083651947956,agent_1,0.004163148342036717
12,1,4500.0,3600.0,3.555646609767822,0.004834083651947956,agent_2,0.005682514976093213
12,1,4800.0,3900.0,3.8445718242519558,0.005176657033490355,agent_0,0.004484352430203309
12,1,4800.0,3900.0,3.8445718242519558,0.005176657033490355,agent_1,0.0044484967870703955
12,1,4800.0,3900.0,3.8445718242519558,0.005176657033490355,agent_2,0.006103151750914097
12,1,5100.0,4200.0,4.1320612148492515,0.00550543250391195,agent_0,0.004769725890648843
12,1,5100.0,4200.0,4.1320612148492515,0.00550543250391195,agent_1,0.004720868171200009
12,1,5100.0,4200.0,4.1320612148492515,0.00550543250391195,agent_2,0.006509935151133463
12,1,5400.0,4500.0,4.41812961125825,0.005819534802733166,agent_0,0.00504281633791405
12,1,5400.0,4500.0,4.41812961125825,0.005819534802733166,agent_1,0.004979593202339434
12,1,5400.0,4500.0,4.41812961125825,0.005819534802733166,agent_2,0.006901750643912246
12,5,900.0,0.0,0.0,8.537736462515939e-07,agent_0,1.4787793334710982e-06
12,5,900.0,0.0,0.0,8.537736462515939e-07,agent_1,0.0
12,5,900.0,0.0,0.0,8.537736462515939e-07,agent_2,0.0
12,5,1200.0,300.0,1.499858425199958,0.0021549789736559377,agent_0,0.0018746178681633247
12,5,1200.0,300.0,1.499858425199958,0.0021549789736559377,agent_1,0.001905740398276919
12,5,1200.0,300.0,1.499858425199958,0.0021549789736559377,agent_2,0.002448675805803539
12,5,1500.0,600.0,2.9988702354599104,0.004302436234839314,agent_0,0.003739885267880791
12,5,1500.0,600.0,2.9988702354599104,0.004302436234839314,agent_1,0.0037946869436695364
12,5,1500.0,600.0,2.9988702354599104,0.004302436234839314,agent_2,0.004905050344652672
12,5,1800.0,900.0,4.496201333057459,0.006436786548167717,agent_0,0.005591384535388754
12,5,1800.0,900.0,4.496201333057459,0.006436786548167717,agent_1,0.005662365213185441
12,5,1800.0,900.0,4.496201333057459,0.006436786548167717,agent_2,0.0073622638203029705
12,5,2100.0,1200.0,5.991040639484285,0.008552492040004455,agent_0,0.007424744676118605
12,5,2100.0,1200.0,5.991040639484285,0.008552492040004455,agent_1,0.007504363418498491
12,5,2100.0,1200.0,5.991040639484285,0.008552492040004455,agent_2,0.009813483806349483
12,5,2400.0,1500.0,7.48261033104425,0.010644086391404411,agent_0,0.009235656403282772
12,5,2400.0,1500.0,7.48261033104425,0.010644086391404411,agent_1,0.009316350849123252
12,5,2400.0,1500.0,7.48261033104425,0.010644086391404411,agent_2,0.01225193236946851
12,5,2700.0,1800.0,8.97017588396171,0.012706168188720736,agent_0,0.011019865131389698
12,5,2700.0,1800.0,8.97017588396171,0.012706168188720736,agent_1,0.011094067927555929
12,5,2700.0,1800.0,8.97017588396171,0.012706168188720736,agent_2,0.014670887031739974
12,5,3000.0,2100.0,10.453056009582806,0.014733420165745041,agent_0,0.012773183884064914
12,5,3000.0,2100.0,10.453056009582806,0.014733420165745041,agent_1,0.012833340738062138
12,5,3000.0,2100.0,10.453056009582806,0.014733420165745041,agent_2,0.017063704636259214
12,5,3300.0,2400.0,11.930632382875356,0.01672061199676565,agent_0,0.014491493466592103
12,5,3300.0,2400.0,11.930632382875356,0.01672061199676565,agent_1,0.014530081505119192
12,5,3300.0,2400.0,11.930632382875356,0.01672061199676565,agent_2,0.019423828577540093
12,5,3600.0,2700.0,13.40235917498247,0.01866261782751262,agent_0,0.016170754219277238
12,5,3600.0,2700.0,13.40235917498247,0.01866261782751262,agent_1,0.01618029912132279
12,5,3600.0,2700.0,13.40235917498247,0.01866261782751262,agent_2,0.021744814225778744
12,5,3900.0,3000.0,14.867772397133747,0.02055441586251886,agent_0,0.01780700385394692
12,5,3900.0,3000.0,14.867772397133747,0.02055441586251886,agent_1,0.017780098165348653
12,5,3900.0,3000.0,14.867772397133747,0.02055441586251886,agent_2,0.024020330148652028
12,5,4200.0,3300.0,16.326498950984067,0.02239109809727465,agent_0,0.01939636345151951
12,5,4200.0,3300.0,16.326498950984067,0.02239109809727465,agent_1,0.019325683791854505
12,5,4200.0,3300.0,16.326498950984067,0.02239109809727465,agent_2,0.026244173172331298
12,5,4500.0,3600.0,17.778265449447957,0.024167884445900623,agent_0,0.020935046968027185
12,5,4500.0,3600.0,17.778265449447957,0.024167884445900623,agent_1,0.020813371496922282
12,5,4500.0,3600.0,17.778265449447957,0.024167884445900623,agent_2,0.028410289359035997
12,5,4800.0,3900.0,19.222906675615455,0.02588011672952682,agent_0,0.022419355141725023
12,5,4800.0,3900.0,19.222906675615455,0.02588011672952682,agent_1,0.02223958043308074
12,5,4800.0,3900.0,19.222906675615455,0.02588011672952682,agent_2,0.030512766679287123
12,5,5100.0,4200.0,20.660373735008086,0.0275232754059336,agent_0,0.023845687372858946
12,5,5100.0,4200.0,20.660373735008086,0.0275232754059336,agent_1,0.02360084504079218
12,5,5100.0,4200.0,20.660373735008086,0.0275232754059336,agent_2,0.03254585922367303
12,5,5400.0,4500.0,22.090741758756746,0.029092983701366766,agent_0,0.02521054392341504
12,5,5400.0,4500.0,22.090741758756746,0.029092983701366766,agent_1,0.0248938166915625
12,5,5400.0,4500.0,22.090741758756746,0.029092983701366766,agent_2,0.03450399422527098
12,10,900.0,0.0,0.0,8.537736462515939e-07,agent_0,1.4787793334710982e-06
12,10,900.0,0.0,0.0,8.537736462515939e-07,agent_1,0.0
12,10,900.0,0.0,0.0,8.537736462515939e-07,agent_2,0.0
12,10,1200.0,300.0,2.999716850765089,0.0043099538890286416,agent_0,0.0037492306818839335
12,10,1200.0,300.0,2.999716850765089,0.0043099538890286416,agent_1,0.0038114670273632673
12,10,1200.0,300.0,2.999716850765089,0.0043099538890286416,agent_2,0.004897369548099992
12,10,1500.0,600.0,5.997740482407246,0.008604840285411246,agent_0,0.007479738623672298
12,10,1500.0,600.0,5.997740482407246,0.008604840285411246,agent_1,0.007589307379314042
12,10,1500.0,600.0,5.997740482407246,0.008604840285411246,agent_2,0.009810149441576762
12,10,1800.0,900.0,8.992402752911229,0.012873464401649506,agent_0,0.011182671830229784
12,10,1800.0,900.0,8.992402752911229,0.012873464401649506,agent_1,0.01132455484794306
12,10,1800.0,900.0,8.992402752911229,0.012873464401649506,agent_2,0.014724589402898891
12,10,2100.0,1200.0,11.982081642713847,0.01710472783892518,agent_0,0.01484927113724052
12,10,2100.0,1200.0,11.982081642713847,0.01710472783892518,agent_1,0.015008369970039348
12,10,2100.0,1200.0,11.982081642713847,0.01710472783892518,agent_2,0.019626990543822064
12,10,2400.0,1500.0,14.965221764808772,0.021287675586025193,agent_0,0.018470902488496404
12,10,2400.0,1500.0,14.965221764808772,0.021287675586025193,agent_1,0.01863207587240162
12,10,2400.0,1500.0,14.965221764808772,0.021287675586025193,agent_2,0.024503765611285765
12,10,2700.0,1800.0,17.940354490558338,0.025411483971171496,agent_0,0.02203904183129135
12,10,2700.0,1800.0,17.940354490558338,0.025411483971171496,agent_1,0.02218713962754167
12,10,2700.0,1800.0,17.940354490558338,0.025411483971171496,agent_2,0.029341437881914453
12,10,3000.0,2100.0,20.90611785130836,0.02946549906658325,agent_0,0.025545301461831933
12,10,3000.0,2100.0,20.90611785130836,0.02946549906658325,agent_1,0.02566520129571537
12,10,3000.0,2100.0,20.90611785130836,0.02946549906658325,agent_2,0.03412669120989192
12,10,3300.0,2400.0,23.861276021436307,0.0334392424773504,agent_0,0.028981430661992567
12,10,3300.0,2400.0,23.861276021436307,0.0334392424773504,agent_1,0.029058073904571567
12,10,3300.0,2400.0,23.861276021436307,0.0334392424773504,agent_2,0.03884638390265799
12,10,3600.0,2700.0,26.80473840345704,0.03732244689508014,agent_0,0.03233933897287296
12,10,3600.0,2700.0,26.80473840345704,0.03732244689508014,agent_1,0.03235776670630646
12,10,3600.0,2700.0,26.80473840345704,0.03732244689508014,agent_2,0.043487600050738526
12,10,3900.0,3000.0,29.7355783287575,0.041105054899579774,agent_0,0.035611092270546735
12,10,3900.0,3000.0,29.7355783287575,0.041105054899579774,agent_1,0.03555648093065983
12,10,3900.0,3000.0,29.7355783287575,0.041105054899579774,agent_2,0.048037652660022384
12,10,4200.0,3300.0,32.653051163571384,0.04477723924763329,agent_0,0.038788924929364275
12,10,4200.0,3300.0,32.653051163571384,0.04477723924763329,agent_1,0.038646621726522626
12,10,4200.0,3300.0,32.653051163571384,0.04477723924763329,agent_2,0.05248411393912914
12,10,4500.0,3600.0,35.556611947716206,0.048329431335839924,agent_0,0.04186525869304026
12,10,4500.0,3600.0,35.556611947716206,0.048329431335839924,agent_1,0.04162081634236024
12,10,4500.0,3600.0,35.556611947716206,0.048329431335839924,agent_2,0.05681485741918586
12,10,4800.0,3900.0,38.44593230011722,0.05175230850773069,agent_0,0.04483269082421731
12,10,4800.0,3900.0,38.44593230011722,0.05175230850773069,agent_1,0.04447190172644178
12,10,4800.0,3900.0,38.44593230011722,0.05175230850773069,agent_2,0.06101804355934372
12,10,5100.0,4200.0,41.32091670159584,0.055036828395356646,agent_0,0.047684017781967666
12,10,5100.0,4200.0,41.32091670159584,0.055036828395356646,agent_1,0.04719294735444517
12,10,5100.0,4200.0,41.32091670159584,0.055036828395356646,agent_2,0.06508216878532025
12,10,5400.0,4500.0,44.181717869313566,0.05817423712233144,agent_0,0.05041223981635295
12,10,5400.0,4500.0,44.181717869313566,0.05817423712233144,agent_1,0.049777258855611566
12,10,5400.0,4500.0,44.181717869313566,0.05817423712233144,agent_2,0.06899607927119535
12,25,900.0,0.0,0.0,8.537736462515939e-07,agent_0,1.4787793334710982e-06
12,25,900.0,0.0,0.0,8.537736462515939e-07,agent_1,0.0
12,25,900.0,0.0,0.0,8.537736462515939e-07,agent_2,0.0
12,25,1200.0,300.0,7.499292129607956,0.010774854225360082,agent_0,0.009373039345685143
12,25,1200.0,300.0,7.499292129607956,0.010774854225360082,agent_1,0.009528564877748677
12,25,1200.0,300.0,7.499292129607956,0.010774854225360082,agent_2,0.012243556052481267
12,25,1500.0,600.0,14.994351292272425,0.021511857696112333,agent_0,0.018699108211360265
12,25,1500.0,600.0,14.994351292272425,0.021511857696112333,agent_1,0.01897276967095824
12,25,1500.0,600.0,14.994351292272425,0.021511857696112333,agent_2,0.02452574105604415
12,25,1800.0,900.0,22.481007534475644,0.0321828441373233,agent_0,0.02795594876223929
12,25,1800.0,900.0,22.481007534475644,0.0321828441373233,agent_1,0.028310070314649795
12,25,1800.0,900.0,22.481007534475644,0.0321828441373233,agent_2,0.036811934064171895
12,25,2100.0,1200.0,29.955206840087598,0.04275989386936136,agent_0,0.0371215384897617
12,25,2100.0,1200.0,29.955206840087598,0.04275989386936136,agent_1,0.03751824588755011
12,25,2100.0,1200.0,29.955206840087598,0.04275989386936136,agent_2,0.04906764348403872
12,25,2400.0,1500.0,37.413062697952064,0.05321545310322424,agent_0,0.04617417392328644
12,25,2400.0,1500.0,37.413062697952064,0.05321545310322424,agent_1,0.04657549144329122
12,25,2400.0,1500.0,37.413062697952064,0.05321545310322424,agent_2,0.061258659221209516
12,25,2700.0,1800.0,44.850906683363654,0.06352230568283726,agent_0,0.05509243351704118
12,25,2700.0,1800.0,44.850906683363654,0.06352230568283726,agent_1,0.05546037078352506
12,25,2700.0,1800.0,44.850906683363654,0.06352230568283726,agent_2,0.07335105452234651
12,25,3000.0,2100.0,52.265338446273006,0.07365367087804872,agent_0,0.06385524505496103
12,25,3000.0,2100.0,52.265338446273006,0.07365367087804872,agent_1,0.06415189083894896
12,25,3000.0,2100.0,52.265338446273006,0.07365367087804872,agent_2,0.08531131290254793
12,25,3300.0,2400.0,59.653274613633286,0.08358322028229731,agent_0,0.0724418885860924
12,25,3300.0,2400.0,59.653274613633286,0.08358322028229731,agent_1,0.07262950296855673
12,25,3300.0,2400.0,59.653274613633286,0.08358322028229731,agent_2,0.09710636646152485
12,25,3600.0,2700.0,67.01199665079672,0.09328516757658217,agent_0,0.08083205504377021
12,25,3600.0,2700.0,67.01199665079672,0.09328516757658217,agent_1,0.0808731615064036
12,25,3600.0,2700.0,67.01199665079672,0.09328516757658217,agent_2,0.10870372673090588
12,25,3900.0,3000.0,74.33919770989345,0.10273426780979841,agent_0,0.08900583786821945
12,25,3900.0,3000.0,74.33919770989345,0.10273426780979841,agent_1,0.08886331438236679
12,25,3900.0,3000.0,74.33919770989345,0.10273426780979841,agent_2,0.12007149504373621
12,25,4200.0,3300.0,81.63302793237898,0.11190586898453832,agent_0,0.09694376426160806
12,25,4200.0,3300.0,81.63302793237898,0.11190586898453832,agent_1,0.09658093353724016
12,25,4200.0,3300.0,81.63302793237898,0.11190586898453832,agent_2,0.13117844100303927
12,25,4500.0,3600.0,88.89213852158821,0.12077598471838746,agent_0,0.10462684316790122
12,25,4500.0,3600.0,88.89213852158821,0.12077598471838746,agent_1,0.10400756102867835
12,25,4500.0,3600.0,88.89213852158821,0.12077598471838746,agent_2,0.14199410975781304
12,25,4800.0,3900.0,96.11572391245817,0.12932126358602672,agent_0,0.11203653629633298
12,25,4800.0,3900.0,96.11572391245817,0.12932126358602672,agent_1,0.11112527882733766
12,25,4800.0,3900.0,96.11572391245817,0.12932126358602672,agent_2,0.15248878806823857
12,25,5100.0,4200.0,103.30356231280737,0.1375190757700913,agent_0,0.11915481807386628
12,25,5100.0,4200.0,103.30356231280737,0.1375190757700913,agent_1,0.11791676606277093
12,25,5100.0,4200.0,103.30356231280737,0.1375190757700913,agent_2,0.1626336288252919
12,25,5400.0,4500.0,110.45605389750352,0.14534753471825052,agent_0,0.12596418755072356
12,25,5400.0,4500.0,110.45605389750352,0.14534753471825052,agent_1,0.12436530834200178
12,25,5400.0,4500.0,110.45605389750352,0.14534753471825052,agent_2,0.1724006871256168
12,50,900.0,0.0,0.0,8.537736462515939e-07,agent_0,1.4787793334710982e-06
12,50,900.0,0.0,0.0,8.537736462515939e-07,agent_1,0.0
12,50,900.0,0.0,0.0,8.537736462515939e-07,agent_2,0.0
12,50,1200.0,300.0,14.998584268271244,0.02154960640967436,agent_0,0.01874595278774212
12,50,1200.0,300.0,14.998584268271244,0.02154960640967436,agent_1,0.019056787980767726
12,50,1200.0,300.0,14.998584268271244,0.02154960640967436,agent_2,0.02448755259704867
12,50,1500.0,600.0,29.98870287323039,0.04302290180961044,agent_0,0.03739741983652053
12,50,1500.0,600.0,29.98870287323039,0.04302290180961044,agent_1,0.03794387536573339
12,50,1500.0,600.0,29.98870287323039,0.04302290180961044,agent_2,0.04905270219001103
12,50,1800.0,900.0,44.962017251485435,0.06436295455486227,agent_0,0.0559094547224951
12,50,1800.0,900.0,44.962017251485435,0.06436295455486227,agent_1,0.05661574423017291
12,50,1800.0,900.0,44.962017251485435,0.06436295455486227,agent_2,0.07362538733629788
12,50,2100.0,1200.0,59.9104228261843,0.08551334403395813,agent_0,0.07423759663733254
12,50,2100.0,1200.0,59.9104228261843,0.08551334403395813,agent_1,0.0750275463208013
12,50,2100.0,1200.0,59.9104228261843,0.08551334403395813,agent_2,0.09813580539565761
12,50,2400.0,1500.0,74.82615311927837,0.10641840672399068,agent_0,0.09233804323946372
12,50,2400.0,1500.0,74.82615311927837,0.10641840672399068,agent_1,0.09313529347808407
12,50,2400.0,1500.0,74.82615311927837,0.10641840672399068,agent_2,0.1225147277056073
12,50,2700.0,1800.0,89.70188180487352,0.12702318599662246,agent_0,0.11016757983017264
12,50,2700.0,1800.0,89.70188180487352,0.12702318599662246,agent_1,0.11089576723355654
12,50,2700.0,1800.0,89.70188180487352,0.12702318599662246,agent_2,0.14669351389850113
12,50,3000.0,2100.0,104.53082346528213,0.1472736344842965,agent_0,0.1276837189818011
12,50,3000.0,2100.0,104.53082346528213,0.1472736344842965,agent_1,0.12826667148752072
12,50,3000.0,2100.0,104.53082346528213,0.1472736344842965,agent_2,0.17060437598888023
12,50,3300.0,2400.0,119.30683204139402,0.1671166538007432,agent_0,0.14484470975475044
12,50,3300.0,2400.0,119.30683204139402,0.1671166538007432,agent_1,0.1452066385344747
12,50,3300.0,2400.0,119.30683204139402,0.1671166538007432,agent_2,0.19418046478875267
12,50,3600.0,2700.0,134.0244970449427,0.18650027973479447,agent_0,0.16160965891159043
12,50,3600.0,2700.0,134.0244970449427,0.18650027973479447,agent_1,0.16167534931721383
12,50,3600.0,2700.0,134.0244970449427,0.18650027973479447,agent_2,0.21735614133005965
12,50,3900.0,3000.0,148.67923756868308,0.20537368608523668,agent_0,0.17793851723773735
12,50,3900.0,3000.0,148.67923756868308,0.20537368608523668,agent_1,0.1776335176574882
12,50,3900.0,3000.0,148.67923756868308,0.20537368608523668,agent_2,0.24006700627063626
12,50,4200.0,3300.0,163.26739300609336,0.22368729242697663,agent_0,0.19379214524049407
12,50,4200.0,3300.0,163.26739300609336,0.22368729242697663,agent_1,0.19304295351968265
12,50,4200.0,3300.0,163.26739300609336,0.22368729242697663,agent_2,0.26225006513204074
12,50,4500.0,3600.0,177.7863111019431,0.2413929136127733,agent_0,0.20913241167738156
12,50,4500.0,3600.0,177.7863111019431,0.2413929136127733,agent_1,0.20786665722534534
12,50,4500.0,3600.0,177.7863111019431,0.2413929136127733,agent_2,0.2838439503687211
12,50,4800.0,3900.0,192.23443196326093,0.25844370219119156,agent_0,0.22392213820909396
12,50,4800.0,3900.0,192.23443196326093,0.25844370219119156,agent_1,0.22206876108745519
12,50,4800.0,3900.0,192.23443196326093,0.25844370219119156,agent_2,0.3047888603758414
12,50,5100.0,4200.0,206.61136857261442,0.27479432464556136,agent_0,0.2381252211780798
12,50,5100.0,4200.0,206.61136857261442,0.27479432464556136,agent_1,0.2356146451563212
12,50,5100.0,4200.0,206.61136857261442,0.27479432464556136,agent_2,0.32502681438245606
12,50,5400.0,4500.0,220.91798235293743,0.290401007303049,agent_0,0.2517066572587465
12,50,5400.0,4500.0,220.91798235293743,0.290401007303049,agent_1,0.24847095683949977
12,50,5400.0,4500.0,220.91798235293743,0.290401007303049,agent_2,0.3445017298000521
12,100,900.0,0.0,0.0,8.537736462515939e-07,agent_0,1.4787793334710982e-06
12,100,900.0,0.0,0.0,8.537736462515939e-07,agent_1,0.0
12,100,900.0,0.0,0.0,8.537736462515939e-07,agent_2,0.0
12,100,1200.0,300.0,29.997168573012544,0.04309880170142615,agent_0,0.03749140008746107
12,100,1200.0,300.0,29.997168573012544,0.04309880170142615,agent_1,0.0381122066124719
12,100,1200.0,300.0,29.997168573012544,0.04309880170142615,agent_2,0.04897686303809883
12,100,1500.0,600.0,59.97740690972127,0.08604252532566044,agent_0,0.07479163785933962
12,100,1500.0,600.0,59.97740690972127,0.08604252532566044,agent_1,0.07588107919538761
12,100,1500.0,600.0,59.97740690972127,0.08604252532566044,agent_2,0.0981102492792648
12,100,1800.0,900.0,89.92404329684317,0.12871489436813144,agent_0,0.11180908615472222
12,100,1800.0,900.0,89.92404329684317,0.12871489436813144,agent_1,0.11321385179047821
12,100,1800.0,900.0,89.92404329684317,0.12871489436813144,agent_2,0.14725673026322533
12,100,2100.0,1200.0,119.82088249866644,0.17100072856858436,agent_0,0.14845315211562682
12,100,2100.0,1200.0,119.82088249866644,0.17100072856858436,agent_1,0.1500191949624419
12,100,2100.0,1200.0,119.82088249866644,0.17100072856858436,agent_2,0.19627339610613878
12,100,2400.0,1500.0,149.65241790797427,0.2127864656814942,agent_0,0.18463464173189242
12,100,2400.0,1500.0,149.65241790797427,0.2127864656814942,agent_1,0.18620761480718995
12,100,2400.0,1500.0,149.65241790797427,0.2127864656814942,agent_2,0.24501853181615826
12,100,2700.0,1800.0,179.40403922052033,0.25396008870705233,agent_0,0.2202656356398209
12,100,2700.0,1800.0,179.40403922052033,0.25396008870705233,agent_1,0.2216912889189715
12,100,2700.0,1800.0,179.40403922052033,0.25396008870705233,agent_2,0.29335168924154853
12,100,3000.0,2100.0,209.06223705671232,0.2944115574993726,agent_0,0.25525978559624624
12,100,3000.0,2100.0,209.06223705671232,0.2944115574993726,agent_1,0.25638438756197424
12,100,3000.0,2100.0,209.06223705671232,0.2944115574993726,agent_2,0.3411342585498943
12,100,3300.0,2400.0,238.61480241882649,0.3340329131304837,agent_0,0.2895323486279511
12,100,3300.0,2400.0,238.61480241882649,0.3340329131304837,agent_1,0.29020310001586863
12,100,3300.0,2400.0,238.61480241882649,0.3340329131304837,agent_2,0.3882296821654604
12,100,3600.0,2700.0,268.05102102898417,0.37271867119979923,agent_0,0.3230004440332464
12,100,3600.0,2700.0,268.05102102898417,0.37271867119979923,agent_1,0.32306588786550877
12,100,3600.0,2700.0,268.05102102898417,0.37271867119979923,agent_2,0.434504036662653
12,100,3900.0,3000.0,297.36186253880885,0.4103658506732122,agent_0,0.3555830395868702
12,100,3900.0,3000.0,297.36186253880885,0.4103658506732122,agent_1,0.3548934649825355
12,100,3900.0,3000.0,297.36186253880885,0.4103658506732122,agent_2,0.47982612801929975
12,100,4200.0,3300.0,326.54016234490246,0.4468742082672954,agent_0,0.3872010950699779
12,100,4200.0,3300.0,326.54016234490246,0.4468742082672954,agent_1,0.38560893386580564
12,100,4200.0,3300.0,326.54016234490246,0.4468742082672954,agent_2,0.5240678559039854
12,100,4500.0,3600.0,355.58079721180343,0.4821465537021118,agent_0,0.4177777698819633
12,100,4500.0,3600.0,355.58079721180343,0.4821465537021118,agent_1,0.4151379820977153
12,100,4500.0,3600.0,355.58079721180343,0.4821465537021118,agent_2,0.5671046881268927
12,100,4800.0,3900.0,384.4808518663759,0.5160886492481347,agent_0,0.44723832216118076
12,100,4800.0,3900.0,384.4808518663759,0.5160886492481347,agent_1,0.44340877287695385
12,100,4800.0,3900.0,384.4808518663759,0.5160886492481347,agent_2,0.6088155662328338
12,100,5100.0,4200.0,413.23977762303247,0.5486095735134281,agent_0,0.47551036000726454
12,100,5100.0,4200.0,413.23977762303247,0.5486095735134281,agent_1,0.470352181160827
12,100,5100.0,4200.0,413.23977762303247,0.5486095735134281,agent_2,0.6490834387095469
12,100,5400.0,4500.0,441.8595400901521,0.5796218225114843,agent_0,0.5025238992624969
12,100,5400.0,4500.0,441.8595400901521,0.5796218225114843,agent_1,0.4959018365582132
12,100,5400.0,4500.0,441.8595400901521,0.5796218225114843,agent_2,0.6877954356018886
13,1,900.0,0.0,0.0,0.0,agent_0,0.0
13,1,900.0,0.0,0.0,0.0,agent_1,0.0
13,1,900.0,0.0,0.0,0.0,agent_2,0.0
13,1,1200.0,300.0,0.29994512628051173,0.0005375961203705002,agent_0,0.0004528381938287005
13,1,1200.0,300.0,0.29994512628051173,0.0005375961203705002,agent_1,0.0004662182637206212
13,1,1200.0,300.0,0.29994512628051173,0.0005375961203705002,agent_2,0.0006109279922728569
13,1,1500.0,600.0,0.5995621069420344,0.0010732046803480627,agent_0,0.0009071139079066214
13,1,1500.0,600.0,0.5995621069420344,0.0010732046803480627,agent_1,0.0009395549141996135
13,1,1500.0,600.0,0.5995621069420344,0.0010732046803480627,agent_2,0.0011985939055197715
13,1,1800.0,900.0,0.8985299025320339,0.0016036801098727048,agent_0,0.0013614892526058542
13,1,1800.0,900.0,0.8985299025320339,0.0016036801098727048,agent_1,0.001418591609282725
13,1,1800.0,900.0,0.8985299025320339,0.0016036801098727048,agent_2,0.00175858305252907
13,1,2100.0,1200.0,1.196543508826358,0.002125879406612029,agent_0,0.001814603044213551
13,1,2100.0,1200.0,1.196543508826358,0.002125879406612029,agent_1,0.001901815819715918
13,1,2100.0,1200.0,1.196543508826358,0.002125879406612029,agent_2,0.0022871547466614306
13,1,2400.0,1500.0,1.4933231023534803,0.002636679309929053,agent_0,0.0022650658281434294
13,1,2400.0,1500.0,1.4933231023534803,0.002636679309929053,agent_1,0.0023876127677891564
13,1,2400.0,1500.0,1.4933231023534803,0.002636679309929053,agent_2,0.002781234322490417
13,1,2700.0,1800.0,1.7886231200864267,0.0031329961209791515,agent_0,0.0027114545852943224
13,1,2700.0,1800.0,1.7886231200864267,0.0031329961209791515,agent_1,0.002874258240360753
13,1,2700.0,1800.0,1.7886231200864267,0.0031329961209791515,agent_2,0.0032383811103307287
13,1,3000.0,2100.0,2.0822411959444924,0.003611810778473983,agent_0,0.0031523129031483577
13,1,3000.0,2100.0,2.0822411959444924,0.003611810778473983,agent_1,0.003359911828020369
13,1,3000.0,2100.0,2.0822411959444924,0.003611810778473983,agent_2,0.0036567473121981208
13,1,3300.0,2400.0,2.374026833405367,0.0040701826319197235,agent_0,0.003586143448127831
13,1,3300.0,2400.0,2.374026833405367,0.0040701826319197235,agent_1,0.0038426092606358942
13,1,3300.0,2400.0,2.374026833405367,0.0040701826319197235,agent_2,0.004035022501826605
13,1,3600.0,2700.0,2.663889705001092,0.00450527187662392,agent_0,0.004011407846201974
13,1,3600.0,2700.0,2.663889705001092,0.00450527187662392,agent_1,0.004320253676125987
13,1,3600.0,2700.0,2.663889705001092,0.00450527187662392,agent_2,0.004372377403747976
13,1,3900.0,3000.0,2.951807461162038,0.004914355966192176,agent_0,0.0044265206960136605
13,1,3900.0,3000.0,2.951807461162038,0.004914355966192176,agent_1,0.004790609444059164
13,1,3900.0,3000.0,2.951807461162038,0.004914355966192176,agent_2,0.004668401197192827
13,1,4200.0,3300.0,3.2378328968866117,0.005294845553395527,agent_0,0.004829847020895207
13,1,4200.0,3300.0,3.2378328968866117,0.005294845553395527,agent_1,0.005251297413485841
13,1,4200.0,3300.0,3.2378328968866117,0.005294845553395527,agent_2,0.00492304237558058
13,1,4500.0,3600.0,3.5221003512931905,0.005644299256528577,agent_0,0.0052196978799293236
13,1,4500.0,3600.0,3.5221003512931905,0.005644299256528577,agent_1,0.005699786790089939
13,1,4500.0,3600.0,3.5221003512931905,0.005644299256528577,agent_2,0.005136547981257827
13,1,4800.0,3900.0,3.8048311678680395,0.005960435547467135,agent_0,0.005594326720694789
13,1,4800.0,3900.0,3.8048311678680395,0.005960435547467135,agent_1,0.006133394241521345
13,1,4800.0,3900.0,3.8048311678680395,0.005960435547467135,agent_2,0.005309411209906026
13,1,5100.0,4200.0,4.086338074781071,0.006241144163341452,agent_0,0.005951925774669092
13,1,5100.0,4200.0,4.086338074781071,0.006241144163341452,agent_1,0.006549278333578764
13,1,5100.0,4200.0,4.086338074781071,0.006241144163341452,agent_2,0.00544232029067908
13,1,5400.0,4500.0,4.367028307588024,0.006484495717694161,agent_0,0.0062906230006094105
13,1,5400.0,4500.0,4.367028307588024,0.006484495717694161,agent_1,0.006944444743339554
13,1,5400.0,4500.0,4.367028307588024,0.006484495717694161,agent_2,0.005536116985047285
13,5,900.0,0.0,0.0,0.0,agent_0,0.0
13,5,900.0,0.0,0.0,0.0,agent_1,0.0
13,5,900.0,0.0,0.0,0.0,agent_2,0.0
13,5,1200.0,300.0,1.4997256319023644,0.002687977754686465,agent_0,0.002264197408038669
13,5,1200.0,300.0,1.4997256319023644,0.002687977754686465,agent_1,0.002331096321932753
13,5,1200.0,300.0,1.4997256319023644,0.002687977754686465,agent_2,0.003054614905434568
13,5,1500.0,600.0,2.9978105509500534,0.0053659923637175795,agent_0,0.004535565362104529
13,5,1500.0,600.0,2.9978105509500534,0.0053659923637175795,agent_1,0.004697791097287719
13,5,1500.0,600.0,2.9978105509500534,0.0053659923637175795,agent_2,0.005992852520287829
13,5,1800.0,900.0,4.4926496356730485,0.008018301511761639,agent_0,0.00680741462517639
13,5,1800.0,900.0,4.4926496356730485,0.008018301511761639,agent_1,0.007092976394834231
13,5,1800.0,900.0,4.4926496356730485,0.008018301511761639,agent_2,0.008792611438527494
13,5,2100.0,1200.0,5.982718059432393,0.010629163952783774,agent_0,0.009072926212596635
13,5,2100.0,1200.0,5.982718059432393,0.010629163952783774,agent_1,0.009509072784921533
13,5,2100.0,1200.0,5.982718059432393,0.010629163952783774,agent_2,0.011435175174534604
13,5,2400.0,1500.0,7.466617070471897,0.013182943898484427,agent_0,0.011325137420131465
13,5,2400.0,1500.0,7.466617070471897,0.013182943898484427,agent_1,0.011937992145350566
13,5,2400.0,1500.0,7.466617070471897,0.013182943898484427,agent_2,0.013905158400494281
13,5,2700.0,1800.0,8.943119433404178,0.015664211382156148,agent_0,0.013556924248599039
13,5,2700.0,1800.0,8.943119433404178,0.015664211382156148,agent_1,0.014371098343869862
13,5,2700.0,1800.0,8.943119433404178,0.015664211382156148,agent_2,0.0161903546317185
13,5,3000.0,2100.0,10.411214141943063,0.018057850481612986,agent_0,0.01576098861246031
13,5,3000.0,2100.0,10.411214141943063,0.018057850481612986,agent_1,0.016799173740196228
13,5,3000.0,2100.0,10.411214141943063,0.018057850481612986,agent_2,0.018281526379380797
13,5,3300.0,2400.0,11.870149799177856,0.020349150133345345,agent_0,0.017929835596290418
13,5,3300.0,2400.0,11.870149799177856,0.020349150133345345,agent_1,0.019212375876720283
13,5,3300.0,2400.0,11.870149799177856,0.020349150133345345,agent_2,0.020172131743530743
13,5,3600.0,2700.0,13.319476104359863,0.022523903748327676,agent_0,0.020055760602635583
13,5,3600.0,2700.0,13.319476104359863,0.022523903748327676,agent_1,0.021600205500718252
13,5,3600.0,2700.0,13.319476104359863,0.022523903748327676,agent_2,0.0218580363343747
13,5,3900.0,3000.0,14.759082878515908,0.024568494373854007,agent_0,0.022130827737766406
13,5,3900.0,3000.0,14.759082878515908,0.024568494373854007,agent_1,0.023951469853162523
13,5,3900.0,3000.0,14.759082878515908,0.024568494373854007,agent_2,0.023337203885498016
13,5,4200.0,3300.0,16.18923584537293,0.02646997798624842,agent_0,0.02414685397406549
13,5,4200.0,3300.0,16.18923584537293,0.02646997798624842,agent_1,0.026254254707562527
13,5,4200.0,3300.0,16.18923584537293,0.02646997798624842,agent_2,0.024609394156440947
13,5,4500.0,3600.0,17.610608556626772,0.02821615015771889,agent_0,0.026095385646342163
13,5,4500.0,3600.0,17.610608556626772,0.02821615015771889,agent_1,0.028495893553389804
13,5,4500.0,3600.0,17.610608556626772,0.02821615015771889,agent_2,0.02567586499709085
13,5,4800.0,3900.0,19.024309598091932,0.02979561589846177,agent_0,0.027967684898128016
13,5,4800.0,3900.0,19.024309598091932,0.02979561589846177,agent_1,0.030662954799808222
13,5,4800.0,3900.0,19.024309598091932,0.02979561589846177,agent_2,0.02653910519520519
13,5,5100.0,4200.0,20.43190436439687,0.03119783697930413,agent_0,0.029754707068290483
13,5,5100.0,4200.0,20.43190436439687,0.03119783697930413,agent_1,0.03274122582468409
13,5,5100.0,4200.0,20.43190436439687,0.03119783697930413,agent_2,0.027202580681112008
13,5,5400.0,4500.0,21.8354305360592,0.0324131862067157,agent_0,0.03144709316993353
13,5,5400.0,4500.0,21.8354305360592,0.0324131862067157,agent_1,0.03471572506794302
13,5,5400.0,4500.0,21.8354305360592,0.0324131862067157,agent_2,0.027670522194336997
13,10,900.0,0.0,0.0,0.0,agent_0,0.0
13,10,900.0,0.0,0.0,0.0,agent_1,0.0
13,10,900.0,0.0,0.0,0.0,agent_2,0.0
13,10,1200.0,300.0,2.9994512650763037,0.00537594662965535,agent_0,0.004528396185194326
13,10,1200.0,300.0,2.9994512650763037,0.00537594662965535,agent_1,0.004662208748755586
13,10,1200.0,300.0,2.9994512650763037,0.00537594662965535,agent_2,0.006109168842211227
13,10,1500.0,600.0,5.995621142568067,0.010731910976508567,agent_0,0.00907111610631684
13,10,1500.0,600.0,5.995621142568067,0.010731910976508567,agent_1,0.009395624019155202
13,10,1500.0,600.0,5.995621142568067,0.010731910976508567,agent_2,0.011985411856706665
13,10,1800.0,900.0,8.985299579133274,0.016036355199629364,agent_0,0.013614750062641276
13,10,1800.0,900.0,8.985299579133274,0.016036355199629364,agent_1,0.014185996313240775
13,10,1800.0,900.0,8.985299579133274,0.016036355199629364,agent_2,0.017584465639651544
13,10,2100.0,1200.0,11.965437408059486,0.021257744542414324,agent_0,0.018145629092089926
13,10,2100.0,1200.0,11.965437408059486,0.021257744542414324,agent_1,0.019018128905098658
13,10,2100.0,1200.0,11.965437408059486,0.021257744542414324,agent_2,0.022868855111653933
13,10,2400.0,1500.0,14.933238040343198,0.026364759298915717,agent_0,0.022649797028156
13,10,2400.0,1500.0,14.933238040343198,0.026364759298915717,agent_1,0.023875806507088853
13,10,2400.0,1500.0,14.933238040343198,0.026364759298915717,agent_2,0.027807783607555092
13,10,2700.0,1800.0,17.886248455641166,0.03132649744987344,agent_0,0.02711297484786243
13,10,2700.0,1800.0,17.886248455641166,0.03132649744987344,agent_1,0.028741716142185382
13,10,2700.0,1800.0,17.886248455641166,0.03132649744987344,agent_2,0.032376830332319716
13,10,3000.0,2100.0,20.82244870422283,0.03611269123827237,agent_0,0.031520536672901334
13,10,3000.0,2100.0,20.82244870422283,0.03611269123827237,agent_1,0.033597380614190306
13,10,3000.0,2100.0,20.82244870422283,0.03611269123827237,agent_2,0.03655752730053391
13,10,3300.0,2400.0,23.740338698383905,0.040693891106675956,agent_0,0.03585746466162809
13,10,3300.0,2400.0,23.740338698383905,0.040693891106675956,agent_1,0.03842307263495051
13,10,3300.0,2400.0,23.740338698383905,0.040693891106675956,agent_2,0.04033681170246989
13,10,3600.0,2700.0,26.6390211871577,0.04504166575066074,agent_0,0.040108322347195885
13,10,3600.0,2700.0,26.6390211871577,0.04504166575066074,agent_1,0.04319775135588078
13,10,3600.0,2700.0,26.6390211871577,0.04504166575066074,agent_2,0.04370644706923831
13,10,3900.0,3000.0,29.518279729873946,0.049128772832097385,agent_0,0.044257213603342074
13,10,3900.0,3000.0,29.518279729873946,0.049128772832097385,agent_1,0.047898990247366685
13,10,3900.0,3000.0,29.518279729873946,0.049128772832097385,agent_2,0.046662402428473596
13,10,4200.0,3300.0,32.378650142822046,0.052929326804782656,agent_0,0.04828775041717485
13,10,4200.0,3300.0,32.378650142822046,0.052929326804782656,agent_1,0.052502921977018106
13,10,4200.0,3300.0,32.378650142822046,0.052929326804782656,agent_2,0.04920424586370911
13,10,4500.0,3600.0,35.22148416586054,0.056418932499840695,agent_0,0.05218300654155211
13,10,4500.0,3600.0,35.22148416586054,0.056418932499840695,agent_1,0.056984177738494894
13,10,4500.0,3600.0,35.22148416586054,0.056418932499840695,agent_2,0.051334547046335555
13,10,4800.0,3900.0,38.04900362607476,0.05957482504999026,agent_0,0.05592549153237314
13,10,4800.0,3900.0,38.04900362607476,0.05957482504999026,agent_1,0.06131586333965051
13,10,4800.0,3900.0,38.04900362607476,0.05957482504999026,agent_2,0.05305834070295918
13,10,5100.0,4200.0,40.86434369482692,0.0623759644562326,agent_0,0.05949710565637136
13,10,5100.0,4200.0,40.86434369482692,0.0623759644562326,agent_1,0.06546952894021381
13,10,5100.0,4200.0,40.86434369482692,0.0623759644562326,agent_2,0.05438261786847723
13,10,5400.0,4500.0,43.67158347313607,0.06480314396307026,agent_0,0.06287912585668201
13,10,5400.0,4500.0,43.67158347313607,0.06480314396307026,agent_1,0.06941519442873614
13,10,5400.0,4500.0,43.67158347313607,0.06480314396307026,agent_2,0.05531589985360182
13,25,900.0,0.0,0.0,0.0,agent_0,0.0
13,25,900.0,0.0,0.0,0.0,agent_1,0.0
13,25,900.0,0.0,0.0,0.0,agent_2,0.0
13,25,1200.0,300.0,7.498628172243011,0.013439797089166088,agent_0,0.01132100128748939
13,25,1200.0,300.0,7.498628172243011,0.013439797089166088,agent_1,0.01165564163548793
13,25,1200.0,300.0,7.498628172243011,0.013439797089166088,agent_2,0.01527246315881033
13,25,1500.0,600.0,14.989053161915129,0.026829223617871992,agent_0,0.022677679721935906
13,25,1500.0,600.0,14.989053161915129,0.026829223617871992,agent_1,0.023489374801440092
13,25,1500.0,600.0,14.989053161915129,0.026829223617871992,agent_2,0.029961328179277064
13,25,1800.0,900.0,22.46325126004658,0.04008902634560182,agent_0,0.034036279319021125
13,25,1800.0,900.0,22.46325126004658,0.04008902634560182,agent_1,0.035465315095484604
13,25,1800.0,900.0,22.46325126004658,0.04008902634560182,agent_2,0.04395548256632558
13,25,2100.0,1200.0,29.913603204270615,0.05313997882962174,agent_0,0.045362393711785035
13,25,2100.0,1200.0,29.913603204270615,0.05313997882962174,agent_1,0.04754519177621582
13,25,2100.0,1200.0,29.913603204270615,0.05313997882962174,agent_2,0.05716091681174311
13,25,2400.0,1500.0,37.333124389644674,0.06590342221327129,agent_0,0.05662089940962073
13,25,2400.0,1500.0,37.333124389644674,0.06590342221327129,agent_1,0.05968817255840849
13,25,2400.0,1500.0,37.333124389644674,0.06590342221327129,agent_2,0.06950045073543894
13,25,2700.0,1800.0,44.71569315300316,0.07830178336292155,agent_0,0.06777586946167875
13,25,2700.0,1800.0,44.71569315300316,0.07830178336292155,agent_1,0.07185066844225821
13,25,2700.0,1800.0,44.71569315300316,0.07830178336292155,agent_2,0.08091297163301567
13,25,3000.0,2100.0,52.056275093794376,0.09025912642132038,agent_0,0.07879051592293378
13,25,3000.0,2100.0,52.056275093794376,0.09025912642132038,agent_1,0.08398617204092254
13,25,3000.0,2100.0,52.056275093794376,0.09025912642132038,agent_2,0.09135236515300307
13,25,3300.0,2400.0,59.35114032714712,0.10170162213584935,agent_0,0.08962708094914439
13,25,3300.0,2400.0,59.35114032714712,0.10170162213584935,agent_1,0.09604504658035128
13,25,3300.0,2400.0,59.35114032714712,0.10170162213584935,agent_2,0.10078613212599348
13,25,3600.0,2700.0,66.59807080978283,0.11255805621678637,agent_0,0.10024677268281482
13,25,3600.0,2700.0,66.59807080978283,0.11255805621678637,agent_1,0.10797437388613214
13,25,3600.0,2700.0,66.59807080978283,0.11255805621678637,agent_2,0.10919392522646512
13,25,3900.0,3000.0,73.79655480624032,0.12276026254272683,agent_0,0.11060966671560295
13,25,3900.0,3000.0,73.79655480624032,0.12276026254272683,agent_1,0.11971777980735392
13,25,3900.0,3000.0,73.79655480624032,0.12276026254272683,agent_2,0.11656598018851362
13,25,4200.0,3300.0,80.94796456747218,0.13224354787582135,agent_0,0.12067462925967294
13,25,4200.0,3300.0,80.94796456747218,0.13224354787582135,agent_1,0.13121530475900564
13,25,4200.0,3300.0,80.94796456747218,0.13224354787582135,agent_2,0.12290158341754709
13,25,4500.0,3600.0,88.05571411859097,0.1409470289525714,agent_0,0.13039920527259
13,25,4500.0,3600.0,88.05571411859097,0.1409470289525714,agent_1,0.14240326063767425
13,25,4500.0,3600.0,88.05571411859097,0.1409470289525714,agent_2,0.12820756368319755
13,25,4800.0,3900.0,95.12539283904442,0.14881398406748944,agent_0,0.1397395584745932
13,25,4800.0,3900.0,95.12539283904442,0.14881398406748944,agent_1,0.15321418155244537
13,25,4800.0,3900.0,95.12539283904442,0.14881398406748944,agent_2,0.13249693744457597
13,25,5100.0,4200.0,102.16487130630235,0.15579208897765223,agent_0,0.1486503632809457
13,25,5100.0,4200.0,102.16487130630235,0.15579208897765223,agent_1,0.16357675960098053
13,25,5100.0,4200.0,102.16487130630235,0.15579208897765223,agent_2,0.1357876257300547
13,25,5400.0,4500.0,109.18437510471412,0.16183368593852382,agent_0,0.15708477523221642
13,25,5400.0,4500.0,109.18437510471412,0.16183368593852382,agent_1,0.1734159211852092
13,25,5400.0,4500.0,109.18437510471412,0.16183368593852382,agent_2,0.13810137994235983
13,50,900.0,0.0,0.0,0.0,agent_0,0.0
13,50,900.0,0.0,0.0,0.0,agent_1,0.0
13,50,900.0,0.0,0.0,0.0,agent_2,0.0
13,50,1200.0,300.0,14.99725637642901,0.02687936244632404,agent_0,0.02264203722927103
13,50,1200.0,300.0,14.99725637642901,0.02687936244632404,agent_1,0.023311681869545922
13,50,1200.0,300.0,14.99725637642901,0.02687936244632404,agent_2,0.030543395627913507
13,50,1500.0,600.0,29.978107345563043,0.05365659508040922,agent_0,0.04535498666768497
13,50,1500.0,600.0,29.978107345563043,0.05365659508040922,agent_1,0.046979794691282696
13,50,1500.0,600.0,29.978107345563043,0.05365659508040922,agent_2,0.05991531112353281
13,50,1800.0,900.0,44.926510252515335,0.08017182708328316,agent_0,0.06807055948615391
13,50,1800.0,900.0,44.926510252515335,0.08017182708328316,agent_1,0.07093169689012463
13,50,1800.0,900.0,44.926510252515335,0.08017182708328316,agent_2,0.08789200572963338
13,50,2100.0,1200.0,59.827238789774405,0.10626530361114593,agent_0,0.09071916083635899
13,50,2100.0,1200.0,59.827238789774405,0.10626530361114593,agent_1,0.09508991382496532
13,50,2100.0,1200.0,59.827238789774405,0.10626530361114593,agent_2,0.11428438910240855
13,50,2400.0,1500.0,74.6663466974217,0.13177850752051792,agent_0,0.11322976464870028
13,50,2400.0,1500.0,74.6663466974217,0.13177850752051792,agent_1,0.11937179706900604
13,50,2400.0,1500.0,74.6663466974217,0.13177850752051792,agent_2,0.13893747739899032
13,50,2700.0,1800.0,89.43162701539008,0.15655523301949142,agent_0,0.13552975076279059
13,50,2700.0,1800.0,89.43162701539008,0.15655523301949142,agent_1,0.14368914450070355
13,50,2700.0,1800.0,89.43162701539008,0.15655523301949142,agent_2,0.16172884950211383
13,50,3000.0,2100.0,104.11306259686154,0.18044272392239874,agent_0,0.1575447994524416
13,50,3000.0,2100.0,104.11306259686154,0.18044272392239874,agent_1,0.16794789074924685
13,50,3000.0,2100.0,104.11306259686154,0.18044272392239874,agent_2,0.1825664714100201
13,50,3300.0,2400.0,118.70326145122262,0.20329264366281807,agent_0,0.17919868436028524
13,50,3300.0,2400.0,118.70326145122262,0.20329264366281807,agent_1,0.1920477007551994
13,50,3300.0,2400.0,118.70326145122262,0.20329264366281807,agent_2,0.20138588097904947
13,50,3600.0,2700.0,133.19787109406914,0.224962118947583,agent_0,0.20041315540427743
13,50,3600.0,2700.0,133.19787109406914,0.224962118947583,agent_1,0.2158816852531913
13,50,3600.0,2700.0,133.19787109406914,0.224962118947583,agent_2,0.21814720642945587
13,50,3900.0,3000.0,147.59596574861615,0.24531462789624345,agent_0,0.2211077536972684
13,50,3900.0,3000.0,147.59596574861615,0.24531462789624345,agent_1,0.23933607385285696
13,50,3900.0,3000.0,147.59596574861615,0.24531462789624345,agent_2,0.23283197214700735
13,50,4200.0,3300.0,161.90039858439604,0.2642208658198693,agent_0,0.24119967103812157
13,50,4200.0,3300.0,161.90039858439604,0.2642208658198693,agent_1,0.2622899824702984
13,50,4200.0,3300.0,161.90039858439604,0.2642208658198693,agent_2,0.24543997926312322
13,50,4500.0,3600.0,176.118112633538,0.2815594296692978,agent_0,0.26060354008229797
13,50,4500.0,3600.0,176.118112633538,0.2815594296692978,agent_1,0.2846151575121331
13,50,4500.0,3600.0,176.118112633538,0.2815594296692978,agent_2,0.2559862390022974
13,50,4800.0,3900.0,190.2604017643314,0.2972175254326322,agent_0,0.2792313297790763
13,50,4800.0,3900.0,190.2604017643314,0.2972175254326322,agent_1,0.3061759117506826
13,50,4800.0,3900.0,190.2604017643314,0.2972175254326322,agent_2,0.2644982187799319
13,50,5100.0,4200.0,204.34311478556398,0.3110914384167959,agent_0,0.29699214578997346
13,50,5100.0,4200.0,204.34311478556398,0.3110914384167959,agent_1,0.3268290348813118
13,50,5100.0,4200.0,204.34311478556398,0.3110914384167959,agent_2,0.27101323849965886
13,50,5400.0,4500.0,218.38679409796674,0.3230870634555005,agent_0,0.3137921892912843
13,50,5400.0,4500.0,218.38679409796674,0.3230870634555005,agent_1,0.34642398882230163
13,50,5400.0,4500.0,218.38679409796674,0.3230870634555005,agent_2,0.2755762907185268
13,100,900.0,0.0,0.0,0.0,agent_0,0.0
13,100,900.0,0.0,0.0,0.0,agent_1,0.0
13,100,900.0,0.0,0.0,0.0,agent_2,0.0
13,100,1200.0,300.0,29.994512881467024,0.05375779188510992,agent_0,0.045284209694411055
13,100,1200.0,300.0,29.994512881467024,0.05375779188510992,agent_1,0.04662495413497959
13,100,1200.0,300.0,29.994512881467024,0.05375779188510992,agent_2,0.061080660629717225
13,100,1500.0,600.0,59.95621880361879,0.10730573530549388,agent_0,0.09070845372086629
13,100,1500.0,600.0,59.95621880361879,0.10730573530549388,agent_1,0.0939637384939141
13,100,1500.0,600.0,59.95621880361879,0.10730573530549388,agent_2,0.11980118666434614
13,100,1800.0,900.0,89.85305162268574,0.16031860039549936,agent_0,0.1361330269922231
13,100,1800.0,900.0,89.85305162268574,0.16031860039549936,agent_1,0.1418675518660842
13,100,1800.0,900.0,89.85305162268574,0.16031860039549936,agent_2,0.17570801614947196
13,100,2100.0,1200.0,119.65460785968345,0.21247164929002063,agent_0,0.1814155916805733
13,100,2100.0,1200.0,119.65460785968345,0.21247164929002063,agent_1,0.19017768632032994
13,100,2100.0,1200.0,119.65460785968345,0.21247164929002063,agent_2,0.22841869257418132
13,100,2400.0,1500.0,149.33308722744718,0.26344304199321195,agent_0,0.2264109645971587
13,100,2400.0,1500.0,149.33308722744718,0.26344304199321195,agent_1,0.23872488398499572
13,100,2400.0,1500.0,149.33308722744718,0.26344304199321195,agent_2,0.2776207882455578
13,100,2700.0,1800.0,178.86422180675973,0.31291613794643053,agent_0,0.27097083046833076
13,100,2700.0,1800.0,178.86422180675973,0.31291613794643053,agent_1,0.28732862373355167
13,100,2700.0,1800.0,178.86422180675973,0.31291613794643053,agent_2,0.3230687325916205
13,100,3000.0,2100.0,208.22818440487526,0.3605819147628736,agent_0,0.3149435721910559
13,100,3000.0,2100.0,208.22818440487526,0.3605819147628736,agent_1,0.33579655832720817
13,100,3000.0,2100.0,208.22818440487526,0.3605819147628736,agent_2,0.36457930471947514
13,100,3300.0,2400.0,237.41046241949073,0.4061410348474099,agent_0,0.35817390057362486
13,100,3300.0,2400.0,237.41046241949073,0.4061410348474099,agent_1,0.3839237687655617
13,100,3300.0,2400.0,237.41046241949073,0.4061410348474099,agent_2,0.4020258006817226
13,100,3600.0,2700.0,266.4026848427246,0.4493060397118099,agent_0,0.4005026664060739
13,100,3600.0,2700.0,266.4026848427246,0.4493060397118099,agent_1,0.4314922749460808
13,100,3600.0,2700.0,266.4026848427246,0.4493060397118099,agent_2,0.43533184302491607
13,100,3900.0,3000.0,295.20338953148274,0.4898032117009999,agent_0,0.4417665399879132
13,100,3900.0,3000.0,295.20338953148274,0.4898032117009999,agent_1,0.4782704753132986
13,100,3900.0,3000.0,295.20338953148274,0.4898032117009999,agent_2,0.46446475981373064
13,100,4200.0,3300.0,323.81871469717044,0.5273743667665083,agent_0,0.48179778308175536
13,100,4200.0,3300.0,323.81871469717044,0.5273743667665083,agent_1,0.524012789952932
13,100,4200.0,3300.0,323.81871469717044,0.5273743667665083,agent_2,0.48942912132915317
13,100,4500.0,3600.0,352.26300171711813,0.561778260223999,agent_0,0.5204238865789578
13,100,4500.0,3600.0,352.26300171711813,0.561778260223999,agent_1,0.5684592733047453
13,100,4500.0,3600.0,352.26300171711813,0.561778260223999,agent_2,0.5102604020717163
13,100,4800.0,3900.0,380.55929204228124,0.5927920121152715,agent_0,0.5574674226910936
13,100,4800.0,3900.0,380.55929204228124,0.5927920121152715,agent_1,0.6113356261531141
13,100,4800.0,3900.0,380.55929204228124,0.5927920121152715,agent_2,0.5270192916353117
13,100,5100.0,4200.0,408.73970480158437,0.6202120345457588,agent_0,0.5927457123710418
13,100,5100.0,4200.0,408.73970480158437,0.6202120345457588,agent_1,0.6523531736848632
13,100,5100.0,4200.0,408.73970480158437,0.6202120345457588,agent_2,0.5397863354248855
13,100,5400.0,4500.0,436.84567833984534,0.6438550532826737,agent_0,0.6260708136833957
13,100,5400.0,4500.0,436.84567833984534,0.6438550532826737,agent_1,0.6912094274381008
13,100,5400.0,4500.0,436.84567833984534,0.6438550532826737,agent_2,0.5486574485940633
14,1,900.0,0.0,0.0,8.537736462515939e-07,agent_0,8.537736462515939e-07
14,1,900.0,0.0,0.0,8.537736462515939e-07,agent_1,8.537736462515939e-07
14,1,900.0,0.0,0.0,8.537736462515939e-07,agent_2,8.537736462515939e-07
14,1,1200.0,300.0,0.2999861065913359,0.00033958303440465856,agent_0,0.00032354078726206634
14,1,1200.0,300.0,0.2999861065913359,0.00033958303440465856,agent_1,0.0003347043153248808
14,1,1200.0,300.0,0.2999861065913359,0.00033958303440465856,agent_2,0.0003474638472253633
14,1,1500.0,600.0,0.5998893923012362,0.0006769466739501069,agent_0,0.0006430196656049054
14,1,1500.0,600.0,0.5998893923012362,0.0006769466739501069,agent_1,0.0006658482086712603
14,1,1500.0,600.0,0.5998893923012362,0.0006769466739501069,agent_2,0.0006935396247383346
14,1,1800.0,900.0,0.8996286645272795,0.0010118309182733007,agent_0,0.0009583250739771395
14,1,1800.0,900.0,0.8996286645272795,0.0010118309182733007,agent_1,0.0009933050055392332
14,1,1800.0,900.0,0.8996286645272795,0.0010118309182733007,agent_2,0.001037789875066518
14,1,2100.0,1200.0,1.1991247664334115,0.0013439888772507945,agent_0,0.0012693558466270814
14,1,2100.0,1200.0,1.1991247664334115,0.0013439888772507945,agent_1,0.001316948270932053
14,1,2100.0,1200.0,1.1991247664334115,0.0013439888772507945,agent_2,0.0013797959490902093
14,1,2400.0,1500.0,1.4983008576605816,0.0016731787509651733,agent_0,0.0015760185128857068
14,1,2400.0,1500.0,1.4983008576605816,0.0016731787509651733,agent_1,0.001636658248275577
14,1,2400.0,1500.0,1.4983008576605816,0.0016731787509651733,agent_2,0.0017191533225836438
14,1,2700.0,1800.0,1.7970826702954148,0.0019991692866588424,agent_0,0.001878225956827112
14,1,2700.0,1800.0,1.7970826702954148,0.0019991692866588424,agent_1,0.0019523148833669101
14,1,2700.0,1800.0,1.7970826702954148,0.0019991692866588424,agent_2,0.002055475435514246
14,1,3000.0,2100.0,2.0953987612065834,0.0023217361423991515,agent_0,0.002175892179185003
14,1,3000.0,2100.0,2.0953987612065834,0.0023217361423991515,agent_1,0.002263803322575044
14,1,3000.0,2100.0,2.0953987612065834,0.0023217361423991515,agent_2,0.00238839129917595
14,1,3300.0,2400.0,2.3931807463192305,0.002640663092159996,agent_0,0.002468938756875826
14,1,3300.0,2400.0,2.3931807463192305,0.002640663092159996,agent_1,0.0025710090268681726
14,1,3300.0,2400.0,2.3931807463192305,0.002640663092159996,agent_2,0.002717547031856408
14,1,3600.0,2700.0,2.690363524594421,0.0029557401954938057,agent_0,0.002757289055287692
14,1,3600.0,2700.0,2.690363524594421,0.0029557401954938057,agent_1,0.002873819341484802
14,1,3600.0,2700.0,2.690363524594421,0.0029557401954938057,agent_2,0.0030426039614969732
14,1,3900.0,3000.0,2.9868854990125104,0.003266763679889812,agent_0,0.0030408696686657823
14,1,3900.0,3000.0,2.9868854990125104,0.003266763679889812,agent_1,0.003172122421632513
14,1,3900.0,3000.0,2.9868854990125104,0.003266763679889812,agent_2,0.0033632414298049944
14,1,4200.0,3300.0,3.282688780147114,0.003573537089424344,agent_0,0.003319608630288079
14,1,4200.0,3300.0,3.282688780147114,0.003573537089424344,agent_1,0.0034658068093825316
14,1,4200.0,3300.0,3.282688780147114,0.003573537089424344,agent_2,0.0036791532534602377
14,1,4500.0,3600.0,3.577719392664392,0.003875868409322112,agent_0,0.0035934367222531438
14,1,4500.0,3600.0,3.577719392664392,0.003875868409322112,agent_1,0.003754761187438087
14,1,4500.0,3600.0,3.577719392664392,0.003875868409322112,agent_2,0.003990050553523634
14,1,4800.0,3900.0,3.871927465822037,0.004173572111499162,agent_0,0.003862284949368962
14,1,4800.0,3900.0,3.871927465822037,0.004173572111499162,agent_1,0.0040388733104215905
14,1,4800.0,3900.0,3.871927465822037,0.004173572111499162,agent_2,0.004295659759208449
14,1,5100.0,4200.0,4.165267428482806,0.004466466382433943,agent_0,0.004126085493289752
14,1,5100.0,4200.0,4.165267428482806,0.004466466382433943,agent_1,0.004318029999604507
14,1,5100.0,4200.0,4.165267428482806,0.004466466382433943,agent_2,0.0045957221399861746
14,1,5400.0,4500.0,4.45769818995379,0.0047543755225989805,agent_0,0.004384770659471237
14,1,5400.0,4500.0,4.45769818995379,0.0047543755225989805,agent_1,0.004592117414649987
14,1,5400.0,4500.0,4.45769818995379,0.0047543755225989805,agent_2,0.0048899958459695
14,5,900.0,0.0,0.0,8.537736462515939e-07,agent_0,8.537736462515939e-07
14,5,900.0,0.0,0.0,8.537736462515939e-07,agent_1,8.537736462515939e-07
14,5,900.0,0.0,0.0,8.537736462515939e-07,agent_2,8.537736462515939e-07
14,5,1200.0,300.0,1.4999305330157515,0.0016979168893161232,agent_0,0.0016177091181970682
14,5,1200.0,300.0,1.4999305330157515,0.0016979168893161232,agent_1,0.0016735109052755115
14,5,1200.0,300.0,1.4999305330157515,0.0016979168893161232,agent_2,0.0017373240612549433
14,5,1500.0,600.0,2.999446962605517,0.0033847291707392395,agent_0,0.003215080644163913
14,5,1500.0,600.0,2.999446962605517,0.0033847291707392395,agent_1,0.0033292180542253
14,5,1500.0,600.0,2.999446962605517,0.0033847291707392395,agent_2,0.0034677061120019876
14,5,1800.0,900.0,4.4981433307472845,0.005059141553572175,agent_0,0.0047915735721399426
14,5,1800.0,900.0,4.4981433307472845,0.005059141553572175,agent_1,0.004966471972091899
14,5,1800.0,900.0,4.4981433307472845,0.005059141553572175,agent_2,0.00518896363545822
14,5,2100.0,1200.0,5.995623865972829,0.00671990571937951,agent_0,0.006346680808788149
14,5,2100.0,1200.0,5.995623865972829,0.00671990571937951,agent_1,0.006584642889945692
14,5,2100.0,1200.0,5.995623865972829,0.00671990571937951,agent_2,0.006898991001974158
14,5,2400.0,1500.0,7.49150439034575,0.008365819569508121,agent_0,0.007879931429127674
14,5,2400.0,1500.0,7.49150439034575,0.008365819569508121,agent_1,0.008183123339318647
14,5,2400.0,1500.0,7.49150439034575,0.008365819569508121,agent_2,0.008595769503889798
14,5,2700.0,1800.0,8.985413602672342,0.00999571890191492,agent_0,0.00939087877125415
14,5,2700.0,1800.0,8.985413602672342,0.00999571890191492,agent_1,0.00976131724977061
14,5,2700.0,1800.0,8.985413602672342,0.00999571890191492,agent_2,0.010277356906048292
14,5,3000.0,2100.0,10.476994342968776,0.011608481491107039,agent_0,0.010879102486476302
14,5,3000.0,2100.0,10.476994342968776,0.011608481491107039,agent_1,0.011318644110397152
14,5,3000.0,2100.0,10.476994342968776,0.011608481491107039,agent_2,0.01194189672842303
14,5,3300.0,2400.0,11.965904766686217,0.013203021060973975,agent_0,0.012344202252462433
14,5,3300.0,2400.0,11.965904766686217,0.013203021060973975,agent_1,0.012854531669035864
14,5,3300.0,2400.0,11.965904766686217,0.013203021060973975,agent_2,0.013587614083164853
14,5,3600.0,2700.0,13.45181946688606,0.014778285218301112,agent_0,0.01378579392519552
14,5,3600.0,2700.0,13.45181946688606,0.014778285218301112,agent_1,0.014368413813979419
14,5,3600.0,2700.0,13.45181946688606,0.014778285218301112,agent_2,0.015212815300548138
14,5,3900.0,3000.0,14.934430581301378,0.016333256432651027,agent_0,0.01520350930312306
14,5,3900.0,3000.0,14.934430581301378,0.016333256432651027,agent_1,0.015859730694811808
14,5,3900.0,3000.0,14.934430581301378,0.016333256432651027,agent_2,0.016815891032141678
14,5,4200.0,3300.0,16.413448812060835,0.01786694470776205,agent_0,0.01659698836303446
14,5,4200.0,3300.0,16.413448812060835,0.01786694470776205,agent_1,0.01732792141723652
14,5,4200.0,3300.0,16.413448812060835,0.01786694470776205,agent_2,0.018395309562043
14,5,4500.0,3600.0,17.888604459730008,0.01937839245923074,agent_0,0.0179658826549155
14,5,4500.0,3600.0,17.888604459730008,0.01937839245923074,agent_1,0.018772428348586088
14,5,4500.0,3600.0,17.888604459730008,0.01937839245923074,agent_2,0.019949623772556963
14,5,4800.0,3900.0,19.359648376764753,0.02086666698142337,agent_0,0.019309847477186257
14,5,4800.0,3900.0,19.359648376764753,0.02086666698142337,agent_1,0.020192689324701276
14,5,4800.0,3900.0,19.359648376764753,0.02086666698142337,agent_2,0.021477463059681665
14,5,5100.0,4200.0,20.826352944008317,0.0223308588864888,agent_0,0.02062854001232067
14,5,5100.0,4200.0,20.826352944008317,0.0223308588864888,agent_1,0.021588136453306574
14,5,5100.0,4200.0,20.826352944008317,0.0223308588864888,agent_2,0.02297753285843386
14,5,5400.0,4500.0,22.288512974935475,0.023770087419618464,agent_0,0.021921622571721824
14,5,5400.0,4500.0,22.288512974935475,0.023770087419618464,agent_1,0.022958200262961827
14,5,5400.0,4500.0,22.288512974935475,0.023770087419618464,agent_2,0.024448620057176
14,10,900.0,0.0,0.0,8.537736462515939e-07,agent_0,8.537736462515939e-07
14,10,900.0,0.0,0.0,8.537736462515939e-07,agent_1,8.537736462515939e-07
14,10,900.0,0.0,0.0,8.537736462515939e-07,agent_2,8.537736462515939e-07
14,10,1200.0,300.0,2.999861066134155,0.0033958327057346496,agent_0,0.003235406295963054
14,10,1200.0,300.0,2.999861066134155,0.0033958327057346496,agent_1,0.003347009288276326
14,10,1200.0,300.0,2.999861066134155,0.0033958327057346496,agent_2,0.003474655360487987
14,10,1500.0,600.0,5.998893927919281,0.006769445853639943,agent_0,0.006430108691144868
14,10,1500.0,600.0,5.998893927919281,0.006769445853639943,agent_1,0.006658382687455445
14,10,1500.0,600.0,5.998893927919281,0.006769445853639943,agent_2,0.00693543513949541
14,10,1800.0,900.0,8.996286681780274,0.01011824259396138,agent_0,0.009583018261884428
14,10,1800.0,900.0,8.996286681780274,0.01011824259396138,agent_1,0.009932813510756117
14,10,1800.0,900.0,8.996286681780274,0.01011824259396138,agent_2,0.010377962435836979
14,10,2100.0,1200.0,11.991247816530157,0.013439715435655482,agent_0,0.01269311565023528
14,10,2100.0,1200.0,11.991247816530157,0.013439715435655482,agent_1,0.013169035088162142
14,10,2100.0,1200.0,11.991247816530157,0.013439715435655482,agent_2,0.013798015627966698
14,10,2400.0,1500.0,14.983009036083038,0.0167314537659719,agent_0,0.015759453141322186
14,10,2400.0,1500.0,14.983009036083038,0.0167314537659719,agent_1,0.01636582640435628
14,10,2400.0,1500.0,14.983009036083038,0.0167314537659719,agent_2,0.017191547727041866
14,10,2700.0,1800.0,17.97082783399799,0.019991120547865365,agent_0,0.01878113181460788
14,10,2700.0,1800.0,17.97082783399799,0.019991120547865365,agent_1,0.019521989439657238
14,10,2700.0,1800.0,17.97082783399799,0.019991120547865365,agent_2,0.020554664228934476
14,10,3000.0,2100.0,20.95399002972697,0.023216464254010607,agent_0,0.021757306646494404
14,10,3000.0,2100.0,20.95399002972697,0.023216464254010607,agent_1,0.022636357253967627
14,10,3000.0,2100.0,20.95399002972697,0.023216464254010607,agent_2,0.023883643062233683
14,10,3300.0,2400.0,23.931812123885486,0.026405305463714373,agent_0,0.024687172399013566
14,10,3300.0,2400.0,23.931812123885486,0.026405305463714373,agent_1,0.025707780380467553
14,10,3300.0,2400.0,23.931812123885486,0.026405305463714373,agent_2,0.027174925694910826
14,10,3600.0,2700.0,26.903643548471884,0.02955553279331166,agent_0,0.027569956742478294
14,10,3600.0,2700.0,26.903643548471884,0.02955553279331166,agent_1,0.028735121516643616
14,10,3600.0,2700.0,26.903643548471884,0.02955553279331166,agent_2,0.030425116791579405
14,10,3900.0,3000.0,29.86886888634513,0.032665105136186014,agent_0,0.030404919609523264
14,10,3900.0,3000.0,29.86886888634513,0.032665105136186014,agent_1,0.03171725653321012
14,10,3900.0,3000.0,29.86886888634513,0.032665105136186014,agent_2,0.033630990151949904
14,10,4200.0,3300.0,32.826909915192005,0.03573203659886295,agent_0,0.03319133756814724
14,10,4200.0,3300.0,32.826909915192005,0.03573203659886295,agent_1,0.034653059267033264
14,10,4200.0,3300.0,32.826909915192005,0.03573203659886295,agent_2,0.0367894756122384
14,10,4500.0,3600.0,35.777227679377816,0.038754407004107434,agent_0,0.03592851078848337
14,10,4500.0,3600.0,35.777227679377816,0.038754407004107434,agent_1,0.0375414106269572
14,10,4500.0,3600.0,35.777227679377816,0.038754407004107434,agent_2,0.03989767245029524
14,10,4800.0,3900.0,38.71932439996351,0.041730345861183155,agent_0,0.03861574709351645
14,10,4800.0,3900.0,38.71932439996351,0.041730345861183155,agent_1,0.040381182776019854
14,10,4800.0,3900.0,38.71932439996351,0.041730345861183155,agent_2,0.04295283396602933
14,10,5100.0,4200.0,41.652745429897855,0.044658030098353646,agent_0,0.041252358371075645
14,10,5100.0,4200.0,41.652745429897855,0.044658030098353646,agent_1,0.043171236586687395
14,10,5100.0,4200.0,41.652745429897855,0.044658030098353646,agent_2,0.04595236596509495
14,10,5400.0,4500.0,44.57708106413247,0.04753569416909372,agent_0,0.0438376672405602
14,10,5400.0,4500.0,44.57708106413247,0.04753569416909372,agent_1,0.04591043036171915
14,10,5400.0,4500.0,44.57708106413247,0.04753569416909372,agent_2,0.048893837859379057
14,25,900.0,0.0,0.0,8.537736462515939e-07,agent_0,8.537736462515939e-07
14,25,900.0,0.0,0.0,8.537736462515939e-07,agent_1,8.537736462515939e-07
14,25,900.0,0.0,0.0,8.537736462515939e-07,agent_2,8.537736462515939e-07
14,25,1200.0,300.0,7.499652665983856,0.008489570286857581,agent_0,0.008088425107796454
14,25,1200.0,300.0,7.499652665983856,0.008489570286857581,agent_1,0.008367432442639808
14,25,1200.0,300.0,7.499652665983856,0.008489570286857581,agent_2,0.008686695500919717
14,25,1500.0,600.0,14.997234840100267,0.016923522576621147,agent_0,0.016074875204602396
14,25,1500.0,600.0,14.997234840100267,0.016923522576621147,agent_1,0.016645557965864293
14,25,1500.0,600.0,14.997234840100267,0.016923522576621147,agent_2,0.0173387596194254
14,25,1800.0,900.0,22.490716856956364,0.02529529954794377,agent_0,0.023956579185776056
14,25,1800.0,900.0,22.490716856956364,0.02529529954794377,agent_1,0.02483105466905106
14,25,1800.0,900.0,22.490716856956364,0.02529529954794377,agent_2,0.025945169018029204
14,25,2100.0,1200.0,29.97812017730139,0.03359856751745502,agent_0,0.03173094334501669
14,25,2100.0,1200.0,29.97812017730139,0.03359856751745502,agent_1,0.0329207058514514
14,25,2100.0,1200.0,29.97812017730139,0.03359856751745502,agent_2,0.034495290928359935
14,25,2400.0,1500.0,37.45752451050589,0.04182723973958735,agent_0,0.03939555662710431
14,25,2400.0,1500.0,37.45752451050589,0.04182723973958735,agent_1,0.04091141093945918
14,25,2400.0,1500.0,37.45752451050589,0.04182723973958735,agent_2,0.042978931701888566
14,25,2700.0,1800.0,44.927074311610994,0.049975415567879176,agent_0,0.04694813239208937
14,25,2700.0,1800.0,44.927074311610994,0.049975415567879176,agent_1,0.048800129913820024
14,25,2700.0,1800.0,44.927074311610994,0.049975415567879176,agent_2,0.051386282246406095
14,25,3000.0,2100.0,52.38498517760122,0.05803741091712067,agent_0,0.05438652240037974
14,25,3000.0,2100.0,52.38498517760122,0.05803741091712067,agent_1,0.05658390318718251
14,25,3000.0,2100.0,52.38498517760122,0.05803741091712067,agent_2,0.059707968782477715
14,25,3300.0,2400.0,59.8295497857677,0.06600772527970236,agent_0,0.06170868045232084
14,25,3300.0,2400.0,59.8295497857677,0.06600772527970236,agent_1,0.06425981764970509
14,25,3300.0,2400.0,59.8295497857677,0.06600772527970236,agent_2,0.06793503008217415
14,25,3600.0,2700.0,67.25914356422517,0.07388103105598257,agent_0,0.06891264537233997
14,25,3600.0,2700.0,67.25914356422517,0.07388103105598257,agent_1,0.07182499309934785
14,25,3600.0,2700.0,67.25914356422517,0.07388103105598257,agent_2,0.07605891699332497
14,25,3900.0,3000.0,74.67223028001622,0.08165217972285567,agent_0,0.07599653936405204
14,25,3900.0,3000.0,74.67223028001622,0.08165217972285567,agent_1,0.079276585010194
14,25,3900.0,3000.0,74.67223028001622,0.08165217972285567,agent_2,0.08407150784708067
14,25,4200.0,3300.0,82.06736718312823,0.08931616362052046,agent_0,0.08295852874075778
14,25,4200.0,3300.0,82.06736718312823,0.08931616362052046,agent_1,0.08661174630474287
14,25,4200.0,3300.0,82.06736718312823,0.08931616362052046,agent_2,0.0919650755406946
14,25,4500.0,3600.0,89.44321021428689,0.09686814283737409,agent_0,0.0897968413335689
14,25,4500.0,3600.0,89.44321021428689,0.09686814283737409,agent_1,0.0938276501529498
14,25,4500.0,3600.0,89.44321021428689,0.09686814283737409,agent_2,0.09973232131226877
14,25,4800.0,3900.0,96.79851880278068,0.10430340482057604,agent_0,0.09650972652174876
14,25,4800.0,3900.0,96.79851880278068,0.10430340482057604,agent_1,0.10092145043422904
14,25,4800.0,3900.0,96.79851880278068,0.10430340482057604,agent_2,0.10736633608965304
14,25,5100.0,4200.0,104.13216077131356,0.11161735875312151,agent_0,0.10309544600290567
14,25,5100.0,4200.0,104.13216077131356,0.11161735875312151,agent_1,0.10789027518569623
14,25,5100.0,4200.0,104.13216077131356,0.11161735875312151,agent_2,0.11486059711996374
14,25,5400.0,4500.0,111.44311687238073,0.11880556089023386,agent_0,0.10955229073984352
14,25,5400.0,4500.0,111.44311687238073,0.11880556089023386,agent_1,0.11473124857437324
14,25,5400.0,4500.0,111.44311687238073,0.11880556089023386,agent_2,0.12220899533338937
14,50,900.0,0.0,0.0,8.537736462515939e-07,agent_0,8.537736462515939e-07
14,50,900.0,0.0,0.0,8.537736462515939e-07,agent_1,8.537736462515939e-07
14,50,900.0,0.0,0.0,8.537736462515939e-07,agent_2,8.537736462515939e-07
14,50,1200.0,300.0,14.99930533413513,0.016979101746355103,agent_0,0.01617654812553098
14,50,1200.0,300.0,14.99930533413513,0.016979101746355103,agent_1,0.016734563487264164
14,50,1200.0,300.0,14.99930533413513,0.016979101746355103,agent_2,0.017373580065479798
14,50,1500.0,600.0,29.99446974819534,0.033846737416383034,agent_0,0.03214842735794743
14,50,1500.0,600.0,29.99446974819534,0.033846737416383034,agent_1,0.03328978515619489
14,50,1500.0,600.0,29.99446974819534,0.033846737416383034,agent_2,0.03467808977336943
14,50,1800.0,900.0,44.981434224838644,0.05058957011027311,agent_0,0.04790993253758038
14,50,1800.0,900.0,44.981434224838644,0.05058957011027311,agent_1,0.04965884118515546
14,50,1800.0,900.0,44.981434224838644,0.05058957011027311,agent_2,0.05189120915190824
14,50,2100.0,1200.0,59.95624248526355,0.06719471915687221,agent_0,0.06345572475079919
14,50,2100.0,1200.0,59.95624248526355,0.06719471915687221,agent_1,0.06583512817265243
14,50,2100.0,1200.0,59.95624248526355,0.06719471915687221,agent_2,0.06899140818889946
14,50,2400.0,1500.0,74.9150554541433,0.08364980722098066,agent_0,0.0787808410597377
14,50,2400.0,1500.0,74.9150554541433,0.08364980722098066,agent_1,0.08181228489369564
14,50,2400.0,1500.0,74.9150554541433,0.08364980722098066,agent_2,0.08595804532215151
14,50,2700.0,1800.0,89.85416445700278,0.09994283880261796,agent_0,0.09388057800163653
14,50,2700.0,1800.0,89.85416445700278,0.09994283880261796,agent_1,0.09758408070607644
14,50,2700.0,1800.0,89.85416445700278,0.09994283880261796,agent_2,0.10277125940780331
14,50,3000.0,2100.0,104.77000419835349,0.11606226134236466,agent_0,0.10875051908602387
14,50,3000.0,2100.0,104.77000419835349,0.11606226134236466,agent_1,0.11314445538875359
14,50,3000.0,2100.0,104.77000419835349,0.11606226134236466,agent_2,0.11941207240706944
14,50,3300.0,2400.0,119.65916480628023,0.1319968997540258,agent_0,0.12338646150800495
14,50,3300.0,2400.0,119.65916480628023,0.1319968997540258,agent_1,0.1284874507617463
14,50,3300.0,2400.0,119.65916480628023,0.1319968997540258,agent_2,0.13586234488596474
14,50,3600.0,2700.0,134.51840332313407,0.14773593508391844,agent_0,0.13778438190364126
14,50,3600.0,2700.0,134.51840332313407,0.14773593508391844,agent_1,0.14360718354843874
14,50,3600.0,2700.0,134.51840332313407,0.14773593508391844,agent_2,0.1521047757953132
14,50,3900.0,3000.0,149.34465501293823,0.16326891709444552,agent_0,0.15194043262086546
14,50,3900.0,3000.0,149.34465501293823,0.16326891709444552,agent_1,0.1584978507227148
14,50,3900.0,3000.0,149.34465501293823,0.16326891709444552,agent_2,0.16812293398171652
14,50,4200.0,3300.0,164.1350437617906,0.1785856879377342,agent_0,0.16585086297037027
14,50,4200.0,3300.0,164.1350437617906,0.1785856879377342,agent_1,0.17315365284341708
14,50,4200.0,3300.0,164.1350437617906,0.1785856879377342,agent_2,0.18390119286412385
14,50,4500.0,3600.0,178.88689258694114,0.19367643618800898,agent_0,0.1795120536328813
14,50,4500.0,3600.0,178.88689258694114,0.19367643618800898,agent_1,0.1875688397051069
14,50,4500.0,3600.0,178.88689258694114,0.19367643618800898,agent_2,0.19942479843471544
14,50,4800.0,3900.0,193.59773330658916,0.2085316159415126,agent_0,0.19292043653256805
14,50,4800.0,3900.0,193.59773330658916,0.2085316159415126,agent_1,0.20173763110644177
14,50,4800.0,3900.0,193.59773330658916,0.2085316159415126,agent_2,0.21467979223944986
14,50,5100.0,4200.0,208.26531640413353,0.22314193588830267,agent_0,0.2060724761417069
14,50,5100.0,4200.0,208.26531640413353,0.22314193588830267,agent_1,0.2156542037188585
14,50,5100.0,4200.0,208.26531640413353,0.22314193588830267,agent_2,0.22965300470436786
14,50,5400.0,4500.0,222.88762013586387,0.23749840985228474,agent_0,0.21896470308881166
14,50,5400.0,4500.0,222.88762013586387,0.23749840985228474,agent_1,0.22931273501292512
14,50,5400.0,4500.0,222.88762013586387,0.23749840985228474,agent_2,0.2443321100531754
14,100,900.0,0.0,0.0,8.537736462515939e-07,agent_0,8.537736462515939e-07
14,100,900.0,0.0,0.0,8.537736462515939e-07,agent_1,8.537736462515939e-07
14,100,900.0,0.0,0.0,8.537736462515939e-07,agent_2,8.537736462515939e-07
14,100,1200.0,300.0,29.998610676933023,0.033958046716263346,agent_0,0.03235188653102997
14,100,1200.0,300.0,29.998610676933023,0.033958046716263346,agent_1,0.03346792005813766
14,100,1200.0,300.0,29.998610676933023,0.033958046716263346,agent_2,0.034747915010060325
14,100,1500.0,600.0,59.98893977087147,0.06769223202436353,agent_0,0.06429155300617823
14,100,1500.0,600.0,59.98893977087147,0.06769223202436353,agent_1,0.0665742366832287
14,100,1500.0,600.0,59.98893977087147,0.06769223202436353,agent_2,0.06935844913928307
14,100,1800.0,900.0,89.96287051279607,0.1011749849558754,agent_0,0.0958069309894313
14,100,1800.0,900.0,89.96287051279607,0.1011749849558754,agent_1,0.099304575091222
14,100,1800.0,900.0,89.96287051279607,0.1011749849558754,agent_2,0.103785860326665
14,100,2100.0,1200.0,119.91249357368493,0.13437968338267547,agent_0,0.12688673104748258
14,100,2100.0,1200.0,119.91249357368493,0.13437968338267547,agent_1,0.13164504260049475
14,100,2100.0,1200.0,119.91249357368493,0.13437968338267547,agent_2,0.13798602178956376
14,100,2400.0,1500.0,149.83013688201862,0.1672807502200367,agent_0,0.15752046037995046
14,100,2400.0,1500.0,149.83013688201862,0.1672807502200367,agent_1,0.16358227126357114
14,100,2400.0,1500.0,149.83013688201862,0.1672807502200367,agent_2,0.17191662470518893
14,100,2700.0,1800.0,179.70839283664935,0.19985341159304645,agent_0,0.18769818826691387
14,100,2700.0,1800.0,179.70839283664935,0.19985341159304645,agent_1,0.19510319404915405
14,100,2700.0,1800.0,179.70839283664935,0.19985341159304645,agent_2,0.20553696756540274
14,100,3000.0,2100.0,209.54014500940764,0.2320738203441464,agent_0,0.2174105994250018
14,100,3000.0,2100.0,209.54014500940764,0.2320738203441464,agent_1,0.22619512334348704
14,100,3000.0,2100.0,209.54014500940764,0.2320738203441464,agent_2,0.23880816611342925
14,100,3300.0,2400.0,239.31859290723,0.2639189261213505,agent_0,0.24664884585048807
14,100,3300.0,2400.0,239.31859290723,0.2639189261213505,agent_1,0.2568456137039266
14,100,3300.0,2400.0,239.31859290723,0.2639189261213505,agent_2,0.2716930684055249
14,100,3600.0,2700.0,269.03727555136254,0.29536643366607174,agent_0,0.2754044768736543
14,100,3600.0,2700.0,269.03727555136254,0.29536643366607174,agent_1,0.2870424068821232
14,100,3600.0,2700.0,269.03727555136254,0.29536643366607174,agent_2,0.3041562576507111
14,100,3900.0,3000.0,298.6900946137344,0.32639482863649466,agent_0,0.30366943026567966
14,100,3900.0,3000.0,298.6900946137344,0.32639482863649466,agent_1,0.31677344186442763
14,100,3900.0,3000.0,298.6900946137344,0.32639482863649466,agent_2,0.33616411810564695
14,100,4200.0,3300.0,328.271335661837,0.3569832257021221,agent_0,0.3314358736186958
14,100,4200.0,3300.0,328.271335661837,0.3569832257021221,agent_1,0.3460267012078209
14,100,4200.0,3300.0,328.271335661837,0.3569832257021221,agent_2,0.36768470665159436
14,100,4500.0,3600.0,357.7756895422475,0.38711147704884047,agent_0,0.35869627168957374
14,100,4500.0,3600.0,357.7756895422475,0.38711147704884047,agent_1,0.3747903017682187
14,100,4500.0,3600.0,357.7756895422475,0.38711147704884047,agent_2,0.39868789044136405
14,100,4800.0,3900.0,387.1982720062347,0.41676001106242877,agent_0,0.3854432253879297
14,100,4800.0,3900.0,387.1982720062347,0.41676001106242877,agent_1,0.40305233617948516
14,100,4800.0,3900.0,387.1982720062347,0.41676001106242877,agent_2,0.4291451940407734
14,100,5100.0,4200.0,416.5346436432424,0.4459098108935315,agent_0,0.41166943333314754
14,100,5100.0,4200.0,416.5346436432424,0.4459098108935315,agent_1,0.4308008463941392
14,100,5100.0,4200.0,416.5346436432424,0.4459098108935315,agent_2,0.45902978680698026
14,100,5400.0,4500.0,445.7808282203326,0.4745425155886886,agent_0,0.43736775796064686
14,100,5400.0,4500.0,445.7808282203326,0.4745425155886886,agent_1,0.4580239111878702
14,100,5400.0,4500.0,445.7808282203326,0.4745425155886886,agent_2,0.4883165927789277
15,1,900.0,0.0,0.0,1.2074182697257333e-06,agent_0,1.2074182697257333e-06
15,1,900.0,0.0,0.0,1.2074182697257333e-06,agent_1,0.0
15,1,900.0,0.0,0.0,1.2074182697257333e-06,agent_2,0.0
15,1,1200.0,300.0,0.29997576786346064,0.0004090529242922339,agent_0,0.0003816692886326574
15,1,1200.0,300.0,0.29997576786346064,0.0004090529242922339,agent_1,0.00036457434327272535
15,1,1200.0,300.0,0.29997576786346064,0.0004090529242922339,agent_2,0.0004606581577402554
15,1,1500.0,600.0,0.5998067723965753,0.0008162960148334314,agent_0,0.0007561798526335383
15,1,1500.0,600.0,0.5998067723965753,0.0008162960148334314,agent_1,0.000724582759679195
15,1,1500.0,600.0,0.5998067723965753,0.0008162960148334314,agent_2,0.0009259670164498977
15,1,1800.0,900.0,0.8993505602675655,0.0012209816885424937,agent_0,0.0011232254656553331
15,1,1800.0,900.0,0.8993505602675655,0.0012209816885424937,agent_1,0.00107975804889047
15,1,1800.0,900.0,0.8993505602675655,0.0012209816885424937,agent_2,0.0013943733852443735
15,1,2100.0,1200.0,1.198468327880057,0.0016223710016317495,agent_0,0.0014825225621228288
15,1,2100.0,1200.0,1.198468327880057,0.0016223710016317495,agent_1,0.0014298511532039619
15,1,2100.0,1200.0,1.198468327880057,0.0016223710016317495,agent_2,0.0018642557635543712
15,1,2400.0,1500.0,1.4970261480957257,0.0020197402869982723,agent_0,0.0018338235133116977
15,1,2400.0,1500.0,1.4970261480957257,0.0020197402869982723,agent_1,0.0017746226925232753
15,1,2400.0,1500.0,1.4970261480957257,0.0020197402869982723,agent_2,0.0023339293652103487
15,1,2700.0,1800.0,1.7948961607879772,0.0024123762280746077,agent_0,0.0021769018101484164
15,1,2700.0,1800.0,1.7948961607879772,0.0024123762280746077,agent_1,0.0021138425136441167
15,1,2700.0,1800.0,1.7948961607879772,0.0024123762280746077,agent_2,0.0028016561065078165
15,1,3000.0,2100.0,2.0919577491497026,0.0027995796364809282,agent_0,0.002511555674074421
15,1,3000.0,2100.0,2.0919577491497026,0.0027995796364809282,agent_1,0.002447292379258769
15,1,3000.0,2100.0,2.0919577491497026,0.0027995796364809282,agent_2,0.00326565785861019
15,1,3300.0,2400.0,2.3880986883274793,0.0031806608139076636,agent_0,0.002837602224550533
15,1,3300.0,2400.0,2.3880986883274793,0.0031806608139076636,agent_1,0.00277475922794223
15,1,3300.0,2400.0,2.3880986883274793,0.0031806608139076636,agent_2,0.003724124924734385
15,1,3600.0,2700.0,2.6832162745090447,0.0035549447141892286,agent_0,0.003154876156902537
15,1,3600.0,2700.0,2.6832162745090447,0.0035549447141892286,agent_1,0.0030960374090369847
15,1,3600.0,2700.0,2.6832162745090447,0.0035549447141892286,agent_2,0.004175232736965241
15,1,3900.0,3000.0,2.97721844253709,0.003921766658134819,agent_0,0.003463227007188239
15,1,3900.0,3000.0,2.97721844253709,0.003921766658134819,agent_1,0.0034109240227150283
15,1,3900.0,3000.0,2.97721844253709,0.003921766658134819,agent_2,0.00461715175621787
15,1,4200.0,3300.0,3.270024856636756,0.004280474533645008,agent_0,0.0037625162372472826
15,1,4200.0,3300.0,3.270024856636756,0.004280474533645008,agent_1,0.0037192205727403973
15,1,4200.0,3300.0,3.270024856636756,0.004280474533645008,agent_2,0.0050480635943352305
15,1,4500.0,3600.0,3.561567996123559,0.004630427105391272,agent_0,0.004052615831129744
15,1,4500.0,3600.0,3.561567996123559,0.004630427105391272,agent_1,0.004020729398500031
15,1,4500.0,3600.0,3.561567996123559,0.004630427105391272,agent_2,0.005466175940666765
15,1,4800.0,3900.0,3.851794214605486,0.0049709948339182125,agent_0,0.004333405667833408
15,1,4800.0,3900.0,3.851794214605486,0.0049709948339182125,agent_1,0.004315253268928757
15,1,4800.0,3900.0,3.851794214605486,0.0049709948339182125,agent_2,0.005869734863630703
15,1,5100.0,4200.0,4.140664793167872,0.005301560307571418,agent_0,0.004604773134052668
15,1,5100.0,4200.0,4.140664793167872,0.005301560307571418,agent_1,0.004602595616807002
15,1,5100.0,4200.0,4.140664793167872,0.005301560307571418,agent_2,0.006257043078878753
15,1,5400.0,4500.0,4.42815696676158,0.005621516117806922,agent_0,0.004866609540784843
15,1,5400.0,4500.0,4.42815696676158,0.005621516117806922,agent_1,0.00488255584480966
15,1,5400.0,4500.0,4.42815696676158,0.005621516117806922,agent_2,0.006626468553666959
15,5,900.0,0.0,0.0,1.2074182697257333e-06,agent_0,1.2074182697257333e-06
15,5,900.0,0.0,0.0,1.2074182697257333e-06,agent_1,0.0
15,5,900.0,0.0,0.0,1.2074182697257333e-06,agent_2,0.0
15,5,1200.0,300.0,1.4998788394132514,0.002045262304973232,agent_0,0.0019083328832955192
15,5,1200.0,300.0,1.4998788394132514,0.002045262304973232,agent_1,0.0018228651184100417
15,5,1200.0,300.0,1.4998788394132514,0.002045262304973232,agent_2,0.0023032968018300874
15,5,1500.0,600.0,2.9990338652220707,0.0040814718596454535,agent_0,0.0037808667781318098
15,5,1500.0,600.0,2.9990338652220707,0.0040814718596454535,agent_1,0.0036228871399071774
15,5,1500.0,600.0,2.9990338652220707,0.0040814718596454535,agent_2,0.004629850434006051
15,5,1800.0,900.0,4.496752825803254,0.006104873759525852,agent_0,0.005616039330643833
15,5,1800.0,900.0,4.496752825803254,0.006104873759525852,agent_1,0.005398733268818647
15,5,1800.0,900.0,4.496752825803254,0.006104873759525852,agent_2,0.006971886743111966
15,5,2100.0,1200.0,5.992341741838264,0.00811177539851404,agent_0,0.007412450558789606
15,5,2100.0,1200.0,5.992341741838264,0.00811177539851404,agent_1,0.007149142442383105
15,5,2100.0,1200.0,5.992341741838264,0.00811177539851404,agent_2,0.009321280157049954
15,5,2400.0,1500.0,7.485131050767642,0.010098545752975465,agent_0,0.00916884385915046
15,5,2400.0,1500.0,7.485131050767642,0.010098545752975465,agent_1,0.00887291548655872
15,5,2400.0,1500.0,7.485131050767642,0.010098545752975465,agent_2,0.011669593438820599
15,5,2700.0,1800.0,8.97448156967187,0.012061615678930252,agent_0,0.010884091504005716
15,5,2700.0,1800.0,8.97448156967187,0.012061615678930252,agent_1,0.010568906191192568
15,5,2700.0,1800.0,8.97448156967187,0.012061615678930252,agent_2,0.0140081279707712
15,5,3000.0,2100.0,10.459790385980627,0.013997478048780966,agent_0,0.012557179490089452
15,5,3000.0,2100.0,10.459790385980627,0.013997478048780966,agent_1,0.012236014090854853
15,5,3000.0,2100.0,10.459790385980627,0.013997478048780966,agent_2,0.01632797695987358
15,5,3300.0,2400.0,11.940496608525818,0.015902684095136607,agent_0,0.01418719106318053
15,5,3300.0,2400.0,11.940496608525818,0.015902684095136607,agent_1,0.013873173191316016
15,5,3300.0,2400.0,11.940496608525818,0.015902684095136607,agent_2,0.018620081303956353
15,5,3600.0,2700.0,13.416087019807534,0.017773849832167867,agent_0,0.015773298771933855
15,5,3600.0,2700.0,13.416087019807534,0.017773849832167867,agent_1,0.015479349915579687
15,5,3600.0,2700.0,13.416087019807534,0.017773849832167867,agent_2,0.020875303758995767
15,5,3900.0,3000.0,14.886101668269966,0.019607649035451494,agent_0,0.017314747284890315
15,5,3900.0,3000.0,14.886101668269966,0.019607649035451494,agent_1,0.01705353120851772
15,5,3900.0,3000.0,14.886101668269966,0.019607649035451494,agent_2,0.023084488308141263
15,5,4200.0,3300.0,16.350139328250567,0.021400814731847333,agent_0,0.018810843543039038
15,5,4200.0,3300.0,16.350139328250567,0.021400814731847333,agent_1,0.018594719280701496
15,5,4200.0,3300.0,16.350139328250567,0.021400814731847333,agent_2,0.025238534950181666
15,5,4500.0,3600.0,17.807862927746875,0.02315013901334233,agent_0,0.02026094655872934
15,5,4500.0,3600.0,17.807862927746875,0.02315013901334233,agent_1,0.020101925279668482
15,5,4500.0,3600.0,17.807862927746875,0.02315013901334233,agent_2,0.027328472255925804
15,5,4800.0,3900.0,19.259004845978524,0.024852469634474586,agent_0,0.021664455546323062
15,5,4800.0,3900.0,19.259004845978524,0.024852469634474586,agent_1,0.021574161444374712
15,5,4800.0,3900.0,19.259004845978524,0.024852469634474586,agent_2,0.02934552719023115
15,5,5100.0,4200.0,20.703372177256142,0.02650471877765287,agent_0,0.02302080798216519
15,5,5100.0,4200.0,20.703372177256142,0.02650471877765287,agent_1,0.023010442167840497
15,5,5100.0,4200.0,20.703372177256142,0.02650471877765287,agent_2,0.0312812092457274
15,5,5400.0,4500.0,22.140851858960545,0.02810384603705192,agent_0,0.024329458663497974
15,5,5400.0,4500.0,22.140851858960545,0.02810384603705192,agent_1,0.024409765908434182
15,5,5400.0,4500.0,22.140851858960545,0.02810384603705192,agent_2,0.03312735671062472
15,10,900.0,0.0,0.0,1.2074182697257333e-06,agent_0,1.2074182697257333e-06
15,10,900.0,0.0,0.0,1.2074182697257333e-06,agent_1,0.0
15,10,900.0,0.0,0.0,1.2074182697257333e-06,agent_2,0.0
15,10,1200.0,300.0,2.9997576790833245,0.00409052140300575,agent_0,0.0038166460000259215
15,10,1200.0,300.0,2.9997576790833245,0.00409052140300575,agent_1,0.0036457178409439583
15,10,1200.0,300.0,2.9997576790833245,0.00409052140300575,agent_2,0.004606608557878603
15,10,1500.0,600.0,5.9980677385630585,0.008162918408623824,agent_0,0.007561646609665031
15,10,1500.0,600.0,5.9980677385630585,0.008162918408623824,agent_1,0.007245717192354483
15,10,1500.0,600.0,5.9980677385630585,0.008162918408623824,agent_2,0.009259742479326871
15,10,1800.0,900.0,8.993505712861861,0.012209662283602015,agent_0,0.011231865712891935
15,10,1800.0,900.0,8.993505712861861,0.012209662283602015,agent_1,0.010797321504908242
15,10,1800.0,900.0,8.993505712861861,0.012209662283602015,agent_2,0.01394382082203894
15,10,2100.0,1200.0,11.984683740048197,0.016223350424713685,agent_0,0.014824492546397528
15,10,2100.0,1200.0,11.984683740048197,0.016223350424713685,agent_1,0.014297998961782753
15,10,2100.0,1200.0,11.984683740048197,0.016223350424713685,agent_2,0.018642560825429935
15,10,2400.0,1500.0,14.970262878012162,0.020196702810400296,agent_0,0.01833700485332373
15,10,2400.0,1500.0,14.970262878012162,0.020196702810400296,agent_1,0.017745341248731245
15,10,2400.0,1500.0,14.970262878012162,0.020196702810400296,agent_2,0.023339055542809576
15,10,2700.0,1800.0,17.948965055482766,0.024122565078604306,agent_0,0.02176713942291011
15,10,2700.0,1800.0,17.948965055482766,0.024122565078604306,agent_1,0.021137048193056555
15,10,2700.0,1800.0,17.948965055482766,0.024122565078604306,agent_2,0.028015874684053678
15,10,3000.0,2100.0,20.91958487618957,0.027993907350545643,agent_0,0.02511286141222877
15,10,3000.0,2100.0,20.91958487618957,0.027993907350545643,agent_1,0.024470910239756408
15,10,3000.0,2100.0,20.91958487618957,0.027993907350545643,agent_2,0.032655172387146846
15,10,3300.0,2400.0,23.881001140861045,0.03180381775115216,agent_0,0.028372331576288334
15,10,3300.0,2400.0,23.881001140861045,0.03180381775115216,agent_1,0.0277447881879202
15,10,3300.0,2400.0,23.881001140861045,0.03180381775115216,agent_2,0.03723879995893019
15,10,3600.0,2700.0,26.83218816856789,0.035545515073640295,agent_0,0.03154389032220541
15,10,3600.0,2700.0,26.83218816856789,0.035545515073640295,agent_1,0.0309566085208702
15,10,3600.0,2700.0,26.83218816856789,0.035545515073640295,agent_2,0.041748454064583294
15,10,3900.0,3000.0,29.77222699400345,0.03921233475033607,agent_0,0.03462602311641033
15,10,3900.0,3000.0,29.77222699400345,0.03921233475033607,agent_1,0.03410433889220274
15,10,3900.0,3000.0,29.77222699400345,0.03921233475033607,agent_2,0.04616579689905637
15,10,4200.0,3300.0,32.7003162974109,0.0427977323582882,agent_0,0.037617341134921066
15,10,4200.0,3300.0,32.7003162974109,0.0427977323582882,agent_1,0.037185978372950734
15,10,4200.0,3300.0,32.7003162974109,0.0427977323582882,agent_2,0.050472605916951505
15,10,4500.0,3600.0,35.61578326423977,0.04629528274674333,agent_0,0.04051656030294366
15,10,4500.0,3600.0,35.61578326423977,0.04629528274674333,agent_1,0.0401995446104374
15,10,4500.0,3600.0,35.61578326423977,0.04629528274674333,agent_2,0.054650920053128514
15,10,4800.0,3900.0,38.5180941809543,0.04969867395447575,agent_0,0.04332247802531027
15,10,4800.0,3900.0,38.5180941809543,0.04969867395447575,agent_1,0.0431430578830834
15,10,4800.0,3900.0,38.5180941809543,0.04969867395447575,agent_2,0.05868317942992166
15,10,5100.0,4200.0,41.40686495820367,0.05300172434158303,agent_0,0.046033968727771976
15,10,5100.0,4200.0,41.40686495820367,0.05300172434158303,agent_1,0.04601454339636646
15,10,5100.0,4200.0,41.40686495820367,0.05300172434158303,agent_2,0.06255239456083989
15,10,5400.0,4500.0,44.281871376758076,0.05619834871553029,agent_0,0.04864994252270148
15,10,5400.0,4500.0,44.281871376758076,0.05619834871553029,agent_1,0.048811995322813134
15,10,5400.0,4500.0,44.281871376758076,0.05619834871553029,agent_2,0.06624223897189241
15,25,900.0,0.0,0.0,1.2074182697257333e-06,agent_0,1.2074182697257333e-06
15,25,900.0,0.0,0.0,1.2074182697257333e-06,agent_1,0.0
15,25,900.0,0.0,0.0,1.2074182697257333e-06,agent_2,0.0
15,25,1200.0,300.0,7.499394199623027,0.010226279604496645,agent_0,0.009541468053313738
15,25,1200.0,300.0,7.499394199623027,0.010226279604496645,agent_1,0.00911420151730311
15,25,1200.0,300.0,7.499394199623027,0.010226279604496645,agent_2,0.011516636123304258
15,25,1500.0,600.0,14.99516940740761,0.020407105420607287,agent_0,0.01890346639813611
15,25,1500.0,600.0,14.99516940740761,0.020407105420607287,agent_1,0.018113864150169405
15,25,1500.0,600.0,14.99516940740761,0.020407105420607287,agent_2,0.023149666010126635
15,25,1800.0,900.0,22.483764742557998,0.03052351587908044,agent_0,0.028078066880077034
15,25,1800.0,900.0,22.483764742557998,0.03052351587908044,agent_1,0.026992215256709445
15,25,1800.0,900.0,22.483764742557998,0.03052351587908044,agent_2,0.03485990413012657
15,25,2100.0,1200.0,29.961711276975034,0.040556869244262356,agent_0,0.0370581650988149
15,25,2100.0,1200.0,29.961711276975034,0.040556869244262356,agent_1,0.03574285005420201
15,25,2100.0,1200.0,29.961711276975034,0.040556869244262356,agent_2,0.046606401408820185
15,25,2400.0,1500.0,37.425663030720635,0.05048883566660179,agent_0,0.045837387217244785
15,25,2400.0,1500.0,37.425663030720635,0.05048883566660179,agent_1,0.04435967773254723
15,25,2400.0,1500.0,37.425663030720635,0.05048883566660179,agent_2,0.05834664426321973
15,25,2700.0,1800.0,44.87242703895943,0.060301405492052006,agent_0,0.054410015796874524
15,25,2700.0,1800.0,44.87242703895943,0.060301405492052006,agent_1,0.05283688262785973
15,25,2700.0,1800.0,44.87242703895943,0.060301405492052006,agent_2,0.07003681022667334
15,25,3000.0,2100.0,52.29899303297932,0.06997688768758463,agent_0,0.06277091278618617
15,25,3000.0,2100.0,52.29899303297932,0.06997688768758463,agent_1,0.061168881205267166
15,25,3000.0,2100.0,52.29899303297932,0.06997688768758463,agent_2,0.08163204364148077
15,25,3300.0,2400.0,59.702562394412084,0.07949789434405165,agent_0,0.07091543707845001
15,25,3300.0,2400.0,59.702562394412084,0.07949789434405165,agent_1,0.06935027095803499
15,25,3300.0,2400.0,59.702562394412084,0.07949789434405165,agent_2,0.09308674195150084
15,25,3600.0,2700.0,67.08057658337184,0.08884737305721523,agent_0,0.07883940456637946
15,25,3600.0,2700.0,67.08057658337184,0.08884737305721523,agent_1,0.07737581805617366
15,25,3600.0,2700.0,67.08057658337184,0.08884737305721523,agent_2,0.10435493189006838
15,25,3900.0,3000.0,74.43074523008784,0.09800857263310343,agent_0,0.08653900072951987
15,25,3900.0,3000.0,74.43074523008784,0.09800857263310343,agent_1,0.08524039687774781
15,25,3900.0,3000.0,74.43074523008784,0.09800857263310343,agent_2,0.11539057527494581
15,25,4200.0,3300.0,81.75107352655618,0.10696505277716882,agent_0,0.09401073244026467
15,25,4200.0,3300.0,81.75107352655618,0.10696505277716882,agent_1,0.0929389649225109
15,25,4200.0,3300.0,81.75107352655618,0.10696505277716882,agent_2,0.1261479480829261
15,25,4500.0,3600.0,89.03988941297494,0.1157006821836729,agent_0,0.10125137486166617
15,25,4500.0,3600.0,89.03988941297494,0.1157006821836729,agent_1,0.10046653077031338
15,25,4500.0,3600.0,89.03988941297494,0.1157006821836729,agent_2,0.13658201094641995
15,25,4800.0,3900.0,96.29587006773258,0.12419962434588894,agent_0,0.10825791310851567
15,25,4800.0,3900.0,96.29587006773258,0.12419962434588894,agent_1,0.10781811450304954
15,25,4800.0,3900.0,96.29587006773258,0.12419962434588894,agent_2,0.14664876271038724
15,25,5100.0,4200.0,103.51806817923698,0.1324463806709748,agent_0,0.11502753086196082
15,25,5100.0,4200.0,103.51806817923698,0.1324463806709748,agent_1,0.11498875288718603
15,25,5100.0,4200.0,103.51806817923698,0.1324463806709748,agent_2,0.15630566669623036
15,25,5400.0,4500.0,110.70593748500866,0.14042570644699554,agent_0,0.1215575066027659
15,25,5400.0,4500.0,110.70593748500866,0.14042570644699554,agent_1,0.12197341006633305
15,25,5400.0,4500.0,110.70593748500866,0.14042570644699554,agent_2,0.1655118854225546
15,50,900.0,0.0,0.0,1.2074182697257333e-06,agent_0,1.2074182697257333e-06
15,50,900.0,0.0,0.0,1.2074182697257333e-06,agent_1,0.0
15,50,900.0,0.0,0.0,1.2074182697257333e-06,agent_2,0.0
15,50,1200.0,300.0,14.998788405661719,0.02045247904679117,agent_0,0.019082446735893436
15,50,1200.0,300.0,14.998788405661719,0.02045247904679117,agent_1,0.018228092677630665
15,50,1200.0,300.0,14.998788405661719,0.02045247904679117,agent_2,0.02303365441580731
15,50,1500.0,600.0,29.99033901903946,0.040813572499129994,agent_0,0.037804763779472714
15,50,1500.0,600.0,29.99033901903946,0.040813572499129994,agent_1,0.03622629705200366
15,50,1500.0,600.0,29.99033901903946,0.040813572499129994,agent_2,0.0463003609164848
15,50,1800.0,900.0,44.96753102637028,0.061044889696274786,agent_0,0.056150802652840066
15,50,1800.0,900.0,44.96753102637028,0.061044889696274786,agent_1,0.053980796465346745
15,50,1800.0,900.0,44.96753102637028,0.061044889696274786,agent_2,0.06972096801263623
15,50,2100.0,1200.0,59.923429003914876,0.0811086945911627,agent_0,0.07410609508120117
15,50,2100.0,1200.0,59.923429003914876,0.0811086945911627,agent_1,0.0714785289708737
15,50,2100.0,1200.0,59.923429003914876,0.0811086945911627,agent_2,0.09321276790007951
15,50,2400.0,1500.0,74.8513455944221,0.10096789297885009,agent_0,0.09165766525710425
15,50,2400.0,1500.0,74.8513455944221,0.10096789297885009,agent_1,0.08870707828894056
15,50,2400.0,1500.0,74.8513455944221,0.10096789297885009,agent_2,0.11668990862224303
15,50,2700.0,1800.0,89.74490227341691,0.12058605254110168,agent_0,0.10879388006752096
15,50,2700.0,1800.0,89.74490227341691,0.12058605254110168,agent_1,0.10565459642848231
15,50,2700.0,1800.0,89.74490227341691,0.12058605254110168,agent_2,0.14006392139953255
15,50,3000.0,2100.0,104.59808928022056,0.13992740266486542,agent_0,0.12550429378598807
15,50,3000.0,2100.0,104.59808928022056,0.13992740266486542,agent_1,0.12230971690129738
15,50,3000.0,2100.0,104.59808928022056,0.13992740266486542,agent_2,0.16324428929301465
15,50,3300.0,2400.0,119.40532402228408,0.15895680662685926,agent_0,0.1417794815359831
15,50,3300.0,2400.0,119.40532402228408,0.15895680662685926,agent_1,0.13866145229107707
15,50,3300.0,2400.0,119.40532402228408,0.15895680662685926,agent_2,0.1861390376412532
15,50,3600.0,2700.0,134.16150834484844,0.1776398287558483,agent_0,0.1576109583707943
15,50,3600.0,2700.0,134.16150834484844,0.1776398287558483,agent_1,0.1546991693287169
15,50,3600.0,2700.0,134.16150834484844,0.1776398287558483,agent_2,0.20865550429917523
15,50,3900.0,3000.0,148.86208503638085,0.19594266866350407,agent_0,0.17299100285145333
15,50,3900.0,3000.0,148.86208503638085,0.19594266866350407,agent_1,0.1704124675374742
15,50,3900.0,3000.0,148.86208503638085,0.19594266866350407,agent_2,0.2307009693057389
15,50,4200.0,3300.0,163.50309283214278,0.21383218288876435,agent_0,0.18791255948465835
15,50,4200.0,3300.0,163.50309283214278,0.21383218288876435,agent_1,0.1857911288465824
15,50,4200.0,3300.0,163.50309283214278,0.21383218288876435,agent_2,0.2521834298567276
15,50,4500.0,3600.0,178.08122090011565,0.23127588335649038,agent_0,0.202369131464986
15,50,4500.0,3600.0,178.08122090011565,0.23127588335649038,agent_1,0.2008250534020584
15,50,4500.0,3600.0,178.08122090011565,0.23127588335649038,agent_2,0.273012357202867
15,50,4800.0,3900.0,192.59386181511138,0.24824191098398826,agent_0,0.21635466286825364
15,50,4800.0,3900.0,192.59386181511138,0.24824191098398826,agent_1,0.2155041802769999
15,50,4800.0,3900.0,192.59386181511138,0.24824191098398826,agent_2,0.293099417745597
15,50,5100.0,4200.0,207.03916397148635,0.2646991237828101,agent_0,0.22986351486234527
15,50,5100.0,4200.0,207.03916397148635,0.2646991237828101,agent_1,0.22981849763898304
15,50,5100.0,4200.0,207.03916397148635,0.2646991237828101,agent_2,0.3123593372317123
15,50,5400.0,4500.0,221.41608239695717,0.2806169306757469,agent_0,0.24289025747680337
15,50,5400.0,4500.0,221.41608239695717,0.2806169306757469,agent_1,0.24375786439362782
15,50,5400.0,4500.0,221.41608239695717,0.2806169306757469,agent_2,0.33071037956635135
15,100,900.0,0.0,0.0,1.2074182697257333e-06,agent_0,1.2074182697257333e-06
15,100,900.0,0.0,0.0,1.2074182697257333e-06,agent_1,0.0
15,100,900.0,0.0,0.0,1.2074182697257333e-06,agent_2,0.0
15,100,1200.0,300.0,29.997576837199322,0.040904634685731814,agent_0,0.03816293401965946
15,100,1200.0,300.0,29.997576837199322,0.040904634685731814,agent_1,0.03645494243659004
15,100,1200.0,300.0,29.997576837199322,0.040904634685731814,agent_2,0.046068834003906364
15,100,1500.0,600.0,59.980678861552434,0.08162457077851816,agent_0,0.07560083655855204
15,100,1500.0,600.0,59.980678861552434,0.08162457077851816,agent_1,0.07244685522635003
15,100,1500.0,600.0,59.980678861552434,0.08162457077851816,agent_2,0.09260480714765143
15,100,1800.0,900.0,89.93506826698315,0.12208114267258638,agent_0,0.11228023306706822
15,100,1800.0,900.0,89.93506826698315,0.12208114267258638,agent_1,0.10794701188036276
15,100,1800.0,900.0,89.93506826698315,0.12208114267258638,agent_2,0.1394464718965715
15,100,2100.0,1200.0,119.84688401083012,0.16219705473993892,agent_0,0.14817114277379428
15,100,2100.0,1200.0,119.84688401083012,0.16219705473993892,agent_1,0.14292827075782302
15,100,2100.0,1200.0,119.84688401083012,0.16219705473993892,agent_2,0.1864251492279295
15,100,2400.0,1500.0,149.70276992491614,0.201896370128736,agent_0,0.18324669755160786
15,100,2400.0,1500.0,149.70276992491614,0.201896370128736,agent_1,0.17736485564372592
15,100,2400.0,1500.0,149.70276992491614,0.201896370128736,agent_2,0.23336581406021648
15,100,2700.0,1800.0,179.48999878625222,0.24110456438264896,agent_0,0.21748283711665903
15,100,2700.0,1800.0,179.48999878625222,0.24110456438264896,agent_1,0.21123219981893793
15,100,2700.0,1800.0,179.48999878625222,0.24110456438264896,agent_2,0.2800882159322853
15,100,3000.0,2100.0,209.19659445492462,0.2797485381398965,agent_0,0.25085799241281265
15,100,3000.0,2100.0,209.19659445492462,0.2797485381398965,agent_1,0.24450677094452222
15,100,3000.0,2100.0,209.19659445492462,0.2797485381398965,agent_2,0.32640808700564033
15,100,3300.0,2400.0,238.8114506558626,0.3177565734513742,agent_0,0.2833527470510623
15,100,3300.0,2400.0,238.8114506558626,0.3177565734513742,agent_1,0.27716586500357665
15,100,3300.0,2400.0,238.8114506558626,0.3177565734513742,agent_2,0.3721383962275028
15,100,3600.0,2700.0,268.32444715017493,0.35505847936671336,agent_0,0.3149496697223424
15,100,3600.0,2700.0,268.32444715017493,0.35505847936671336,agent_1,0.309187555049609
15,100,3600.0,2700.0,268.32444715017493,0.35505847936671336,agent_2,0.4170909636734601
15,100,3900.0,3000.0,297.7265639980044,0.3915854709925545,agent_0,0.34563295603296607
15,100,3900.0,3000.0,297.7265639980044,0.3915854709925545,agent_1,0.34055044757508424
15,100,3900.0,3000.0,297.7265639980044,0.3915854709925545,agent_2,0.4610777925957201
15,100,4200.0,3300.0,327.0099924098149,0.42727022248589136,agent_0,0.37538822828614826
15,100,4200.0,3300.0,327.0099924098149,0.42727022248589136,agent_1,0.37123358066365
15,100,4200.0,3300.0,327.0099924098149,0.42727022248589136,agent_2,0.5039126883617802
15,100,4500.0,3600.0,356.168244101831,0.4620468728900008,agent_0,0.40420231613850294
15,100,4500.0,3600.0,356.168244101831,0.4620468728900008,agent_1,0.4012162949586594
15,100,4500.0,3600.0,356.168244101831,0.4620468728900008,agent_2,0.5454128357711774
15,100,4800.0,3900.0,385.19625715829153,0.4958509815924131,agent_0,0.43206301674437964
15,100,4800.0,3900.0,385.19625715829153,0.4958509815924131,agent_1,0.4304780746125553
15,100,4800.0,3900.0,385.19625715829153,0.4958509815924131,agent_2,0.5854002971250367
15,100,5100.0,4200.0,414.0905002525991,0.5286197115456027,agent_0,0.4589590426437964
15,100,5100.0,4200.0,414.0905002525991,0.5286197115456027,agent_1,0.4589985670384489
15,100,5100.0,4200.0,414.0905002525991,0.5286197115456027,agent_2,0.623703786180381
15,100,5400.0,4500.0,442.8490731298578,0.5602915042695356,agent_0,0.48487960257802426
15,100,5400.0,4500.0,442.8490731298578,0.5602915042695356,agent_1,0.4867572268302934
15,100,5400.0,4500.0,442.8490731298578,0.5602915042695356,agent_2,0.6601596621394825
16,1,900.0,0.0,0.0,0.0,agent_0,0.0
16,1,900.0,0.0,0.0,0.0,agent_1,1.2074182697257333e-06
16,1,900.0,0.0,0.0,0.0,agent_2,8.537736462515939e-07
16,1,1200.0,300.0,0.29997834724942696,0.000393860875994478,agent_0,0.0004068435231993775
16,1,1200.0,300.0,0.29997834724942696,0.000393860875994478,agent_1,0.00043321336316152163
16,1,1200.0,300.0,0.29997834724942696,0.000393860875994478,agent_2,0.0003489261233484632
16,1,1500.0,600.0,0.5998274717456171,0.0007855905314756665,agent_0,0.0008091080909147535
16,1,1500.0,600.0,0.5998274717456171,0.0007855905314756665,agent_1,0.0008614322239552844
16,1,1500.0,600.0,0.5998274717456171,0.0007855905314756665,agent_2,0.0006969538926777964
16,1,1800.0,900.0,0.8994204378416386,0.0011746696767817005,agent_0,0.0012063005886873187
16,1,1800.0,900.0,0.8994204378416386,0.0011746696767817005,agent_1,0.001284113029573457
16,1,1800.0,900.0,0.8994204378416386,0.0011746696767817005,agent_2,0.0010436201617888953
16,1,2100.0,1200.0,1.1986335317175354,0.001560587062724061,agent_0,0.00159794498097703
16,1,2100.0,1200.0,1.1986335317175354,0.001560587062724061,agent_1,0.0017007310328784808
16,1,2100.0,1200.0,1.1986335317175354,0.001560587062724061,agent_2,0.0013884748378845905
16,1,2400.0,1500.0,1.4973470462367784,0.001942847241969696,agent_0,0.0019835651667122946
16,1,2400.0,1500.0,1.4973470462367784,0.001942847241969696,agent_1,0.0021107708948658217
16,1,2400.0,1500.0,1.4973470462367784,0.001942847241969696,agent_2,0.0017310752828231563
16,1,2700.0,1800.0,1.795446032563656,0.00232096289014587,agent_0,0.0023626988265867442
16,1,2700.0,1800.0,1.795446032563656,0.00232096289014587,agent_1,0.0025137323284592306
16,1,2700.0,1800.0,1.795446032563656,0.00232096289014587,agent_2,0.0020709921361369388
16,1,3000.0,2100.0,2.0928210418497177,0.0026944587688321597,agent_0,0.0027348875388332585
16,1,3000.0,2100.0,2.0928210418497177,0.0026944587688321597,agent_1,0.0029091268039870646
16,1,3000.0,2100.0,2.0928210418497177,0.0026944587688321597,agent_2,0.0024078050142588084
16,1,3300.0,2400.0,2.389368844892954,0.003062867351945822,agent_0,0.00309967857613916
16,1,3300.0,2400.0,2.389368844892954,0.003062867351945822,agent_1,0.0032964772096199147
16,1,3300.0,2400.0,2.389368844892954,0.003062867351945822,agent_2,0.002741102086728825
16,1,3600.0,2700.0,2.6849931394044066,0.0034257303441840984,agent_0,0.0034566258419250055
16,1,3600.0,2700.0,2.6849931394044066,0.0034257303441840984,agent_1,0.003675317549972666
16,1,3600.0,2700.0,2.6849931394044066,0.0034257303441840984,agent_2,0.0030704796164666933
16,1,3900.0,3000.0,2.979605253969907,0.003782597385385741,agent_0,0.00380528743578004
16,1,3900.0,3000.0,2.979605253969907,0.003782597385385741,agent_1,0.004045191700063131
16,1,3900.0,3000.0,2.979605253969907,0.003782597385385741,agent_2,0.003395543232332477
16,1,4200.0,3300.0,3.27312483663414,0.004133024925280353,agent_0,0.004145226154231596
16,1,4200.0,3300.0,3.27312483663414,0.004133024925280353,agent_1,0.004405653438907792
16,1,4200.0,3300.0,3.27312483663414,0.004133024925280353,agent_2,0.0037159029449732946
16,1,4500.0,3600.0,3.565480548398365,0.004476576388975593,agent_0,0.0044760086395526765
16,1,4500.0,3600.0,3.565480548398365,0.004476576388975593,agent_1,0.00475626578280313
16,1,4500.0,3600.0,3.565480548398365,0.004476576388975593,agent_2,0.004031175880524131
16,1,4800.0,3900.0,3.8566107456073233,0.00481282056832122,agent_0,0.004797204680383084
16,1,4800.0,3900.0,3.8566107456073233,0.00481282056832122,agent_1,0.005096599405227247
16,1,4800.0,3900.0,3.8566107456073233,0.00481282056832122,agent_2,0.004340984629909369
16,1,5100.0,4200.0,4.146464171774385,0.005141331822820959,agent_0,0.005108387434475223
16,1,5100.0,4200.0,4.146464171774385,0.005141331822820959,agent_1,0.00542623402473515
16,1,5100.0,4200.0,4.146464171774385,0.005141331822820959,agent_2,0.004644956445663119
16,1,5400.0,4500.0,4.435000641070668,0.005461689180506587,agent_0,0.005409132108263199
16,1,5400.0,4500.0,4.435000641070668,0.005461689180506587,agent_1,0.0057447568740224345
16,1,5400.0,4500.0,4.435000641070668,0.005461689180506587,agent_2,0.004942722166936363
16,5,900.0,0.0,0.0,0.0,agent_0,0.0
16,5,900.0,0.0,0.0,0.0,agent_1,1.2074182697257333e-06
16,5,900.0,0.0,0.0,0.0,agent_2,8.537736462515939e-07
16,5,1200.0,300.0,1.4998917363179158,0.0019693040099197684,agent_0,0.002034212599416553
16,5,1200.0,300.0,1.4998917363179158,0.0019693040099197684,agent_1,0.00216605722502923
16,5,1200.0,300.0,1.4998917363179158,0.0019693040099197684,agent_2,0.00174462748320633
16,5,1500.0,600.0,2.999137361193462,0.0039279474620160055,agent_0,0.004045498022537449
16,5,1500.0,600.0,2.999137361193462,0.0039279474620160055,agent_1,0.004307118811384342
16,5,1500.0,600.0,2.999137361193462,0.0039279474620160055,agent_2,0.0034847705097834523
16,5,1800.0,900.0,4.497102207868576,0.005873318600385015,agent_0,0.0060314039056908455
16,5,1800.0,900.0,4.497102207868576,0.005873318600385015,agent_1,0.0064204679115536034
16,5,1800.0,900.0,4.497102207868576,0.005873318600385015,agent_2,0.005218103883909338
16,5,2100.0,1200.0,5.9931677365968214,0.007802869226362997,agent_0,0.007989525381252041
16,5,2100.0,1200.0,5.9931677365968214,0.007802869226362997,agent_1,0.008503462343584997
16,5,2100.0,1200.0,5.9931677365968214,0.007802869226362997,agent_2,0.006942364428758971
16,5,2400.0,1500.0,7.486735467163556,0.00971410730619014,agent_0,0.00991749499363972
16,5,2400.0,1500.0,7.486735467163556,0.00971410730619014,agent_1,0.0105535265505735
16,5,2400.0,1500.0,7.486735467163556,0.00971410730619014,agent_2,0.00865534311414704
16,5,2700.0,1800.0,8.977230744633967,0.011604595911010028,agent_0,0.011812984319994141
16,5,2700.0,1800.0,8.977230744633967,0.011604595911010028,agent_1,0.012568151612176582
16,5,2700.0,1800.0,8.977230744633967,0.011604595911010028,agent_2,0.010354884597775638
16,5,3000.0,2100.0,10.46410645469962,0.013471950297646532,agent_0,0.01367370005713063
16,5,3000.0,2100.0,10.46410645469962,0.013471950297646532,agent_1,0.014544891710459138
16,5,3000.0,2100.0,10.46410645469962,0.013471950297646532,agent_2,0.01203888362315552
16,5,3300.0,2400.0,11.946846628235834,0.015313829687642734,agent_0,0.015497376589167312
16,5,3300.0,2400.0,11.946846628235834,0.015313829687642734,agent_1,0.01648135576639244
16,5,3300.0,2400.0,11.946846628235834,0.015313829687642734,agent_2,0.01370527764510023
16,5,3600.0,2700.0,13.424969983110548,0.01712793712184161,agent_0,0.017281777464841046
16,5,3600.0,2700.0,13.424969983110548,0.01712793712184161,agent_1,0.018375208817878
16,5,3600.0,2700.0,13.424969983110548,0.01712793712184161,agent_2,0.015352046154315348
16,5,3900.0,3000.0,14.898033449136845,0.018912016092753756,agent_0,0.019024691255581
16,5,3900.0,3000.0,14.898033449136845,0.018912016092753756,agent_1,0.02022416778293838
16,5,3900.0,3000.0,14.898033449136845,0.018912016092753756,agent_2,0.01697720681748813
16,5,4200.0,3300.0,16.365635613277828,0.020663846597601735,agent_0,0.020723929287269974
16,5,4200.0,3300.0,16.365635613277828,0.020663846597601735,agent_1,0.02202599884462725
16,5,4200.0,3300.0,16.365635613277828,0.020663846597601735,agent_2,0.01857881155842633
16,5,4500.0,3600.0,17.82742019157287,0.022381242222761014,agent_0,0.022377323482513093
16,5,4500.0,3600.0,17.82742019157287,0.022381242222761014,agent_1,0.023778514659128332
16,5,4500.0,3600.0,17.82742019157287,0.022381242222761014,agent_2,0.02015494330556282
16,5,4800.0,3900.0,19.28307944192679,0.024062042624889663,agent_0,0.023982719565508567
16,5,4800.0,3900.0,19.28307944192679,0.024062042624889663,agent_1,0.02547956721223607
16,5,4800.0,3900.0,19.28307944192679,0.024062042624889663,agent_2,0.02170370934418604
16,5,5100.0,4200.0,20.732357624008305,0.025704118272570617,agent_0,0.025537982898362996
16,5,5100.0,4200.0,20.732357624008305,0.025704118272570617,agent_1,0.027127053970569644
16,5,5100.0,4200.0,20.732357624008305,0.025704118272570617,agent_2,0.02322324388995181
16,5,5400.0,4500.0,22.175054416277547,0.027305361529843346,agent_0,0.027040990587548077
16,5,5400.0,4500.0,22.175054416277547,0.027305361529843346,agent_1,0.02871890908033043
16,5,5400.0,4500.0,22.175054416277547,0.027305361529843346,agent_2,0.024711700121950838
16,10,900.0,0.0,0.0,0.0,agent_0,0.0
16,10,900.0,0.0,0.0,0.0,agent_1,1.2074182697257333e-06
16,10,900.0,0.0,0.0,0.0,agent_2,8.537736462515939e-07
16,10,1200.0,300.0,2.9997834728263473,0.003938605521936784,agent_0,0.00406840181805245
16,10,1200.0,300.0,2.9997834728263473,0.003938605521936784,agent_1,0.004332092913266554
16,10,1200.0,300.0,2.9997834728263473,0.003938605521936784,agent_2,0.0034892596672191434
16,10,1500.0,600.0,5.998274728580626,0.007855874236990709,agent_0,0.008090891768609425
16,10,1500.0,600.0,5.998274728580626,0.007855874236990709,agent_1,0.008614140020114328
16,10,1500.0,600.0,5.998274728580626,0.007855874236990709,agent_2,0.006969551899919434
16,10,1800.0,900.0,8.994204462448637,0.011746567187703947,agent_0,0.012062551520676238
16,10,1800.0,900.0,8.994204462448637,0.011746567187703947,agent_1,0.012840690157367447
16,10,1800.0,900.0,8.994204462448637,0.011746567187703947,agent_2,0.010436214134640971
16,10,2100.0,1200.0,11.986335668409097,0.015605573721809715,agent_0,0.01597855654743739
16,10,2100.0,1200.0,11.986335668409097,0.015605573721809715,agent_1,0.017006443443889272
16,10,2100.0,1200.0,11.986335668409097,0.015605573721809715,agent_2,0.013884707962273361
16,10,2400.0,1500.0,14.973471524881074,0.019427895692039485,agent_0,0.019834159758761332
16,10,2400.0,1500.0,14.973471524881074,0.019427895692039485,agent_1,0.021106234059319575
16,10,2400.0,1500.0,14.973471524881074,0.019427895692039485,agent_2,0.017310604081413994
16,10,2700.0,1800.0,17.954462945279378,0.023208645658170202,agent_0,0.023624691853236193
16,10,2700.0,1800.0,17.954462945279378,0.023208645658170202,agent_1,0.0251350300375491
16,10,2700.0,1800.0,17.954462945279378,0.023208645658170202,agent_2,0.02070958053333672
16,10,3000.0,2100.0,20.92821602613618,0.026943041342607863,agent_0,0.02734555556001962
16,10,3000.0,2100.0,20.92821602613618,0.026943041342607863,agent_1,0.029087927643609585
16,10,3000.0,2100.0,20.92821602613618,0.026943041342607863,agent_2,0.024077415986726
16,10,3300.0,2400.0,23.893699271845065,0.030626388991505243,agent_0,0.030992210197635234
16,10,3300.0,2400.0,23.893699271845065,0.030626388991505243,agent_1,0.0329601337287144
16,10,3300.0,2400.0,23.893699271845065,0.030626388991505243,agent_2,0.027409975114020706
16,10,3600.0,2700.0,26.84995069194143,0.03425408390161692,agent_0,0.034560173839745655
16,10,3600.0,2700.0,26.84995069194143,0.03425408390161692,agent_1,0.03674696840363464
16,10,3600.0,2700.0,26.84995069194143,0.03425408390161692,agent_2,0.030703207301297324
16,10,3900.0,3000.0,29.796084862878406,0.037821602387522975,agent_0,0.03804501616786952
16,10,3900.0,3000.0,29.796084862878406,0.037821602387522975,agent_1,0.040443857081997034
16,10,3900.0,3000.0,29.796084862878406,0.037821602387522975,agent_2,0.03395313853363349
16,10,4200.0,3300.0,32.731299826936755,0.041324495022908976,agent_0,0.04144235358430807
16,10,4200.0,3300.0,32.731299826936755,0.041324495022908976,agent_1,0.04404632495713077
16,10,4200.0,3300.0,32.731299826936755,0.041324495022908976,agent_2,0.03715586406515985
16,10,4500.0,3600.0,35.654884043854466,0.04475838042032697,agent_0,0.044747844586965034
16,10,4500.0,3600.0,35.654884043854466,0.04475838042032697,agent_1,0.0475499917251266
16,10,4500.0,3600.0,35.654884043854466,0.04475838042032697,agent_2,0.04030754192727928
16,10,4800.0,3900.0,38.566223220243195,0.04811893034117283,agent_0,0.04795717689041541
16,10,4800.0,3900.0,38.566223220243195,0.04811893034117283,agent_1,0.05095055695663572
16,10,4800.0,3900.0,38.566223220243195,0.04811893034117283,agent_2,0.04340437913564642
16,10,5100.0,4200.0,41.464807230988114,0.05140187911419993,agent_0,0.05106607851401913
16,10,5100.0,4200.0,41.464807230988114,0.05140187911419993,agent_1,0.05424381270096571
16,10,5100.0,4200.0,41.464807230988114,0.05140187911419993,agent_2,0.04644263747932081
16,10,5400.0,4500.0,44.3502369519058,0.054603005996383534,agent_0,0.05407030242311137
16,10,5400.0,4500.0,44.3502369519058,0.054603005996383534,agent_1,0.05742562585154772
16,10,5400.0,4500.0,44.3502369519058,0.054603005996383534,agent_2,0.04941861743724402
16,25,900.0,0.0,0.0,0.0,agent_0,0.0
16,25,900.0,0.0,0.0,0.0,agent_1,1.2074182697257333e-06
16,25,900.0,0.0,0.0,0.0,agent_2,8.537736462515939e-07
16,25,1200.0,300.0,7.499458683537765,0.009846494076967562,agent_0,0.010170828441149459
16,25,1200.0,300.0,7.499458683537765,0.009846494076967562,agent_1,0.010830070965277643
16,25,1200.0,300.0,7.499458683537765,0.009846494076967562,agent_2,0.008723184971200539
16,25,1500.0,600.0,14.995686868064986,0.019639528610670195,agent_0,0.020226449234257312
16,25,1500.0,600.0,14.995686868064986,0.019639528610670195,agent_1,0.021534617414562692
16,25,1500.0,600.0,14.995686868064986,0.019639528610670195,agent_2,0.01742396174001232
16,25,1800.0,900.0,22.485511507296064,0.02936589181539297,agent_0,0.030154455606838465
16,25,1800.0,900.0,22.485511507296064,0.02936589181539297,agent_1,0.032099882270605354
16,25,1800.0,900.0,22.485511507296064,0.02936589181539297,agent_2,0.02609058270699215
16,25,2100.0,1200.0,29.96584063853635,0.03901269698153291,agent_0,0.039942682651450186
16,25,2100.0,1200.0,29.96584063853635,0.03901269698153291,agent_1,0.042512496651051356
16,25,2100.0,1200.0,29.96584063853635,0.03901269698153291,agent_2,0.03471161207020561
16,25,2400.0,1500.0,37.4336832514441,0.04856734245365195,agent_0,0.04957916667733459
16,25,2400.0,1500.0,37.4336832514441,0.04856734245365195,agent_1,0.052759434994346426
16,25,2400.0,1500.0,37.4336832514441,0.04856734245365195,agent_2,0.04327589051363252
16,25,2700.0,1800.0,44.886168307685416,0.05801750888085862,agent_0,0.059052145051078385
16,25,2700.0,1800.0,44.886168307685416,0.05801750888085862,agent_1,0.06282801533638332
16,25,2700.0,1800.0,44.886168307685416,0.05801750888085862,agent_2,0.051772529365157194
16,25,3000.0,2100.0,52.32056349207098,0.06735114458252338,agent_0,0.06835004323851002
16,25,3000.0,2100.0,52.32056349207098,0.06735114458252338,agent_1,0.07270588538166334
16,25,3000.0,2100.0,52.32056349207098,0.06735114458252338,agent_2,0.06019089467318822
16,25,3300.0,2400.0,59.73429339157498,0.07655642495691944,agent_0,0.07746143636919135
16,25,3300.0,2400.0,59.73429339157498,0.07655642495691944,agent_1,0.08238097908407888
16,25,3300.0,2400.0,59.73429339157498,0.07655642495691944,agent_2,0.06852057113818681
16,25,3600.0,2700.0,67.12495734088607,0.0856217543414478,agent_0,0.08637505454267666
16,25,3600.0,2700.0,67.12495734088607,0.0856217543414478,agent_1,0.09184152323861924
16,25,3600.0,2700.0,67.12495734088607,0.0856217543414478,agent_2,0.07675135915969583
16,25,3900.0,3000.0,74.49034716317061,0.09453574569504342,agent_0,0.09507976574622036
16,25,3900.0,3000.0,74.49034716317061,0.09453574569504342,agent_1,0.10107601809575228
16,25,3900.0,3000.0,74.49034716317061,0.09453574569504342,agent_2,0.08487325446034431
16,25,4200.0,3300.0,81.82846448683911,0.10328720445145799,agent_0,0.10356456355141007
16,25,4200.0,3300.0,81.82846448683911,0.10328720445145799,agent_1,0.11007322352000778
16,25,4200.0,3300.0,81.82846448683911,0.10328720445145799,agent_2,0.09287643075168907
16,25,4500.0,3600.0,89.13753817528787,0.11186511327135519,agent_0,0.11181855593178595
16,25,4500.0,3600.0,89.13753817528787,0.11186511327135519,agent_1,0.11882214620229836
16,25,4500.0,3600.0,89.13753817528787,0.11186511327135519,agent_2,0.10075122325742417
16,25,4800.0,3900.0,96.41604143193179,0.12025859488613111,agent_0,0.11983093331142733
16,25,4800.0,3900.0,96.41604143193179,0.12025859488613111,agent_1,0.12731200313574534
16,25,4800.0,3900.0,96.41604143193179,0.12025859488613111,agent_2,0.1084880943881359
16,25,5100.0,4200.0,103.662709114127,0.1284569362691054,agent_0,0.12759099672995186
16,25,5100.0,4200.0,103.662709114127,0.1284569362691054,agent_1,0.13553225340077557
16,25,5100.0,4200.0,103.662709114127,0.1284569362691054,agent_2,0.11607764882254293
16,25,5400.0,4500.0,110.87655480303,0.13644954441920165,agent_0,0.13508811945422242
16,25,5400.0,4500.0,110.87655480303,0.13644954441920165,agent_1,0.14347255412803078
16,25,5400.0,4500.0,110.87655480303,0.13644954441920165,agent_2,0.1235105935357645
16,50,900.0,0.0,0.0,0.0,agent_0,0.0
16,50,900.0,0.0,0.0,0.0,agent_1,1.2074182697257333e-06
16,50,900.0,0.0,0.0,0.0,agent_2,8.537736462515939e-07
16,50,1200.0,300.0,14.998917371983932,0.019692921970265887,agent_0,0.02034107034613867
16,50,1200.0,300.0,14.998917371983932,0.019692921970265887,agent_1,0.021659605221123434
16,50,1200.0,300.0,14.998917371983932,0.019692921970265887,agent_2,0.0174464894866387
16,50,1500.0,600.0,29.99137389221844,0.039278531368040756,agent_0,0.04045029530133264
16,50,1500.0,600.0,29.99137389221844,0.039278531368040756,agent_1,0.0430667896872625
16,50,1500.0,600.0,29.99137389221844,0.039278531368040756,agent_2,0.03484819523334856
16,50,1800.0,900.0,44.971024190580785,0.058730021782926106,agent_0,0.06030249252300838
16,50,1800.0,900.0,44.971024190580785,0.058730021782926106,agent_1,0.06419361109683479
16,50,1800.0,900.0,44.971024190580785,0.058730021782926106,agent_2,0.052181316732722166
16,50,2100.0,1200.0,59.9316861912498,0.07802125048472817,agent_0,0.07987298560173146
16,50,2100.0,1200.0,59.9316861912498,0.07802125048472817,agent_1,0.08501293137880092
16,50,2100.0,1200.0,59.9316861912498,0.07802125048472817,agent_2,0.06942268416374062
16,50,2400.0,1500.0,74.867381367416,0.09712665962496694,agent_0,0.09913752502161961
16,50,2400.0,1500.0,74.867381367416,0.09712665962496694,agent_1,0.1054983283053881
16,50,2400.0,1500.0,74.867381367416,0.09712665962496694,agent_2,0.08654968915877409
16,50,2700.0,1800.0,89.77237325950904,0.11602127250362095,agent_0,0.11807228828864905
16,50,2700.0,1800.0,89.77237325950904,0.11602127250362095,agent_1,0.1256240970865659
16,50,2700.0,1800.0,89.77237325950904,0.11602127250362095,agent_2,0.1035402740401931
16,50,3000.0,2100.0,104.64120541400774,0.13468066570329007,agent_0,0.13665385531381813
16,50,3000.0,2100.0,104.64120541400774,0.13468066570329007,agent_1,0.14536522363656226
16,50,3000.0,2100.0,104.64120541400774,0.13468066570329007,agent_2,0.12037290180034849
16,50,3300.0,2400.0,119.46873813155369,0.1530808891342901,agent_0,0.15485913265452672
16,50,3300.0,2400.0,119.46873813155369,0.1530808891342901,agent_1,0.16469729895741453
16,50,3300.0,2400.0,119.46873813155369,0.1530808891342901,agent_2,0.1370264845178959
16,50,3600.0,2700.0,134.25018449788706,0.17119847120281867,agent_0,0.17266536514558226
16,50,3600.0,2700.0,134.25018449788706,0.17119847120281867,agent_1,0.18359653294958841
16,50,3600.0,2700.0,134.25018449788706,0.17119847120281867,agent_2,0.15348037887643826
16,50,3900.0,3000.0,148.98114615108557,0.18901037916049027,agent_0,0.19005010256317303
16,50,3900.0,3000.0,148.98114615108557,0.18901037916049027,agent_1,0.202039716571671
16,50,3900.0,3000.0,148.98114615108557,0.18901037916049027,agent_2,0.1697143460923084
16,50,4200.0,3300.0,163.65764814183214,0.20649398816493522,agent_0,0.20699117608201886
16,50,4200.0,3300.0,163.65764814183214,0.20649398816493522,agent_1,0.2200041949461689
16,50,4200.0,3300.0,163.65764814183214,0.20649398816493522,agent_2,0.1857085185537232
16,50,4500.0,3600.0,178.27617395874773,0.22362705159518784,agent_0,0.2234666766836486
16,50,4500.0,3600.0,178.27617395874773,0.22362705159518784,agent_1,0.2374678422419177
16,50,4500.0,3600.0,178.27617395874773,0.22362705159518784,agent_2,0.20144336744871855
16,50,4800.0,3900.0,192.83369983679881,0.24038762806343325,agent_0,0.23945489227084918
16,50,4800.0,3900.0,192.83369983679881,0.24038762806343325,agent_1,0.25440898943372
16,50,4800.0,3900.0,192.83369983679881,0.24038762806343325,agent_2,0.21689963514717206
16,50,5100.0,4200.0,207.32772941322133,0.2567541304976937,agent_0,0.254934364650498
16,50,5100.0,4200.0,207.32772941322133,0.2567541304976937,agent_1,0.2708064881415356
16,50,5100.0,4200.0,207.32772941322133,0.2567541304976937,agent_2,0.2320583661863817
16,50,5400.0,4500.0,221.7563278200915,0.27270523884717746,agent_0,0.26988381370048037
16,50,5400.0,4500.0,221.7563278200915,0.27270523884717746,agent_1,0.2866396231287035
16,50,5400.0,4500.0,221.7563278200915,0.27270523884717746,agent_2,0.24690082813416958
16,100,900.0,0.0,0.0,0.0,agent_0,0.0
16,100,900.0,0.0,0.0,0.0,agent_1,1.2074182697257333e-06
16,100,900.0,0.0,0.0,0.0,agent_2,8.537736462515939e-07
16,100,1200.0,300.0,29.99783476379907,0.0393855768764887,agent_0,0.04067979202489347
16,100,1200.0,300.0,29.99783476379907,0.0393855768764887,agent_1,0.04331706098343125
16,100,1200.0,300.0,29.99783476379907,0.0393855768764887,agent_2,0.0348934554778735
16,100,1500.0,600.0,59.98274841427883,0.07855494084380175,agent_0,0.08089015993182279
16,100,1500.0,600.0,59.98274841427883,0.07855494084380175,agent_1,0.08612377624754064
16,100,1500.0,600.0,59.98274841427883,0.07855494084380175,agent_2,0.06969746462006399
16,100,1800.0,900.0,89.94205312591257,0.11745293512514997,agent_0,0.12057925149228998
16,100,1800.0,900.0,89.94205312591257,0.11745293512514997,agent_1,0.12836253491894534
16,100,1800.0,900.0,89.94205312591257,0.11745293512514997,agent_2,0.10436319553575467
16,100,2100.0,1200.0,119.86339220775531,0.1560257849479988,agent_0,0.1596963202342987
16,100,2100.0,1200.0,119.86339220775531,0.1560257849479988,agent_1,0.1699774485475
16,100,2100.0,1200.0,119.86339220775531,0.1560257849479988,agent_2,0.13884310665175098
16,100,2400.0,1500.0,149.73482269553725,0.19422094672201295,agent_0,0.19819157239034232
16,100,2400.0,1500.0,149.73482269553725,0.19422094672201295,agent_1,0.21091418024563813
16,100,2400.0,1500.0,149.73482269553725,0.19422094672201295,agent_2,0.17309081364917267
16,100,2700.0,1800.0,179.54489431300917,0.23198710722016475,agent_0,0.23601617190220572
16,100,2700.0,1800.0,179.54489431300917,0.23198710722016475,agent_1,0.2511199531489444
16,100,2700.0,1800.0,179.54489431300917,0.23198710722016475,agent_2,0.20706107333929222
16,100,3000.0,2100.0,209.28272709892553,0.2692741337964858,agent_0,0.273122195907897
16,100,3000.0,2100.0,209.28272709892553,0.2692741337964858,agent_1,0.2905435014610968
16,100,3000.0,2100.0,209.28272709892553,0.2692741337964858,agent_2,0.24070972884250766
16,100,3300.0,2400.0,238.93808646024837,0.30603292015973144,agent_0,0.3094624876082409
16,100,3300.0,2400.0,238.93808646024837,0.30603292015973144,agent_1,0.32913490354023334
16,100,3300.0,2400.0,238.93808646024837,0.30603292015973144,agent_2,0.2739935710055981
16,100,3600.0,2700.0,268.50145658225773,0.342215402086282,agent_0,0.34499068353096407
16,100,3600.0,2700.0,268.50145658225773,0.342215402086282,agent_1,0.3668456131237443
16,100,3600.0,2700.0,268.50145658225773,0.342215402086282,agent_2,0.3068703339381444
16,100,3900.0,3000.0,297.9641130864366,0.3777744829414882,agent_0,0.37966115069685513
16,100,3900.0,3000.0,297.9641130864366,0.3777744829414882,agent_1,0.403628386857182
16,100,3900.0,3000.0,297.9641130864366,0.3777744829414882,agent_2,0.3392986190121297
16,100,4200.0,3300.0,327.3181936331662,0.41266397658104526,agent_0,0.4134289432655744
16,100,4200.0,3300.0,327.3181936331662,0.41266397658104526,agent_1,0.4394372332730483
16,100,4200.0,3300.0,327.3181936331662,0.41266397658104526,agent_2,0.371237832150282
16,100,4500.0,3600.0,356.5567685975078,0.4468385523106401,agent_0,0.4462497626818204
16,100,4500.0,3600.0,356.5567685975078,0.4468385523106401,agent_1,0.4742273649857385
16,100,4500.0,3600.0,356.5567685975078,0.4468385523106401,agent_2,0.40264812275155587
16,100,4800.0,3900.0,385.67391003713897,0.4802535932719692,agent_0,0.4780798355726356
16,100,4800.0,3900.0,385.67391003713897,0.4802535932719692,agent_1,0.5079550565899411
16,100,4800.0,3900.0,385.67391003713897,0.4802535932719692,agent_2,0.43349025211624514
16,100,5100.0,4200.0,414.6647610645504,0.5128652982762103,agent_0,0.5088760302705461
16,100,5100.0,4200.0,414.6647610645504,0.5128652982762103,agent_1,0.5405777735543155
16,100,5100.0,4200.0,414.6647610645504,0.5128652982762103,agent_2,0.46372565873726984
16,100,5400.0,4500.0,443.5256037842627,0.5446305112015545,agent_0,0.5385957085425759
16,100,5400.0,4500.0,443.5256037842627,0.5446305112015545,agent_1,0.5720539990624905
16,100,5400.0,4500.0,443.5256037842627,0.5446305112015545,agent_2,0.49331630346620264
17,1,900.0,0.0,0.0,0.0,agent_0,0.0
17,1,900.0,0.0,0.0,0.0,agent_1,1.4787793334710982e-06
17,1,900.0,0.0,0.0,0.0,agent_2,0.0
17,1,1200.0,300.0,0.29997481504443596,0.00041500776842806874,agent_0,0.00036726460513856015
17,1,1200.0,300.0,0.29997481504443596,0.00041500776842806874,agent_1,0.0003600141867004369
17,1,1200.0,300.0,0.29997481504443596,0.00041500776842806874,agent_2,0.00048404448210941325
17,1,1500.0,600.0,0.5997982177168243,0.000830792390756411,agent_0,0.0007362316438316284
17,1,1500.0,600.0,0.5997982177168243,0.000830792390756411,agent_1,0.0007207902789595869
17,1,1500.0,600.0,0.5997982177168243,0.000830792390756411,agent_2,0.0009708603970107214
17,1,1800.0,900.0,0.8993186491279921,0.0012464820387548046,agent_0,0.0011061707635915904
17,1,1800.0,900.0,0.8993186491279921,0.0012464820387548046,agent_1,0.0010816543876764355
17,1,1800.0,900.0,0.8993186491279921,0.0012464820387548046,agent_2,0.001459394879906557
17,1,2100.0,1200.0,1.1983857860462321,0.001661192761058269,agent_0,0.0014763358500689292
17,1,2100.0,1200.0,1.1983857860462321,0.001661192761058269,agent_1,0.001441925872805743
17,1,2100.0,1200.0,1.1983857860462321,0.001661192761058269,agent_2,0.0019485464027875032
17,1,2400.0,1500.0,1.4968521456301107,0.0020740133643991714,agent_0,0.0018459705740107365
17,1,2400.0,1500.0,1.4968521456301107,0.0020740133643991714,agent_1,0.0018009093790727674
17,1,2400.0,1500.0,1.4968521456301107,0.0020740133643991714,agent_2,0.002437166823819131
17,1,2700.0,1800.0,1.794574748071162,0.002484017266411899,agent_0,0.0022143020722698577
17,1,2700.0,1800.0,1.794574748071162,0.002484017266411899,agent_1,0.00215790237717306
17,1,2700.0,1800.0,1.794574748071162,0.002484017266411899,agent_2,0.00292405757620267
17,1,3000.0,2100.0,2.0914168591525457,0.002890256080587065,agent_0,0.002580545781712778
17,1,3000.0,2100.0,2.0914168591525457,0.002890256080587065,agent_1,0.0025121893119024086
17,1,3000.0,2100.0,2.0914168591525457,0.002890256080587065,agent_2,0.0034079724497098614
17,1,3300.0,2400.0,2.3872497992582518,0.0032917643468421782,agent_0,0.0029439059958882565
17,1,3300.0,2400.0,2.3872497992582518,0.0032917643468421782,agent_1,0.0028630460019461947
17,1,3300.0,2400.0,2.3872497992582518,0.0032917643468421782,agent_2,0.0038876174006639984
17,1,3600.0,2700.0,2.681954826683342,0.003687557495740782,agent_0,0.003303575710560365
17,1,3600.0,2700.0,2.681954826683342,0.003687557495740782,agent_1,0.00320973814977247
17,1,3600.0,2700.0,2.681954826683342,0.003687557495740782,agent_2,0.004361650975661947
17,1,3900.0,3000.0,2.9754251022414864,0.004076633092059365,agent_0,0.0036587358677681097
17,1,3900.0,3000.0,2.9754251022414864,0.004076633092059365,agent_1,0.0035515194003748933
17,1,3900.0,3000.0,2.9754251022414864,0.004076633092059365,agent_2,0.00482868349967933
17,1,4200.0,3300.0,3.2675677195766544,0.004457971961846086,agent_0,0.004008559283708219
17,1,4200.0,3300.0,3.2675677195766544,0.004457971961846086,agent_1,0.0038876357756502423
17,1,4200.0,3300.0,3.2675677195766544,0.004457971961846086,agent_2,0.005287281020523899
17,1,4500.0,3600.0,3.5583058188845427,0.004830539325257726,agent_0,0.004352208284239847
17,1,4500.0,3600.0,3.5583058188845427,0.004830539325257726,agent_1,0.004217322068269092
17,1,4500.0,3600.0,3.5583058188845427,0.004830539325257726,agent_2,0.0057359667168091835
17,1,4800.0,3900.0,3.8475807618317863,0.005193285363022997,agent_0,0.004688836954373011
17,1,4800.0,3900.0,3.8475807618317863,0.005193285363022997,agent_1,0.004539805429646649
17,1,4800.0,3900.0,3.8475807618317863,0.005193285363022997,agent_2,0.00617322303097872
17,1,5100.0,4200.0,4.13535438265354,0.0055451438279286525,agent_0,0.005017590385139297
17,1,5100.0,4200.0,4.13535438265354,0.0055451438279286525,agent_1,0.0048543010103973125
17,1,5100.0,4200.0,4.13535438265354,0.0055451438279286525,agent_2,0.006597491149867109
17,1,5400.0,4500.0,4.421611289439875,0.005885037779053267,agent_0,0.005337607659608833
17,1,5400.0,4500.0,4.421611289439875,0.005885037779053267,agent_1,0.005160016721137937
17,1,5400.0,4500.0,4.421611289439875,0.005885037779053267,agent_2,0.007007179869025233
17,5,900.0,0.0,0.0,0.0,agent_0,0.0
17,5,900.0,0.0,0.0,0.0,agent_1,1.4787793334710982e-06
17,5,900.0,0.0,0.0,0.0,agent_2,0.0
17,5,1200.0,300.0,1.4998740753315627,0.00207503849096446,agent_0,0.0018363218349162086
17,5,1200.0,300.0,1.4998740753315627,0.00207503849096446,agent_1,0.0018000749830171154
17,5,1200.0,300.0,1.4998740753315627,0.00207503849096446,agent_2,0.0024202216577626045
17,5,1500.0,600.0,2.9989910921669463,0.004153946951248969,agent_0,0.0036811590118311856
17,5,1500.0,600.0,2.9989910921669463,0.004153946951248969,agent_1,0.0036039481592324593
17,5,1500.0,600.0,2.9989910921669463,0.004153946951248969,agent_2,0.004854296730790805
17,5,1800.0,900.0,4.496593272958736,0.006232375869493488,agent_0,0.005530849866219275
17,5,1800.0,900.0,4.496593272958736,0.006232375869493488,agent_1,0.005408253947086831
17,5,1800.0,900.0,4.496593272958736,0.006232375869493488,agent_2,0.0072969451350462095
17,5,2100.0,1200.0,5.991929045776108,0.00830587565712054,agent_0,0.007381661529876172
17,5,2100.0,1200.0,5.991929045776108,0.00830587565712054,agent_1,0.007209574620039767
17,5,2100.0,1200.0,5.991929045776108,0.00830587565712054,agent_2,0.009742648528221397
17,5,2400.0,1500.0,7.4842610817514315,0.010369896165975022,agent_0,0.009229796807074787
17,5,2400.0,1500.0,7.4842610817514315,0.010369896165975022,agent_1,0.009004437740820484
17,5,2400.0,1500.0,7.4842610817514315,0.010369896165975022,agent_2,0.012185651366572113
17,5,2700.0,1800.0,8.972874621832856,0.012419789206590438,agent_0,0.01107139012357384
17,5,2700.0,1800.0,8.972874621832856,0.012419789206590438,agent_1,0.010789317869761877
17,5,2700.0,1800.0,8.972874621832856,0.012419789206590438,agent_2,0.014619952374983789
17,5,3000.0,2100.0,10.45708620267812,0.014450809091005158,agent_0,0.012902513379288142
17,5,3000.0,2100.0,10.45708620267812,0.014450809091005158,agent_1,0.01256063602472874
17,5,3000.0,2100.0,10.45708620267812,0.014450809091005158,agent_2,0.017039307064093383
17,5,3300.0,2400.0,11.936252713833847,0.01645811732742225,agent_0,0.014719180047504396
17,5,3300.0,2400.0,11.936252713833847,0.01645811732742225,agent_1,0.014314762822715927
17,5,3300.0,2400.0,11.936252713833847,0.01645811732742225,agent_2,0.019437231266326196
17,5,3600.0,2700.0,13.409780825303258,0.018436786374968428,agent_0,0.016517348821864217
17,5,3600.0,2700.0,13.409780825303258,0.018436786374968428,agent_1,0.016048019615775004
17,5,3600.0,2700.0,13.409780825303258,0.018436786374968428,agent_2,0.021807006063448268
17,5,3900.0,3000.0,14.877136819875673,0.0203817960903428,agent_0,0.01829292148748844
17,5,3900.0,3000.0,14.877136819875673,0.0203817960903428,agent_1,0.017756674021023214
17,5,3900.0,3000.0,14.877136819875673,0.0203817960903428,agent_2,0.024141672982713986
17,5,4200.0,3300.0,16.337856752102656,0.022288045498232795,agent_0,0.020041752509169196
17,5,4200.0,3300.0,16.337856752102656,0.022288045498232795,agent_1,0.01943694745129615
17,5,4200.0,3300.0,16.337856752102656,0.022288045498232795,agent_2,0.026434052506640864
17,5,4500.0,3600.0,17.79155702169713,0.02415035370183815,agent_0,0.021759650137677725
17,5,4500.0,3600.0,17.79155702169713,0.02415035370183815,agent_1,0.02108501326792061
17,5,4500.0,3600.0,17.79155702169713,0.02415035370183815,agent_2,0.028676749385872093
17,5,4800.0,3900.0,19.237945250115395,0.02596346722910418,agent_0,0.023442381827375663
17,5,4800.0,3900.0,19.237945250115395,0.02596346722910418,agent_1,0.02269699987059097
17,5,4800.0,3900.0,19.237945250115395,0.02596346722910418,agent_2,0.030862167848247517
17,5,5100.0,4200.0,20.676831534279287,0.02772205186251537,agent_0,0.02508566721910665
17,5,5100.0,4200.0,20.676831534279287,0.02772205186251537,agent_1,0.024268981765009794
17,5,5100.0,4200.0,20.676831534279287,0.02772205186251537,agent_2,0.03298250723124848
17,5,5400.0,4500.0,22.108139947585084,0.02942071783828918,agent_0,0.026685197734497082
17,5,5400.0,4500.0,22.108139947585084,0.02942071783828918,agent_1,0.025796995564378027
17,5,5400.0,4500.0,22.108139947585084,0.02942071783828918,agent_2,0.03502980621948219
17,10,900.0,0.0,0.0,0.0,agent_0,0.0
17,10,900.0,0.0,0.0,0.0,agent_1,1.4787793334710982e-06
17,10,900.0,0.0,0.0,0.0,agent_2,0.0
17,10,1200.0,300.0,2.999748150936096,0.004150073557581316,agent_0,0.0036726485329481823
17,10,1200.0,300.0,2.999748150936096,0.004150073557581316,agent_1,0.0036001490553544597
17,10,1200.0,300.0,2.999748150936096,0.004150073557581316,agent_2,0.004840444446040642
17,10,1500.0,600.0,5.997982193290503,0.008307866620965209,agent_0,0.0073623271857087835
17,10,1500.0,600.0,5.997982193290503,0.008307866620965209,agent_1,0.0072078817088323905
17,10,1500.0,600.0,5.997982193290503,0.008307866620965209,agent_2,0.009708579843109024
17,10,1800.0,900.0,8.993186614284562,0.012464659184411954,agent_0,0.011061696878816573
17,10,1800.0,900.0,8.993186614284562,0.012464659184411954,agent_1,0.010816453926327152
17,10,1800.0,900.0,8.993186614284562,0.012464659184411954,agent_2,0.014593815877602376
17,10,2100.0,1200.0,11.983858380695478,0.016611531230647795,agent_0,0.014763275641558694
17,10,2100.0,1200.0,11.983858380695478,0.016611531230647795,agent_1,0.014419013584063362
17,10,2100.0,1200.0,11.983858380695478,0.016611531230647795,agent_2,0.01948508538962319
17,10,2400.0,1500.0,14.968523048304306,0.020739361605154022,agent_0,0.018459452761139
17,10,2400.0,1500.0,14.968523048304306,0.020739361605154022,agent_1,0.018008601876096656
17,10,2400.0,1500.0,14.968523048304306,0.020739361605154022,agent_2,0.024370846435261283
17,10,2700.0,1800.0,17.94575144932138,0.024838833671478842,agent_0,0.02214248089615692
17,10,2700.0,1800.0,17.94575144932138,0.024838833671478842,agent_1,0.021578152925699694
17,10,2700.0,1800.0,17.94575144932138,0.024838833671478842,agent_2,0.029239065470277454
17,10,3000.0,2100.0,20.91417717675096,0.028900435784703665,agent_0,0.025804487910397397
17,10,3000.0,2100.0,20.91417717675096,0.028900435784703665,agent_1,0.025120494635248562
17,10,3000.0,2100.0,20.91417717675096,0.028900435784703665,agent_2,0.03407722242768061
17,10,3300.0,2400.0,23.872514729265916,0.03291447157529067,agent_0,0.029437484916969753
17,10,3300.0,2400.0,23.872514729265916,0.03291447157529067,agent_1,0.028628354166150595
17,10,3300.0,2400.0,23.872514729265916,0.03291447157529067,agent_2,0.03887231861911874
17,10,3600.0,2700.0,26.819578393653384,0.03687106778119603,agent_0,0.03303337424676729
17,10,3600.0,2700.0,26.819578393653384,0.03687106778119603,agent_1,0.032094360850009086
17,10,3600.0,2700.0,26.819578393653384,0.03687106778119603,agent_2,0.04361088658471655
17,10,3900.0,3000.0,29.75430193283988,0.040760167086366525,agent_0,0.03658394492151794
17,10,3900.0,3000.0,29.75430193283988,0.040760167086366525,agent_1,0.03551103766242933
17,10,3900.0,3000.0,29.75430193283988,0.040760167086366525,agent_2,0.04827898134050853
17,10,4200.0,3300.0,32.67575892215806,0.04457155171113481,agent_0,0.040080892249710676
17,10,4200.0,3300.0,32.67575892215806,0.04457155171113481,agent_1,0.03887081532592931
17,10,4200.0,3300.0,32.67575892215806,0.04457155171113481,agent_2,0.052862217689704796
17,10,4500.0,3600.0,35.5831839081382,0.048294846111556496,agent_0,0.04351582005893871
17,10,4500.0,3600.0,35.5831839081382,0.048294846111556496,agent_1,0.042166029894835665
17,10,4500.0,3600.0,35.5831839081382,0.048294846111556496,agent_2,0.05734578137135425
17,10,4800.0,3900.0,38.47599416625157,0.05191953132068711,agent_0,0.04688025180374986
17,10,4800.0,3900.0,38.47599416625157,0.05191953132068711,agent_1,0.04538892857641828
17,10,4800.0,3900.0,38.47599416625157,0.05191953132068711,agent_2,0.061714459915968314
17,10,5100.0,4200.0,41.35381220421382,0.05543492921600669,agent_0,0.05016561689321449
17,10,5100.0,4200.0,41.35381220421382,0.05543492921600669,agent_1,0.048531652155567775
17,10,5100.0,4200.0,41.35381220421382,0.05543492921600669,agent_2,0.06595263466418265
17,10,5400.0,4500.0,44.21648874986126,0.05883025303475591,agent_0,0.05336328945314431
17,10,5400.0,4500.0,44.21648874986126,0.05883025303475591,agent_1,0.05158626715182128
17,10,5400.0,4500.0,44.21648874986126,0.05883025303475591,agent_2,0.070044369737646
17,25,900.0,0.0,0.0,0.0,agent_0,0.0
17,25,900.0,0.0,0.0,0.0,agent_1,1.4787793334710982e-06
17,25,900.0,0.0,0.0,0.0,agent_2,0.0
17,25,1200.0,300.0,7.499370379416834,0.010375158569393824,agent_0,0.009181657889747643
17,25,1200.0,300.0,7.499370379416834,0.010375158569393824,agent_1,0.009000364435915386
17,25,1200.0,300.0,7.499370379416834,0.010375158569393824,agent_2,0.012101121592564686
17,25,1500.0,600.0,14.99495555058197,0.0207694612395864,agent_0,0.018405887291682712
17,25,1500.0,600.0,14.99495555058197,0.0207694612395864,agent_1,0.018019597485777528
17,25,1500.0,600.0,14.99495555058197,0.0207694612395864,agent_2,0.024271347631131118
17,25,1800.0,900.0,22.48296704954079,0.03116095213942731,agent_0,0.02765422027792228
17,25,1800.0,900.0,22.48296704954079,0.03116095213942731,agent_1,0.02704072812467095
17,25,1800.0,900.0,22.48296704954079,0.03116095213942731,agent_2,0.03648397928332501
17,25,2100.0,1200.0,29.95964812481773,0.041527174068247255,agent_0,0.036907830927444124
17,25,2100.0,1200.0,29.95964812481773,0.041527174068247255,agent_1,0.03604651429869103
17,25,2100.0,1200.0,29.95964812481773,0.041527174068247255,agent_2,0.04871112025271385
17,25,2400.0,1500.0,37.42131427024981,0.05184516792151356,agent_0,0.04614757059094643
17,25,2400.0,1500.0,37.42131427024981,0.05184516792151356,agent_1,0.04501944777462636
17,25,2400.0,1500.0,37.42131427024981,0.05184516792151356,agent_2,0.060923683383871205
17,25,2700.0,1800.0,44.864395198386454,0.062091487635316425,agent_0,0.05535394898095039
17,25,2700.0,1800.0,44.864395198386454,0.062091487635316425,agent_1,0.0539417536262534
17,25,2700.0,1800.0,44.864395198386454,0.062091487635316425,agent_2,0.07309135092464202
17,25,3000.0,2100.0,52.28547879596223,0.07224220399698511,agent_0,0.0645071653603206
17,25,3000.0,2100.0,52.28547879596223,0.07224220399698511,agent_1,0.06279539418572624
17,25,3000.0,2100.0,52.28547879596223,0.07224220399698511,agent_2,0.0851825900781116
17,25,3300.0,2400.0,59.681356714057664,0.0822729313198259,agent_0,0.07358712970657968
17,25,3300.0,2400.0,59.681356714057664,0.0822729313198259,agent_1,0.07156208263090623
17,25,3300.0,2400.0,59.681356714057664,0.0822729313198259,agent_2,0.09716467565400341
17,25,3600.0,2700.0,67.04907177911929,0.09215884917795797,agent_0,0.08257348404762602
17,25,3600.0,2700.0,67.04907177911929,0.09215884917795797,agent_1,0.08022329237960057
17,25,3600.0,2700.0,67.04907177911929,0.09215884917795797,agent_2,0.10900371795305772
17,25,3900.0,3000.0,74.38596738715118,0.10187468620067848,agent_0,0.0914455922979803
17,25,3900.0,3000.0,74.38596738715118,0.10187468620067848,agent_1,0.08876023642221847
17,25,3900.0,3000.0,74.38596738715118,0.10187468620067848,agent_2,0.12066464430244206
17,25,4200.0,3300.0,81.68973847991595,0.11139478090348756,agent_0,0.10018259033811472
17,25,4200.0,3300.0,81.68973847991595,0.11139478090348756,agent_1,0.09715390351069549
17,25,4200.0,3300.0,81.68973847991595,0.11139478090348756,agent_2,0.13211129572254884
17,25,4500.0,3600.0,88.95848453050964,0.12069309056650188,agent_0,0.1087633933224484
17,25,4500.0,3600.0,88.95848453050964,0.12069309056650188,agent_1,0.10538505345529597
17,25,4500.0,3600.0,88.95848453050964,0.12069309056650188,agent_2,0.143306459083461
17,25,4800.0,3900.0,96.19076396955724,0.12974322877629724,agent_0,0.11716672460048766
17,25,4800.0,3900.0,96.19076396955724,0.12974322877629724,agent_1,0.11343423277222886
17,25,4800.0,3900.0,96.19076396955724,0.12974322877629724,agent_2,0.15421194792145304
17,25,5100.0,4200.0,103.38565041001573,0.13851842835775122,agent_0,0.12537108263535623
17,25,5100.0,4200.0,103.38565041001573,0.13851842835775122,agent_1,0.1212817319268161
17,25,5100.0,4200.0,103.38565041001573,0.13851842835775122,agent_2,0.16478858688247638
17,25,5400.0,4500.0,110.54279000732497,0.14699166937379846,agent_0,0.13335483975968213
17,25,5400.0,4500.0,110.54279000732497,0.14699166937379846,agent_1,0.12890766687454694
17,25,5400.0,4500.0,110.54279000732497,0.14699166937379846,agent_2,0.17499643812393192
17,50,900.0,0.0,0.0,0.0,agent_0,0.0
17,50,900.0,0.0,0.0,0.0,agent_1,1.4787793334710982e-06
17,50,900.0,0.0,0.0,0.0,agent_2,0.0
17,50,1200.0,300.0,14.998740765844758,0.020750231650408787,agent_0,0.018363438475335933
17,50,1200.0,300.0,14.998740765844758,0.020750231650408787,agent_1,0.018000700783695717
17,50,1200.0,300.0,14.998740765844758,0.020750231650408787,agent_2,0.024202277986171594
17,50,1500.0,600.0,29.989911326666313,0.04153823476981289,agent_0,0.0368120036364833
17,50,1500.0,600.0,29.989911326666313,0.04153823476981289,agent_1,0.03603883670688971
17,50,1500.0,600.0,29.989911326666313,0.04153823476981289,agent_2,0.04854235051052319
17,50,1800.0,900.0,44.96593581906574,0.06231957492507906,agent_0,0.05530836054661138
17,50,1800.0,900.0,44.96593581906574,0.06231957492507906,agent_1,0.054080094003805416
17,50,1800.0,900.0,44.96593581906574,0.06231957492507906,agent_2,0.07296607453775933
17,50,2100.0,1200.0,59.91930352310073,0.0830488121932332,agent_0,0.07381445189794696
17,50,2100.0,1200.0,59.91930352310073,0.0830488121932332,agent_1,0.07208961482204339
17,50,2100.0,1200.0,59.91930352310073,0.0830488121932332,agent_2,0.09741689265621158
17,50,2400.0,1500.0,74.8426507949651,0.1036795052009373,agent_0,0.0922915718828996
17,50,2400.0,1500.0,74.8426507949651,0.1036795052009373,agent_1,0.09003201031930809
17,50,2400.0,1500.0,74.8426507949651,0.1036795052009373,agent_2,0.12183585255783286
17,50,2700.0,1800.0,89.72884586461905,0.12416424674183496,agent_0,0.1107003327259119
17,50,2700.0,1800.0,89.72884586461905,0.12416424674183496,agent_1,0.10787136294381013
17,50,2700.0,1800.0,89.72884586461905,0.12416424674183496,agent_2,0.14616153701105383
17,50,3000.0,2100.0,104.57107756188555,0.14445467669821904,agent_0,0.12900073073653257
17,50,3000.0,2100.0,104.57107756188555,0.14445467669821904,agent_1,0.12557123772976994
17,50,3000.0,2100.0,104.57107756188555,0.14445467669821904,agent_2,0.17033010347557767
17,50,3300.0,2400.0,119.36294725531535,0.16450154133837647,agent_0,0.1471521927919338
17,50,3300.0,2400.0,119.36294725531535,0.16450154133837647,agent_1,0.14309471272902965
17,50,3300.0,2400.0,119.36294725531535,0.16450154133837647,agent_2,0.1942753395993316
17,50,3600.0,2700.0,134.0985643527589,0.18425474283838394,agent_0,0.1651136232158305
17,50,3600.0,2700.0,134.0985643527589,0.18425474283838394,agent_1,0.1604044015632188
17,50,3600.0,2700.0,134.0985643527589,0.18425474283838394,agent_2,0.21792872984281197
17,50,3900.0,3000.0,148.77264566390295,0.20366331295375026,agent_0,0.18284338781746576
17,50,3900.0,3000.0,148.77264566390295,0.20366331295375026,agent_1,0.1774624156459221
17,50,3900.0,3000.0,148.77264566390295,0.20366331295375026,agent_2,0.24121943020707282
17,50,4200.0,3300.0,163.3806177951723,0.22267554121419714,agent_0,0.20029941837821594
17,50,4200.0,3300.0,163.3806177951723,0.22267554121419714,agent_1,0.19423044025553973
17,50,4200.0,3300.0,163.3806177951723,0.22267554121419714,agent_2,0.2640744738543714
17,50,4500.0,3600.0,177.9187234038705,0.24123899908950866,agent_0,0.2174392318163201
17,50,4500.0,3600.0,177.9187234038705,0.24123899908950866,agent_1,0.21066972898273173
17,50,4500.0,3600.0,177.9187234038705,0.24123899908950866,agent_2,0.28641884839859544
17,50,4800.0,3900.0,192.3841301416014,0.2593006215406835,agent_0,0.23421999242653635
17,50,4800.0,3900.0,192.3841301416014,0.2593006215406835,agent_1,0.22674113879525865
17,50,4800.0,3900.0,192.3841301416014,0.2593006215406835,agent_2,0.3081756710459137
17,50,5100.0,4200.0,206.77504297454396,0.27680663986661685,agent_0,0.2505984503958916
17,50,5100.0,4200.0,206.77504297454396,0.27680663986661685,agent_1,0.24240504852290382
17,50,5100.0,4200.0,206.77504297454396,0.27680663986661685,agent_2,0.32926617166095395
17,50,5400.0,4500.0,221.0908185180659,0.29370284392215185,agent_0,0.2665311436830371
17,50,5400.0,4500.0,221.0908185180659,0.29370284392215185,agent_1,0.25762152576393565
17,50,5400.0,4500.0,221.0908185180659,0.29370284392215185,agent_2,0.34961015934993056
17,100,900.0,0.0,0.0,0.0,agent_0,0.0
17,100,900.0,0.0,0.0,0.0,agent_1,1.4787793334710982e-06
17,100,900.0,0.0,0.0,0.0,agent_2,0.0
17,100,1200.0,300.0,29.99748155994518,0.04150011828662938,agent_0,0.03672736559321367
17,100,1200.0,300.0,29.99748155994518,0.04150011828662938,agent_1,0.03600128740181873
17,100,1200.0,300.0,29.99748155994518,0.04150011828662938,agent_2,0.04840469091971371
17,100,1500.0,600.0,59.97982356246315,0.08307369701287143,agent_0,0.0736249081941101
17,100,1500.0,600.0,59.97982356246315,0.08307369701287143,agent_1,0.07207622628837693
17,100,1500.0,600.0,59.97982356246315,0.08307369701287143,agent_2,0.09708328698450695
17,100,1800.0,900.0,89.93187857175113,0.12462975971342088,agent_0,0.11061634952140151
17,100,1800.0,900.0,89.93187857175113,0.12462975971342088,agent_1,0.10815469127224407
17,100,1800.0,900.0,89.93187857175113,0.12462975971342088,agent_2,0.1459244951389366
17,100,2100.0,1200.0,119.83863636360418,0.16607531045338084,agent_0,0.14762394155344805
17,100,2100.0,1200.0,119.83863636360418,0.16607531045338084,agent_1,0.14416546230312885
17,100,2100.0,1200.0,119.83863636360418,0.16607531045338084,agent_2,0.19481211557506012
17,100,2400.0,1500.0,149.6853912780772,0.2073153615856246,agent_0,0.18456862843332394
17,100,2400.0,1500.0,149.6853912780772,0.2073153615856246,agent_1,0.1800362634903623
17,100,2400.0,1500.0,149.6853912780772,0.2073153615856246,agent_2,0.24362510988819638
17,100,2700.0,1800.0,179.4579152292143,0.2482530292997524,agent_0,0.22136999671800645
17,100,2700.0,1800.0,179.4579152292143,0.2482530292997524,agent_1,0.21569378222607263
17,100,2700.0,1800.0,179.4579152292143,0.2482530292997524,agent_2,0.292237498894064
17,100,3000.0,2100.0,209.14263841821503,0.28878958166031793,agent_0,0.25794642323500167
17,100,3000.0,2100.0,209.14263841821503,0.28878958166031793,agent_1,0.25106370514324255
17,100,3000.0,2100.0,209.14263841821503,0.28878958166031793,agent_2,0.340518478593495
17,100,3300.0,2400.0,238.72683623083086,0.3288245815334453,agent_0,0.29421518518043316
17,100,3300.0,2400.0,238.72683623083086,0.3288245815334453,agent_1,0.28607079340222064
17,100,3300.0,2400.0,238.72683623083086,0.3288245815334453,agent_2,0.38833257331886484
17,100,3600.0,2700.0,268.19882292247826,0.36825601046685785,agent_0,0.3300925713101336
17,100,3600.0,2700.0,268.19882292247826,0.36825601046685785,agent_1,0.3206389424885422
17,100,3600.0,2700.0,268.19882292247826,0.36825601046685785,agent_2,0.4355398139947569
17,100,3900.0,3000.0,297.5481525893146,0.40698024174812897,agent_0,0.3654938678923902
17,100,3900.0,3000.0,297.5481525893146,0.40698024174812897,agent_1,0.3546911217283065
17,100,3900.0,3000.0,297.5481525893146,0.40698024174812897,agent_2,0.4819957358348523
17,100,4200.0,3300.0,326.76582565772077,0.444892322618433,agent_0,0.4003335856317719
17,100,4200.0,3300.0,326.76582565772077,0.444892322618433,agent_1,0.38814954149488395
17,100,4200.0,3300.0,326.76582565772077,0.444892322618433,agent_2,0.5275518401334782
17,100,4500.0,3600.0,355.8445024324849,0.4818860489994628,agent_0,0.4345255163171781
17,100,4500.0,3600.0,355.8445024324849,0.4818860489994628,agent_1,0.4209356576462193
17,100,4500.0,3600.0,355.8445024324849,0.4818860489994628,agent_2,0.5720558019467631
17,100,4800.0,3900.0,384.7787212330709,0.5178541550204738,agent_0,0.46798287550275613
17,100,4800.0,3900.0,384.7787212330709,0.5178541550204738,agent_1,0.45297025707262173
17,100,4800.0,3900.0,384.7787212330709,0.5178541550204738,agent_2,0.6153518749219251
17,100,5100.0,4200.0,413.5651223831026,0.5526882059731716,agent_0,0.5006181982096484
17,100,5100.0,4200.0,413.5651223831026,0.5526882059731716,agent_1,0.4841733108143316
17,100,5100.0,4200.0,413.5651223831026,0.5526882059731716,agent_2,0.6572809146708126
17,100,5400.0,4500.0,442.20267518454955,0.5862791480873537,agent_0,0.5323437604298634
17,100,5400.0,4500.0,442.20267518454955,0.5862791480873537,agent_1,0.5144643230771472
17,100,5400.0,4500.0,442.20267518454955,0.5862791480873537,agent_2,0.6976813669236479
18,1,900.0,0.0,0.0,0.0,agent_0,0.0
18,1,900.0,0.0,0.0,0.0,agent_1,0.0
18,1,900.0,0.0,0.0,0.0,agent_2,0.0
18,1,1200.0,300.0,0.29996774458098246,0.00045140571792663773,agent_0,0.00043225321104788805
18,1,1200.0,300.0,0.29996774458098246,0.00045140571792663773,agent_1,0.0004084349969955726
18,1,1200.0,300.0,0.29996774458098246,0.00045140571792663773,agent_2,0.0005118378349828274
18,1,1500.0,600.0,0.5997404214867639,0.000906307166767107,agent_0,0.0008660421644413697
18,1,1500.0,600.0,0.5997404214867639,0.000906307166767107,agent_1,0.0008203640809599735
18,1,1500.0,600.0,0.5997404214867639,0.000906307166767107,agent_2,0.0010307975930952918
18,1,1800.0,900.0,0.8991199437209257,0.0013633856262096373,agent_0,0.0013002437261306805
18,1,1800.0,900.0,0.8991199437209257,0.0013633856262096373,agent_1,0.001235005344018017
18,1,1800.0,900.0,0.8991199437209257,0.0013633856262096373,agent_2,0.0015545914644442926
18,1,2100.0,1200.0,1.1979074960006924,0.0018212376753183744,agent_0,0.0017337157864517404
18,1,2100.0,1200.0,1.1979074960006924,0.0018212376753183744,agent_1,0.0016515416480556834
18,1,2100.0,1200.0,1.1979074960006924,0.0018212376753183744,agent_2,0.0020806768552100873
18,1,2400.0,1500.0,1.4959066527708733,0.0022783720406583073,agent_0,0.0021652952014911495
18,1,2400.0,1500.0,1.4959066527708733,0.0022783720406583073,agent_1,0.002069124967525743
18,1,2400.0,1500.0,1.4959066527708733,0.0022783720406583073,agent_2,0.002606260511446857
18,1,2700.0,1800.0,1.7929268174210076,0.0027332102846030775,agent_0,0.002593795110298705
18,1,2700.0,1800.0,1.7929268174210076,0.0027332102846030775,agent_1,0.0024868642795487896
18,1,2700.0,1800.0,1.7929268174210076,0.0027332102846030775,agent_2,0.0031283043504002767
18,1,3000.0,2100.0,2.0887870201991823,0.0031840838847527623,agent_0,0.0030180089295214576
18,1,3000.0,2100.0,2.0887870201991823,0.0031840838847527623,agent_1,0.002903828387848581
18,1,3000.0,2100.0,2.0887870201991823,0.0031840838847527623,agent_2,0.003643536428935941
18,1,3300.0,2400.0,2.3833200825800125,0.003629235814698906,agent_0,0.0034367051240511053
18,1,3300.0,2400.0,2.3833200825800125,0.003629235814698906,agent_1,0.0033190420579401496
18,1,3300.0,2400.0,2.3833200825800125,0.003629235814698906,agent_2,0.004148468752741529
18,1,3600.0,2700.0,2.676377136559479,0.004066819721356806,agent_0,0.00384863252487528
18,1,3600.0,2700.0,2.676377136559479,0.004066819721356806,agent_1,0.003731482357206342
18,1,3600.0,2700.0,2.676377136559479,0.004066819721356806,agent_2,0.004639423513508346
18,1,3900.0,3000.0,2.9678325726996464,0.004494903056882336,agent_0,0.004252516605167647
18,1,3900.0,3000.0,2.9678325726996464,0.004494903056882336,agent_1,0.0041400746533505044
18,1,3900.0,3000.0,2.9678325726996464,0.004494903056882336,agent_2,0.005112562485484246
18,1,4200.0,3300.0,3.2575893335702673,0.004911467644567612,agent_0,0.004647058899995169
18,1,4200.0,3300.0,3.2575893335702673,0.004911467644567612,agent_1,0.0045436898989160805
18,1,4200.0,3300.0,3.2575893335702673,0.004911467644567612,agent_2,0.0055639256676712585
18,1,4500.0,3600.0,3.5455846090082566,0.005314412871171108,agent_0,0.005030937623771403
18,1,4500.0,3600.0,3.5455846090082566,0.005314412871171108,agent_1,0.0049411402411829435
18,1,4500.0,3600.0,3.5455846090082566,0.005314412871171108,agent_2,0.005989474789301105
18,1,4800.0,3900.0,3.831795876982775,0.005701559413892286,agent_0,0.0054028050421496224
18,1,4800.0,3900.0,3.831795876982775,0.005701559413892286,agent_1,0.005331174037312846
18,1,4800.0,3900.0,3.831795876982775,0.005701559413892286,agent_2,0.006385140734602731
18,1,5100.0,4200.0,4.116247304000522,0.0060706542965366875,agent_0,0.005761289049379402
18,1,5100.0,4200.0,4.116247304000522,0.0060706542965366875,agent_1,0.005712472824728077
18,1,5100.0,4200.0,4.116247304000522,0.0060706542965366875,agent_2,0.006746879353780435
18,1,5400.0,4500.0,4.399016339478017,0.006419375582712363,agent_0,0.006104989159724661
18,1,5400.0,4500.0,4.399016339478017,0.006419375582712363,agent_1,0.006083644622398518
18,1,5400.0,4500.0,4.399016339478017,0.006419375582712363,agent_2,0.007070724483992413
18,5,900.0,0.0,0.0,0.0,agent_0,0.0
18,5,900.0,0.0,0.0,0.0,agent_1,0.0
18,5,900.0,0.0,0.0,0.0,agent_2,0.0
18,5,1200.0,300.0,1.499838723096495,0.0022570274594137995,agent_0,0.002161270608497886
18,5,1200.0,300.0,1.499838723096495,0.0022570274594137995,agent_1,0.002042175520488263
18,5,1200.0,300.0,1.499838723096495,0.0022570274594137995,agent_2,0.0025591878933908076
18,5,1500.0,600.0,2.9987021133026497,0.004531519588379237,agent_0,0.004330201733054229
18,5,1500.0,600.0,2.9987021133026497,0.004531519588379237,agent_1,0.0041018173845906464
18,5,1500.0,600.0,2.9987021133026497,0.004531519588379237,agent_2,0.005153968732604431
18,5,1800.0,900.0,4.495599763800441,0.006816874188856378,agent_0,0.006501182138197837
18,5,1800.0,900.0,4.495599763800441,0.006816874188856378,agent_1,0.0061750094884026096
18,5,1800.0,900.0,4.495599763800441,0.006816874188856378,agent_2,0.007772879679686319
18,5,2100.0,1200.0,5.989537673003824,0.009106062549937762,agent_0,0.008668489973905848
18,5,2100.0,1200.0,5.989537673003824,0.009106062549937762,agent_1,0.008257663757625325
18,5,2100.0,1200.0,5.989537673003824,0.009106062549937762,agent_2,0.010403198016128672
18,5,2400.0,1500.0,7.4795338600661125,0.011391615372927532,agent_0,0.010826294201013442
18,5,2400.0,1500.0,7.4795338600661125,0.011391615372927532,agent_1,0.010345518846893956
18,5,2400.0,1500.0,7.4795338600661125,0.011391615372927532,agent_2,0.013030931018666394
18,5,2700.0,1800.0,8.964635587361725,0.013665624097751817,agent_0,0.012968653206673548
18,5,2700.0,1800.0,8.964635587361725,0.013665624097751817,agent_1,0.012434113485868696
18,5,2700.0,1800.0,8.964635587361725,0.013665624097751817,agent_2,0.015640867513250088
18,5,3000.0,2100.0,10.44393837791352,0.01591973635674535,agent_0,0.015089520084574403
18,5,3000.0,2100.0,10.44393837791352,0.01591973635674535,agent_1,0.014518787351171484
18,5,3000.0,2100.0,10.44393837791352,0.01591973635674535,agent_2,0.01821662646599667
18,5,3300.0,2400.0,11.91660683400314,0.018145152576525762,agent_0,0.017182735098908764
18,5,3300.0,2400.0,11.91660683400314,0.018145152576525762,agent_1,0.0165946514239423
18,5,3300.0,2400.0,11.91660683400314,0.018145152576525762,agent_2,0.020740751294482173
18,5,3600.0,2700.0,13.381897326943418,0.020332631878428615,agent_0,0.019242028761343243
18,5,3600.0,2700.0,13.381897326943418,0.020332631878428615,agent_1,0.018656580474404244
18,5,3600.0,2700.0,13.381897326943418,0.020332631878428615,agent_2,0.023194833150603035
18,5,3900.0,3000.0,14.839182669022614,0.02247250033008733,agent_0,0.02126102060287711
18,5,3900.0,3000.0,14.839182669022614,0.02247250033008733,agent_1,0.0206991951907083
18,5,3900.0,3000.0,14.839182669022614,0.02247250033008733,agent_2,0.025559670701195383
18,5,4200.0,3300.0,16.287978641186175,0.024554655469961096,agent_0,0.02323321093303396
18,5,4200.0,3300.0,16.287978641186175,0.024554655469961096,agent_1,0.022716839007978766
18,5,4200.0,3300.0,16.287978641186175,0.024554655469961096,agent_2,0.027815451206049786
18,5,4500.0,3600.0,17.727972463796412,0.0265685890437871,agent_0,0.025151984705456563
18,5,4500.0,3600.0,17.727972463796412,0.0265685890437871,agent_1,0.02470356465484824
18,5,4500.0,3600.0,17.727972463796412,0.0265685890437871,agent_2,0.029941979808869274
18,5,4800.0,3900.0,19.159053002006598,0.02850339653065048,agent_0,0.027010599047128138
18,5,4800.0,3900.0,19.159053002006598,0.02850339653065048,agent_1,0.026653105423048516
18,5,4800.0,3900.0,19.159053002006598,0.02850339653065048,agent_2,0.03191891259125359
18,5,5100.0,4200.0,20.58134265715331,0.03034781010147393,agent_0,0.028802186773226997
18,5,5100.0,4200.0,20.58134265715331,0.03034781010147393,agent_1,0.02855886049117712
18,5,5100.0,4200.0,20.58134265715331,0.03034781010147393,agent_2,0.0337260352070627
18,5,5400.0,4500.0,21.995230527940823,0.032090219433696804,agent_0,0.030519744598951397
18,5,5400.0,4500.0,21.995230527940823,0.032090219433696804,agent_1,0.030413864611096953
18,5,5400.0,4500.0,21.995230527940823,0.032090219433696804,agent_2,0.03534353405519341
18,10,900.0,0.0,0.0,0.0,agent_0,0.0
18,10,900.0,0.0,0.0,0.0,agent_1,0.0
18,10,900.0,0.0,0.0,0.0,agent_2,0.0
18,10,1200.0,300.0,2.9996774466423073,0.004514050801962159,agent_0,0.004322540290274913
18,10,1200.0,300.0,2.9996774466423073,0.004514050801962159,agent_1,0.004084353897125748
18,10,1200.0,300.0,2.9996774466423073,0.004514050801962159,agent_2,0.005118370091486522
18,10,1500.0,600.0,5.997404241276373,0.00906300134201153,agent_0,0.00866038087313558
18,10,1500.0,600.0,5.997404241276373,0.00906300134201153,agent_1,0.008203634330164657
18,10,1500.0,600.0,5.997404241276373,0.00906300134201153,agent_2,0.01030788387325756
18,10,1800.0,900.0,8.991199640663563,0.013633618507806741,agent_0,0.013002275636072778
18,10,1800.0,900.0,8.991199640663563,0.013633618507806741,agent_1,0.012349986060117167
18,10,1800.0,900.0,8.991199640663563,0.013633618507806741,agent_2,0.015545569961295256
18,10,2100.0,1200.0,11.97907582888956,0.018211813824891992,agent_0,0.017336754951289512
18,10,2100.0,1200.0,11.97907582888956,0.018211813824891992,agent_1,0.0165152125379027
18,10,2100.0,1200.0,11.97907582888956,0.018211813824891992,agent_2,0.020805931790863087
18,10,2400.0,1500.0,14.959069211684529,0.022782616722991263,agent_0,0.021652131073739724
18,10,2400.0,1500.0,14.959069211684529,0.022782616722991263,agent_1,0.020690768202241305
18,10,2400.0,1500.0,14.959069211684529,0.022782616722991263,agent_2,0.026060932311208342
18,10,2700.0,1800.0,17.929274926057037,0.027330178374397163,agent_0,0.025936495443140486
18,10,2700.0,1800.0,17.929274926057037,0.027330178374397163,agent_1,0.024867707504594994
18,10,2700.0,1800.0,17.929274926057037,0.027330178374397163,agent_2,0.03128009683588371
18,10,3000.0,2100.0,20.887884939179532,0.03183776207984151,agent_0,0.03017773011117298
18,10,3000.0,2100.0,20.887884939179532,0.03183776207984151,agent_1,0.029036685874897456
18,10,3000.0,2100.0,20.887884939179532,0.03183776207984151,agent_2,0.036430612278591436
18,10,3300.0,2400.0,23.83322974298332,0.036287738076010774,agent_0,0.034363491955655745
18,10,3300.0,2400.0,23.83322974298332,0.036287738076010774,agent_1,0.03318790206153468
18,10,3300.0,2400.0,23.83322974298332,0.036287738076010774,agent_2,0.04147751774486665
18,10,3600.0,2700.0,26.76382379407515,0.040661595363957345,agent_0,0.03848121972547497
18,10,3600.0,2700.0,26.76382379407515,0.040661595363957345,agent_1,0.037311081592265816
18,10,3600.0,2700.0,26.76382379407515,0.040661595363957345,agent_2,0.046383953482696826
18,10,3900.0,3000.0,29.678414892323776,0.04493995929415044,agent_0,0.042518131681125185
18,10,3900.0,3000.0,29.678414892323776,0.04493995929415044,agent_1,0.041395442616711034
18,10,3900.0,3000.0,29.678414892323776,0.04493995929415044,agent_2,0.051111482427097656
18,10,4200.0,3300.0,32.57603726855498,0.04910260137792177,agent_0,0.04646121004611732
18,10,4200.0,3300.0,32.57603726855498,0.04910260137792177,agent_1,0.04542964892489347
18,10,4200.0,3300.0,32.57603726855498,0.04910260137792177,agent_2,0.055620455050491804
18,10,4500.0,3600.0,35.456068533096115,0.0531284853713742,agent_0,0.05029720850379604
18,10,4500.0,3600.0,35.456068533096115,0.0531284853713742,agent_1,0.049401784079763936
18,10,4500.0,3600.0,35.456068533096115,0.0531284853713742,agent_2,0.05987046998840579
18,10,4800.0,3900.0,38.31829006968975,0.05699578727869655,agent_0,0.05401262767233573
18,10,4800.0,3900.0,38.31829006968975,0.05699578727869655,agent_1,0.053299293688520766
18,10,4800.0,3900.0,38.31829006968975,0.05699578727869655,agent_2,0.06382084271463304
18,10,5100.0,4200.0,41.16295075972125,0.06068196250915093,agent_0,0.05759372290336622
18,10,5100.0,4200.0,41.16295075972125,0.06068196250915093,agent_1,0.0571089567836381
18,10,5100.0,4200.0,41.16295075972125,0.06068196250915093,agent_2,0.06743116435545213
18,10,5400.0,4500.0,43.99083323945747,0.06416378833959921,agent_0,0.061026480642257845
18,10,5400.0,4500.0,43.99083323945747,0.06416378833959921,agent_1,0.06081682566479662
18,10,5400.0,4500.0,43.99083323945747,0.06416378833959921,agent_2,0.0706618457866116
18,25,900.0,0.0,0.0,0.0,agent_0,0.0
18,25,900.0,0.0,0.0,0.0,agent_1,0.0
18,25,900.0,0.0,0.0,0.0,agent_2,0.0
18,25,1200.0,300.0,7.499193619998347,0.011285091906322696,agent_0,0.010806339263557384
18,25,1200.0,300.0,7.499193619998347,0.011285091906322696,agent_1,0.010210908169234995
18,25,1200.0,300.0,7.499193619998347,0.011285091906322696,agent_2,0.012795880447415238
18,25,1500.0,600.0,14.993510713452,0.022657218166913618,agent_0,0.02165078225780594
18,25,1500.0,600.0,14.993510713452,0.022657218166913618,agent_1,0.020509079457665082
18,25,1500.0,600.0,14.993510713452,0.022657218166913618,agent_2,0.025769308395168385
18,25,1800.0,900.0,22.477999951307748,0.034083070767595786,agent_0,0.03250502287330495
18,25,1800.0,900.0,22.477999951307748,0.034083070767595786,agent_1,0.0308747169421232
18,25,1800.0,900.0,22.477999951307748,0.034083070767595786,agent_2,0.03886250127997689
18,25,2100.0,1200.0,29.947693200768253,0.045527196155891535,agent_0,0.043340195722825194
18,25,2100.0,1200.0,29.947693200768253,0.045527196155891535,agent_1,0.04128716605925365
18,25,2100.0,1200.0,29.947693200768253,0.045527196155891535,agent_2,0.052011341325829824
18,25,2400.0,1500.0,37.39768423656207,0.05695192911022892,agent_0,0.054126889648167406
18,25,2400.0,1500.0,37.39768423656207,0.05695192911022892,agent_1,0.05172489295741931
18,25,2400.0,1500.0,37.39768423656207,0.05695192911022892,agent_2,0.06514534559661153
18,25,2700.0,1800.0,44.823215500259025,0.06831740784257972,agent_0,0.06483514452968651
18,25,2700.0,1800.0,44.823215500259025,0.06831740784257972,agent_1,0.062165360474230255
18,25,2700.0,1800.0,44.823215500259025,0.06831740784257972,agent_2,0.07818793494581751
18,25,3000.0,2100.0,52.21977382687967,0.0795815531893588,agent_0,0.07543448128224635
18,25,3000.0,2100.0,52.21977382687967,0.0795815531893588,agent_1,0.07258503078436603
18,25,3000.0,2100.0,52.21977382687967,0.0795815531893588,agent_2,0.09105669438220787
18,25,3300.0,2400.0,59.58319511392643,0.090700060324063,agent_0,0.08589386585103084
18,25,3300.0,2400.0,59.58319511392643,0.090700060324063,agent_1,0.08295922268314704
18,25,3300.0,2400.0,59.58319511392643,0.090700060324063,agent_2,0.1036638649566422
18,25,3600.0,2700.0,66.90977836611184,0.1016264335085169,agent_0,0.09618172812194668
18,25,3600.0,2700.0,66.90977836611184,0.1016264335085169,agent_1,0.09326207251284317
18,25,3600.0,2700.0,66.90977836611184,0.1016264335085169,agent_2,0.11591698214392279
18,25,3900.0,3000.0,74.196409404456,0.11231203557235643,agent_0,0.10626595976072904
18,25,3900.0,3000.0,74.196409404456,0.11231203557235643,agent_1,0.103466449966709
18,25,3900.0,3000.0,74.196409404456,0.11231203557235643,agent_2,0.12771969759693136
18,25,4200.0,3300.0,81.44069382165762,0.1227061184831175,agent_0,0.11611387725624826
18,25,4200.0,3300.0,81.44069382165762,0.1227061184831175,agent_1,0.1135438430193939
18,25,4200.0,3300.0,81.44069382165762,0.1227061184831175,agent_2,0.13897270887181873
18,25,4500.0,3600.0,88.64109940116859,0.1327559450194346,agent_0,0.12569224371115714
18,25,4500.0,3600.0,88.64109940116859,0.1327559450194346,agent_1,0.12346429557930892
18,25,4500.0,3600.0,88.64109940116859,0.1327559450194346,agent_2,0.14957492874743006
18,25,4800.0,3900.0,95.79710696784093,0.14240684561845798,agent_0,0.13496721028728054
18,25,4800.0,3900.0,95.79710696784093,0.14240684561845798,agent_1,0.1331962655676131
18,25,4800.0,3900.0,95.79710696784093,0.14240684561845798,agent_2,0.1594246732979677
18,25,5100.0,4200.0,102.9093692674178,0.15160239323816657,agent_0,0.14390433865945004
18,25,5100.0,4200.0,102.9093692674178,0.15160239323816657,agent_1,0.1427065567959182
18,25,5100.0,4200.0,102.9093692674178,0.15160239323816657,agent_2,0.1684210728714743
18,25,5400.0,4500.0,109.97987608382856,0.16028451710599345,agent_0,0.15246854512918293
18,25,5400.0,4500.0,109.97987608382856,0.16028451710599345,agent_1,0.15196017157502825
18,25,5400.0,4500.0,109.97987608382856,0.16028451710599345,agent_2,0.1764654438644764
18,50,900.0,0.0,0.0,0.0,agent_0,0.0
18,50,900.0,0.0,0.0,0.0,agent_1,0.0
18,50,900.0,0.0,0.0,0.0,agent_2,0.0
18,50,1200.0,300.0,14.998387251347832,0.02257006602478549,agent_0,0.021612640596061116
18,50,1200.0,300.0,14.998387251347832,0.02257006602478549,agent_1,0.020421895266696823
18,50,1200.0,300.0,14.998387251347832,0.02257006602478549,agent_2,0.025591611076844822
18,50,1500.0,600.0,29.98702179589579,0.045313481264840506,agent_0,0.043300994627633205
18,50,1500.0,600.0,29.98702179589579,0.045313481264840506,agent_1,0.0410181351639469
18,50,1500.0,600.0,29.98702179589579,0.045313481264840506,agent_2,0.051537273883409625
18,50,1800.0,900.0,44.95600274577254,0.06816287728292618,agent_0,0.06500781414098174
18,50,1800.0,900.0,44.95600274577254,0.06816287728292618,agent_1,0.061748597577595904
18,50,1800.0,900.0,44.95600274577254,0.06816287728292618,agent_2,0.07772023879298144
18,50,2100.0,1200.0,59.89539854268613,0.09104656779604288,agent_0,0.08667472672712791
18,50,2100.0,1200.0,59.89539854268613,0.09104656779604288,agent_1,0.08257142505680881
18,50,2100.0,1200.0,59.89539854268613,0.09104656779604288,agent_2,0.10401101178630946
18,50,2400.0,1500.0,74.79540596876011,0.11388842562242119,agent_0,0.10824226955940028
18,50,2400.0,1500.0,74.79540596876011,0.11388842562242119,agent_1,0.10344298301902548
18,50,2400.0,1500.0,74.79540596876011,0.11388842562242119,agent_2,0.13026732388753473
18,50,2700.0,1800.0,89.64652528312445,0.13660792664773969,agent_0,0.12964989165668264
18,50,2700.0,1800.0,89.64652528312445,0.13660792664773969,agent_1,0.12431761725596925
18,50,2700.0,1800.0,89.64652528312445,0.13660792664773969,agent_2,0.15633470762497978
18,50,3000.0,2100.0,104.4397532650001,0.15912012045349483,agent_0,0.150836020817765
18,50,3000.0,2100.0,104.4397532650001,0.15912012045349483,agent_1,0.14514766241596788
18,50,3000.0,2100.0,104.4397532650001,0.15912012045349483,agent_2,0.18204706004830343
18,50,3300.0,2400.0,119.166794056578,0.18133563061207253,agent_0,0.17173800074073386
18,50,3300.0,2400.0,119.166794056578,0.18133563061207253,agent_1,0.16588316259597757
18,50,3300.0,2400.0,119.166794056578,0.18133563061207253,agent_2,0.20722767843924544
18,50,3600.0,2700.0,133.8202885407068,0.20316074068083534,agent_0,0.19229213687228017
18,50,3600.0,2700.0,133.8202885407068,0.20316074068083534,agent_1,0.18647179826558505
18,50,3600.0,2700.0,133.8202885407068,0.20316074068083534,agent_2,0.2316905913072341
18,50,3900.0,3000.0,148.3940628325437,0.224497512087091,agent_0,0.21243370094695768
18,50,3900.0,3000.0,148.3940628325437,0.224497512087091,agent_1,0.20685872427388238
18,50,3900.0,3000.0,148.3940628325437,0.224497512087091,agent_2,0.2552422609454045
18,50,4200.0,3300.0,162.88339482606048,0.2452438655854755,agent_0,0.2320968661202982
18,50,4200.0,3300.0,162.88339482606048,0.2452438655854755,agent_1,0.2269863468970613
18,50,4200.0,3300.0,162.88339482606048,0.2452438655854755,agent_2,0.2776835025737015
18,50,4500.0,3600.0,177.2852991798485,0.2652938462025741,agent_0,0.25121475974837393
18,50,4500.0,3600.0,177.2852991798485,0.2652938462025741,agent_1,0.24679420697899948
18,50,4500.0,3600.0,177.2852991798485,0.2652938462025741,agent_2,0.2988118812553269
18,50,4800.0,3900.0,191.59882851229264,0.2845377597564872,agent_0,0.2697193559057579
18,50,4800.0,3900.0,191.59882851229264,0.2845377597564872,agent_1,0.26621870513422324
18,50,4800.0,3900.0,191.59882851229264,0.2845377597564872,agent_2,0.31842414209719905
18,50,5100.0,4200.0,205.82538988386065,0.30286254615604846,agent_0,0.28754152993331134
18,50,5100.0,4200.0,205.82538988386065,0.30286254615604846,agent_1,0.28519297545527517
18,50,5100.0,4200.0,205.82538988386065,0.30286254615604846,agent_2,0.33631907830239743
18,50,5400.0,4500.0,219.9690727179047,0.32015203123590835,agent_0,0.30461095689088863
18,50,5400.0,4500.0,219.9690727179047,0.32015203123590835,agent_1,0.30364660200333304
18,50,5400.0,4500.0,219.9690727179047,0.32015203123590835,agent_2,0.35230031075771867
18,100,900.0,0.0,0.0,0.0,agent_0,0.0
18,100,900.0,0.0,0.0,0.0,agent_1,0.0
18,100,900.0,0.0,0.0,0.0,agent_2,0.0
18,100,1200.0,300.0,29.99677454843155,0.04513965764229902,agent_0,0.04322512636114363
18,100,1200.0,300.0,29.99677454843155,0.04513965764229902,agent_1,0.04084410409703991
18,100,1200.0,300.0,29.99677454843155,0.04513965764229902,agent_2,0.05118261747612118
18,100,1500.0,600.0,59.9740450786093,0.09062311413975527,agent_0,0.08659968513210256
18,100,1500.0,600.0,59.9740450786093,0.09062311413975527,agent_1,0.08203615391486271
18,100,1500.0,600.0,59.9740450786093,0.09062311413975527,agent_2,0.10306913489362174
18,100,1800.0,900.0,89.91201694660172,0.13631260299829068,agent_0,0.13000661901833574
18,100,1800.0,900.0,89.91201694660172,0.13631260299829068,agent_1,0.12349377824747496
18,100,1800.0,900.0,89.91201694660172,0.13631260299829068,agent_2,0.15542128292022805
18,100,2100.0,1200.0,119.79084599443927,0.18206161550793556,agent_0,0.17332660045005926
18,100,2100.0,1200.0,119.79084599443927,0.18206161550793556,agent_1,0.16513105133547956
18,100,2100.0,1200.0,119.79084599443927,0.18206161550793556,agent_2,0.20797501293949738
18,100,2400.0,1500.0,149.5909629538869,0.2277146954877327,agent_0,0.21643812797415563
18,100,2400.0,1500.0,149.5909629538869,0.2277146954877327,agent_1,0.2068584220857361
18,100,2400.0,1500.0,149.5909629538869,0.2277146954877327,agent_2,0.26044055486229967
18,100,2700.0,1800.0,179.29343020326937,0.27310758270166324,agent_0,0.25921756711347443
18,100,2700.0,1800.0,179.29343020326937,0.27310758270166324,agent_1,0.24858224963873748
18,100,2700.0,1800.0,179.29343020326937,0.27310758270166324,agent_2,0.31250373077012955
18,100,3000.0,2100.0,208.8803342025909,0.31806720633007085,agent_0,0.3015393129542379
18,100,3000.0,2100.0,208.8803342025909,0.31806720633007085,agent_1,0.2902048352761256
18,100,3000.0,2100.0,208.8803342025909,0.31806720633007085,agent_2,0.36382725410395644
18,100,3300.0,2400.0,238.33521309996968,0.36241175423210353,agent_0,0.3432757024073545
18,100,3300.0,2400.0,238.33521309996968,0.36241175423210353,agent_1,0.3316238881269663
18,100,3300.0,2400.0,238.33521309996968,0.36241175423210353,agent_2,0.4140530133584305
18,100,3600.0,2700.0,267.6435206783455,0.4059509130097882,agent_0,0.384297138874731
18,100,3600.0,2700.0,267.6435206783455,0.4059509130097882,agent_1,0.3727324008713991
18,100,3600.0,2700.0,267.6435206783455,0.4059509130097882,agent_2,0.4628049552913985
18,100,3900.0,3000.0,296.7931273250302,0.4484861810902097,agent_0,0.42447213769813114
18,100,3900.0,3000.0,296.7931273250302,0.4484861810902097,agent_1,0.4134183525370141
18,100,3900.0,3000.0,296.7931273250302,0.4484861810902097,agent_2,0.5096927275210519
18,100,4200.0,3300.0,325.77485557015757,0.4898111142969787,agent_0,0.46366723337631716
18,100,4200.0,3300.0,325.77485557015757,0.4898111142969787,agent_1,0.45356429224184636
18,100,4200.0,3300.0,325.77485557015757,0.4898111142969787,agent_2,0.5543157567628845
18,100,4500.0,3600.0,354.5830503690105,0.5297119427076081,agent_0,0.5017471224458284
18,100,4500.0,3600.0,354.5830503690105,0.5297119427076081,agent_1,0.4930471384139102
18,100,4500.0,3600.0,354.5830503690105,0.5297119427076081,agent_2,0.5962682730376375
18,100,4800.0,3900.0,383.2161791703293,0.5679679354002345,agent_0,0.5385744872279922
18,100,4800.0,3900.0,383.2161791703293,0.5679679354002345,agent_1,0.5317376661700305
18,100,4800.0,3900.0,383.2161791703293,0.5679679354002345,agent_2,0.6351443815819336
18,100,5100.0,4200.0,411.67745930376003,0.6043522404730293,agent_0,0.5740101436596684
18,100,5100.0,4200.0,411.67745930376003,0.6043522404730293,agent_1,0.5695002956324848
18,100,5100.0,4200.0,411.67745930376003,0.6043522404730293,agent_2,0.6705439752710527
18,100,5400.0,4500.0,439.97550448793174,0.6386324846627034,agent_0,0.6079128784918799
18,100,5400.0,4500.0,439.97550448793174,0.6386324846627034,agent_1,0.6061925709808887
18,100,5400.0,4500.0,439.97550448793174,0.6386324846627034,agent_2,0.7020784272249156
19,1,900.0,0.0,0.0,0.0,agent_0,0.0
19,1,900.0,0.0,0.0,0.0,agent_1,8.537736462515939e-07
19,1,900.0,0.0,0.0,0.0,agent_2,1.2074182697257333e-06
19,1,1200.0,300.0,0.29997202305265297,0.00042900915132589815,agent_0,0.00037691568281305633
19,1,1200.0,300.0,0.29997202305265297,0.00042900915132589815,agent_1,0.00038825773121939594
19,1,1200.0,300.0,0.29997202305265297,0.00042900915132589815,agent_2,0.0004699579954872443
19,1,1500.0,600.0,0.5997771048430847,0.0008556209215401648,agent_0,0.0007509622352291471
19,1,1500.0,600.0,0.5997771048430847,0.0008556209215401648,agent_1,0.0007723466879855803
19,1,1500.0,600.0,0.5997771048430847,0.0008556209215401648,agent_2,0.0009404765292516896
19,1,1800.0,900.0,0.8992515420270006,0.001279008490283788,agent_0,0.001121440053074874
19,1,1800.0,900.0,0.8992515420270006,0.001279008490283788,agent_1,0.0011515710208008715
19,1,1800.0,900.0,0.8992515420270006,0.001279008490283788,agent_2,0.0014105637775243026
19,1,2100.0,1200.0,1.1982365411450622,0.001698358375279273,agent_0,0.0014876645041176392
19,1,2100.0,1200.0,1.1982365411450622,0.001698358375279273,agent_1,0.001525250071593599
19,1,2100.0,1200.0,1.1982365411450622,0.001698358375279273,agent_2,0.0018792560656337078
19,1,2400.0,1500.0,1.4965797021235645,0.0021128741641868254,agent_0,0.0018489686046010744
19,1,2400.0,1500.0,1.4965797021235645,0.0021128741641868254,agent_1,0.0018927177774177909
19,1,2400.0,1500.0,1.4965797021235645,0.0021128741641868254,agent_2,0.002345607876146191
19,1,2700.0,1800.0,1.794136451658572,0.0025217755105431433,agent_0,0.0022046974898454635
19,1,2700.0,1800.0,1.794136451658572,0.0025217755105431433,agent_1,0.0022533242694689056
19,1,2700.0,1800.0,1.794136451658572,0.0025217755105431433,agent_2,0.0028086934103394292
19,1,3000.0,2100.0,2.090771451596695,0.002924299873094128,agent_0,0.002554209947842693
19,1,3000.0,2100.0,2.090771451596695,0.002924299873094128,agent_1,0.002606432930947173
19,1,3000.0,2100.0,2.090771451596695,0.002924299873094128,agent_2,0.0032676076907098167
19,1,3300.0,2400.0,2.3863599720052977,0.003319699097228723,agent_0,0.002896879647977773
19,1,3300.0,2400.0,2.3863599720052977,0.003319699097228723,agent_1,0.002951420045263955
19,1,3300.0,2400.0,2.3863599720052977,0.003319699097228723,agent_2,0.0037214642735957214
19,1,3600.0,2700.0,2.6807892410865737,0.0037072407048653784,agent_0,0.0032320917087968657
19,1,3600.0,2700.0,2.6807892410865737,0.0037072407048653784,agent_1,0.003287675790449604
19,1,3600.0,2700.0,2.6807892410865737,0.0037072407048653784,agent_2,0.004169397024472379
19,1,3900.0,3000.0,2.973959776812064,0.0040862045554845156,agent_0,0.0035592427639977255
19,1,3900.0,3000.0,2.973959776812064,0.0040862045554845156,agent_1,0.00361460185595762
19,1,3900.0,3000.0,2.973959776812064,0.0040862045554845156,agent_2,0.0046105544503801475
19,1,4200.0,3300.0,3.2657866987889115,0.004455885558099487,agent_0,0.0038777409329349057
19,1,4200.0,3300.0,3.2657866987889115,0.004455885558099487,agent_1,0.003931610677491288
19,1,4200.0,3300.0,3.2657866987889115,0.004455885558099487,agent_2,0.005044104385941175
19,1,4500.0,3600.0,3.5562010302241425,0.004815589821905265,agent_0,0.004187005457631
19,1,4500.0,3600.0,3.5562010302241425,0.004815589821905265,agent_1,0.004238126189203726
19,1,4500.0,3600.0,3.5562010302241425,0.004815589821905265,agent_2,0.005469230331511948
19,1,4800.0,3900.0,3.845150979649525,0.005164637053246465,agent_0,0.00448646588898199
19,1,4800.0,3900.0,3.845150979649525,0.005164637053246465,agent_1,0.004533583484595372
19,1,4800.0,3900.0,3.845150979649525,0.005164637053246465,agent_2,0.005885132903894741
19,1,5100.0,4200.0,4.132603220199685,0.005502355286969954,agent_0,0.004775559900725224
19,1,5100.0,4200.0,4.132603220199685,0.005502355286969954,agent_1,0.004817424590480545
19,1,5100.0,4200.0,4.132603220199685,0.005502355286969954,agent_2,0.006291024438665721
19,1,5400.0,4500.0,4.418544147036746,0.005828086859678379,agent_0,0.005053735459363035
19,1,5400.0,4500.0,4.418544147036746,0.005828086859678379,agent_1,0.005089103794168262
19,1,5400.0,4500.0,4.418544147036746,0.005828086859678379,agent_2,0.006686135608879143
19,5,900.0,0.0,0.0,0.0,agent_0,0.0
19,5,900.0,0.0,0.0,0.0,agent_1,8.537736462515939e-07
19,5,900.0,0.0,0.0,0.0,agent_2,1.2074182697257333e-06
19,5,1200.0,300.0,1.4998601153922542,0.002145033693105992,agent_0,0.001884576867000308
19,5,1200.0,300.0,1.4998601153922542,0.002145033693105992,agent_1,0.0019412802077011337
19,5,1200.0,300.0,1.4998601153922542,0.002145033693105992,agent_2,0.002349803316606402
19,5,1500.0,600.0,2.998885528318598,0.004278090636974154,agent_0,0.00375479574325581
19,5,1500.0,600.0,2.998885528318598,0.004278090636974154,agent_1,0.003861703239382384
19,5,1500.0,600.0,2.998885528318598,0.004278090636974154,agent_2,0.004702407837035849
19,5,1800.0,900.0,4.496257741099743,0.00639500535286274,agent_0,0.00560715405275011
19,5,1800.0,900.0,4.496257741099743,0.00639500535286274,agent_1,0.005757778451099142
19,5,1800.0,900.0,4.496257741099743,0.00639500535286274,agent_2,0.007052864573739772
19,5,2100.0,1200.0,5.991182835114994,0.00849170179503804,agent_0,0.0074382268314224
19,5,2100.0,1200.0,5.991182835114994,0.00849170179503804,agent_1,0.007626095949685737
19,5,2100.0,1200.0,5.991182835114994,0.00849170179503804,agent_2,0.009396332314309799
19,5,2400.0,1500.0,7.4828989018836936,0.010564192885766469,agent_0,0.009244666492198532
19,5,2400.0,1500.0,7.4828989018836936,0.010564192885766469,agent_1,0.00946332416005663
19,5,2400.0,1500.0,7.4828989018836936,0.010564192885766469,agent_2,0.011728074920607347
19,5,2700.0,1800.0,8.970683222243997,0.012608572997202111,agent_0,0.011023195287829617
19,5,2700.0,1800.0,8.970683222243997,0.012608572997202111,agent_1,0.0112662040216902
19,5,2700.0,1800.0,8.970683222243997,0.012608572997202111,agent_2,0.014043454939614322
19,5,3000.0,2100.0,10.453859319413516,0.014621020679769349,agent_0,0.012770607127072469
19,5,3000.0,2100.0,10.453859319413516,0.014621020679769349,agent_1,0.013031549207242086
19,5,3000.0,2100.0,10.453859319413516,0.014621020679769349,agent_2,0.016337937898468474
19,5,3300.0,2400.0,11.931803834033296,0.016597788379190632,agent_0,0.014483759385106588
19,5,3300.0,2400.0,11.931803834033296,0.016597788379190632,agent_1,0.014756238467514669
19,5,3300.0,2400.0,11.931803834033296,0.016597788379190632,agent_2,0.01860708087532896
19,5,3600.0,2700.0,13.403953276376523,0.01853520915353175,agent_0,0.016159577408195264
19,5,3600.0,2700.0,13.403953276376523,0.01853520915353175,agent_1,0.016437219436535314
19,5,3600.0,2700.0,13.403953276376523,0.01853520915353175,agent_2,0.020846542509829785
19,5,3900.0,3000.0,14.869810703622417,0.020429676935975388,agent_0,0.017795039184125196
19,5,3900.0,3000.0,14.869810703622417,0.020429676935975388,agent_1,0.018071493573050094
19,5,3900.0,3000.0,14.869810703622417,0.020429676935975388,agent_2,0.02305205901053806
19,5,4200.0,3300.0,16.328952267677675,0.022277660024911165,agent_0,0.019387184855302178
19,5,4200.0,3300.0,16.328952267677675,0.022277660024911165,agent_1,0.019656125406050197
19,5,4200.0,3300.0,16.328952267677675,0.022277660024911165,agent_2,0.025219461824387626
19,5,4500.0,3600.0,17.781033734774145,0.02407568696847094,agent_0,0.02093310601850846
19,5,4500.0,3600.0,17.781033734774145,0.02407568696847094,agent_1,0.021188231515904158
19,5,4500.0,3600.0,17.781033734774145,0.02407568696847094,agent_2,0.027344661082205422
19,5,4800.0,3900.0,19.22579689161517,0.025820351949804306,agent_0,0.022429949113355836
19,5,4800.0,3900.0,19.22579689161517,0.025820351949804306,agent_1,0.022664984442767405
19,5,4800.0,3900.0,19.22579689161517,0.025820351949804306,agent_2,0.02942365302319662
19,5,5100.0,4200.0,20.663075938227493,0.027508294352445065,agent_0,0.02387489961012715
19,5,5100.0,4200.0,20.663075938227493,0.027508294352445065,agent_1,0.024083596167608606
19,5,5100.0,4200.0,20.663075938227493,0.027508294352445065,agent_2,0.03145249445687187
19,5,5400.0,4500.0,22.09280376920962,0.029136222902047045,agent_0,0.025265200090154236
19,5,5400.0,4500.0,22.09280376920962,0.029136222902047045,agent_1,0.025441336857666873
19,5,5400.0,4500.0,22.09280376920962,0.029136222902047045,agent_2,0.03342733439538299
19,10,900.0,0.0,0.0,0.0,agent_0,0.0
19,10,900.0,0.0,0.0,0.0,agent_1,8.537736462515939e-07
19,10,900.0,0.0,0.0,0.0,agent_2,1.2074182697257333e-06
19,10,1200.0,300.0,2.999720231110598,0.004290063139187665,agent_0,0.0037691466756447894
19,10,1200.0,300.0,2.999720231110598,0.004290063139187665,agent_1,0.003882544645387737
19,10,1200.0,300.0,2.999720231110598,0.004290063139187665,agent_2,0.004699628271208119
19,10,1500.0,600.0,5.997771066922857,0.008556152101151099,agent_0,0.007509551935857514
19,10,1500.0,600.0,5.997771066922857,0.008556152101151099,agent_1,0.0077233319703598
19,10,1500.0,600.0,5.997771066922857,0.008556152101151099,agent_2,0.009404883538229838
19,10,1800.0,900.0,8.992515559701955,0.012789912926841472,agent_0,0.011214194140937574
19,10,1800.0,900.0,8.992515559701955,0.012789912926841472,agent_1,0.011515364484528442
19,10,1800.0,900.0,8.992515559701955,0.012789912926841472,agent_2,0.014105841827702881
19,10,2100.0,1200.0,11.982365994042205,0.01698317356193183,agent_0,0.014876209555303114
19,10,2100.0,1200.0,11.982365994042205,0.01698317356193183,agent_1,0.015251807467302684
19,10,2100.0,1200.0,11.982365994042205,0.01698317356193183,agent_2,0.018792793292897007
19,10,2400.0,1500.0,14.965798782822155,0.02112794032353275,agent_0,0.01848888803715596
19,10,2400.0,1500.0,14.965798782822155,0.02112794032353275,agent_1,0.018925984132502946
19,10,2400.0,1500.0,14.965798782822155,0.02112794032353275,agent_2,0.023456239665523085
19,10,2700.0,1800.0,17.941368856371845,0.025216383679206426,agent_0,0.022045660938991934
19,10,2700.0,1800.0,17.941368856371845,0.025216383679206426,agent_1,0.022531362971734126
19,10,2700.0,1800.0,17.941368856371845,0.025216383679206426,agent_2,0.028086880491146507
19,10,3000.0,2100.0,20.907723796056843,0.029240843485089752,agent_0,0.025540103680206025
19,10,3000.0,2100.0,20.907723796056843,0.029240843485089752,agent_1,0.026061560052810368
19,10,3000.0,2100.0,20.907723796056843,0.029240843485089752,agent_2,0.03267562203017099
19,10,3300.0,2400.0,23.863617607828917,0.0331938086868942,agent_0,0.02896591991863499
19,10,3300.0,2400.0,23.863617607828917,0.0331938086868942,agent_1,0.02951032232088806
19,10,3300.0,2400.0,23.863617607828917,0.0331938086868942,agent_2,0.03721355511437732
19,10,3600.0,2700.0,26.807924244965513,0.03706793091816969,agent_0,0.03231695024131684
19,10,3600.0,2700.0,26.807924244965513,0.03706793091816969,agent_1,0.032871536552839455
19,10,3600.0,2700.0,26.807924244965513,0.03706793091816969,agent_2,0.04169197415516686
19,10,3900.0,3000.0,29.739650979665413,0.040855985269103695,agent_0,0.03558714196119625
19,10,3900.0,3000.0,29.739650979665413,0.040855985269103695,agent_1,0.036139198063416596
19,10,3900.0,3000.0,29.739650979665413,0.040855985269103695,agent_2,0.04610233079040491
19,10,4200.0,3300.0,32.65795150488789,0.044550897007439715,agent_0,0.03877056799443037
19,10,4200.0,3300.0,32.65795150488789,0.044550897007439715,agent_1,0.039307430015008984
19,10,4200.0,3300.0,32.65795150488789,0.044550897007439715,agent_2,0.05043626837074023
19,10,4500.0,3600.0,35.56213897888749,0.048145713816530045,agent_0,0.041861405459781176
19,10,4500.0,3600.0,35.56213897888749,0.048145713816530045,agent_1,0.04237046150279513
19,10,4500.0,3600.0,35.56213897888749,0.048145713816530045,agent_2,0.054685589439939244
19,10,4800.0,3900.0,38.45169883475886,0.05163361637627693,agent_0,0.04485394259515131
19,10,4800.0,3900.0,38.45169883475886,0.05163361637627693,agent_1,0.04532263460400737
19,10,4800.0,3900.0,38.45169883475886,0.05163361637627693,agent_2,0.05884227031490683
19,10,5100.0,4200.0,41.32630155722605,0.055007877689765644,agent_0,0.04774254747550873
19,10,5100.0,4200.0,41.32630155722605,0.055007877689765644,agent_1,0.048158372590097615
19,10,5100.0,4200.0,41.32630155722605,0.055007877689765644,agent_2,0.06289841074518437
19,10,5400.0,4500.0,44.1858152294163,0.05826191157483809,agent_0,0.05052170376156244
19,10,5400.0,4500.0,44.1858152294163,0.05826191157483809,agent_1,0.050872216440155806
19,10,5400.0,4500.0,44.1858152294163,0.05826191157483809,agent_2,0.0668462966600093
19,25,900.0,0.0,0.0,0.0,agent_0,0.0
19,25,900.0,0.0,0.0,0.0,agent_1,8.537736462515939e-07
19,25,900.0,0.0,0.0,0.0,agent_2,1.2074182697257333e-06
19,25,1200.0,300.0,7.499300580213195,0.010725129842741784,agent_0,0.009422812441256988
19,25,1200.0,300.0,7.499300580213195,0.010725129842741784,agent_1,0.009706242629529538
19,25,1200.0,300.0,7.499300580213195,0.010725129842741784,agent_2,0.011749232226885427
19,25,1500.0,600.0,14.99442774462543,0.02139016062900645,agent_0,0.01877358006307492
19,25,1500.0,600.0,14.99442774462543,0.02139016062900645,agent_1,0.019307769692429203
19,25,1500.0,600.0,14.99442774462543,0.02139016062900645,agent_2,0.02351271839464033
19,25,1800.0,900.0,22.481289481771437,0.031974046781048676,agent_0,0.028034630357955694
19,25,1800.0,900.0,22.481289481771437,0.031974046781048676,agent_1,0.028786966909797543
19,25,1800.0,900.0,22.481289481771437,0.031974046781048676,agent_2,0.035265447247916346
19,25,2100.0,1200.0,29.955917418805793,0.04245620452905862,agent_0,0.03718869076717765
19,25,2100.0,1200.0,29.955917418805793,0.04245620452905862,agent_1,0.038126634138237504
19,25,2100.0,1200.0,29.955917418805793,0.04245620452905862,agent_2,0.046982942906358065
19,25,2400.0,1500.0,37.41450431511086,0.05281650318370691,agent_0,0.04621887878465433
19,25,2400.0,1500.0,37.41450431511086,0.05281650318370691,agent_1,0.04730997431976853
19,25,2400.0,1500.0,37.41450431511086,0.05281650318370691,agent_2,0.0586412628325667
19,25,2700.0,1800.0,44.85344026647729,0.06303523065194812,agent_0,0.05510867254846259
19,25,2700.0,1800.0,44.85344026647729,0.06303523065194812,agent_1,0.05632056211648974
19,25,2700.0,1800.0,44.85344026647729,0.06303523065194812,agent_2,0.07021696374684339
19,25,3000.0,2100.0,52.26934824451251,0.07309310713374476,agent_0,0.06384191871024367
19,25,3000.0,2100.0,52.26934824451251,0.07309310713374476,agent_1,0.06514235111946837
19,25,3000.0,2100.0,52.26934824451251,0.07309310713374476,agent_2,0.08168712566384696
19,25,3300.0,2400.0,59.659118706417026,0.08297123598941063,agent_0,0.0724027922512503
19,25,3300.0,2400.0,59.659118706417026,0.08297123598941063,agent_1,0.07375963166731443
19,25,3300.0,2400.0,59.659118706417026,0.08297123598941063,agent_2,0.09302929822879005
19,25,3600.0,2700.0,67.0199435456977,0.09265113800216931,agent_0,0.0807758199662071
19,25,3600.0,2700.0,67.0199435456977,0.09265113800216931,agent_1,0.0821570545856082
19,25,3600.0,2700.0,67.0199435456977,0.09265113800216931,agent_2,0.10422154910466909
19,25,3900.0,3000.0,74.34934962763519,0.10211465473339135,agent_0,0.08894580467489303
19,25,3900.0,3000.0,74.34934962763519,0.10211465473339135,agent_1,0.0903195527652794
19,25,3900.0,3000.0,74.34934962763519,0.10211465473339135,agent_2,0.11524234968157289
19,25,4200.0,3300.0,81.64523161313465,0.11134401514509697,agent_0,0.09689787346894983
19,25,4200.0,3300.0,81.64523161313465,0.11134401514509697,agent_1,0.09823239060935524
19,25,4200.0,3300.0,81.64523161313465,0.11134401514509697,agent_2,0.12607066218474816
19,25,4500.0,3600.0,88.90588459538347,0.12032176784738044,agent_0,0.10461742428629596
19,25,4500.0,3600.0,88.90588459538347,0.12032176784738044,agent_1,0.10588110900105113
19,25,4500.0,3600.0,88.90588459538347,0.12032176784738044,agent_2,0.13668585975603992
19,25,4800.0,3900.0,96.13003610388222,0.12903080767801012,agent_0,0.11209014391525574
19,25,4800.0,3900.0,96.13003610388222,0.12903080767801012,agent_1,0.1132515436053038
19,25,4800.0,3900.0,96.13003610388222,0.12903080767801012,agent_2,0.14706776378656788
19,25,5100.0,4200.0,103.31687797751316,0.1374542748771774,agent_0,0.11930193015718182
19,25,5100.0,4200.0,103.31687797751316,0.1374542748771774,agent_1,0.12032974597438802
19,25,5100.0,4200.0,103.31687797751316,0.1374542748771774,agent_2,0.1571965189810496
19,25,5400.0,4500.0,110.46609761021729,0.14557567654778011,agent_0,0.12623898157608074
19,25,5400.0,4500.0,110.46609761021729,0.14557567654778011,agent_1,0.12710207450054525
19,25,5400.0,4500.0,110.46609761021729,0.14557567654778011,agent_2,0.16705275128831723
19,50,900.0,0.0,0.0,0.0,agent_0,0.0
19,50,900.0,0.0,0.0,0.0,agent_1,8.537736462515939e-07
19,50,900.0,0.0,0.0,0.0,agent_2,1.2074182697257333e-06
19,50,1200.0,300.0,14.998601168572767,0.02145016710946524,agent_0,0.018845442864074764
19,50,1200.0,300.0,14.998601168572767,0.02145016710946524,agent_1,0.01941208795686385
19,50,1200.0,300.0,14.998601168572767,0.02145016710946524,agent_2,0.023499001361965744
19,50,1500.0,600.0,29.988855748077324,0.04277958620629945,agent_0,0.037546158403569514
19,50,1500.0,600.0,29.988855748077324,0.04277958620629945,agent_1,0.0386136697089973
19,50,1500.0,600.0,29.988855748077324,0.04277958620629945,agent_2,0.04702713127532697
19,50,1800.0,900.0,44.962580913557204,0.06394563119678573,agent_0,0.056066404000720375
19,50,1800.0,900.0,44.962580913557204,0.06394563119678573,agent_1,0.05756911248378793
19,50,1800.0,900.0,44.962580913557204,0.06394563119678573,agent_2,0.07053368920030216
19,50,2100.0,1200.0,59.91184298409416,0.08490662017535626,agent_0,0.07437125534917148
19,50,2100.0,1200.0,59.91184298409416,0.08490662017535626,agent_1,0.07624363723323713
19,50,2100.0,1200.0,59.91184298409416,0.08490662017535626,agent_2,0.09396905134451806
19,50,2400.0,1500.0,74.82903325829014,0.10562180167140206,agent_0,0.09242658969034129
19,50,2400.0,1500.0,74.82903325829014,0.10562180167140206,agent_1,0.0946032987183011
19,50,2400.0,1500.0,74.82903325829014,0.10562180167140206,agent_2,0.11728467238673496
19,50,2700.0,1800.0,89.70694119484007,0.12605128905897697,agent_0,0.11019902950239883
19,50,2700.0,1800.0,89.70694119484007,0.12605128905897697,agent_1,0.1126149248906526
19,50,2700.0,1800.0,89.70694119484007,0.12605128905897697,agent_2,0.14043302298365243
19,50,3000.0,2100.0,104.5388261756458,0.14615609154985312,agent_0,0.12765596048933547
19,50,3000.0,2100.0,104.5388261756458,0.14615609154985312,agent_1,0.13024613367842872
19,50,3000.0,2100.0,104.5388261756458,0.14615609154985312,agent_2,0.163367642528366
19,50,3300.0,2400.0,119.31848731003056,0.16589801873812324,agent_0,0.14476545329587234
19,50,3300.0,2400.0,119.31848731003056,0.16589801873812324,agent_1,0.14746525033679347
19,50,3300.0,2400.0,119.31848731003056,0.16589801873812324,agent_2,0.18604303693698135
19,50,3600.0,2700.0,134.04033180878963,0.18523975236797202,agent_0,0.16149631261726666
19,50,3600.0,2700.0,134.04033180878963,0.18523975236797202,agent_1,0.16424135683894517
19,50,3600.0,2700.0,134.04033180878963,0.18523975236797202,agent_2,0.2084147797478683
19,50,3900.0,3000.0,148.69944241045874,0.2041446555824225,agent_0,0.17781792742272554
19,50,3900.0,3000.0,148.69944241045874,0.2041446555824225,agent_1,0.1805441367012595
19,50,3900.0,3000.0,148.69944241045874,0.2041446555824225,agent_2,0.23043928789954377
19,50,4200.0,3300.0,163.2916432443342,0.22257690870505648,agent_0,0.19370036920462746
19,50,4200.0,3300.0,163.2916432443342,0.22257690870505648,agent_1,0.19634397522522803
19,50,4200.0,3300.0,163.2916432443342,0.22257690870505648,agent_2,0.2520739999554373
19,50,4500.0,3600.0,177.81356518170776,0.24050137612932013,agent_0,0.2091142866500516
19,50,4500.0,3600.0,177.81356518170776,0.24050137612932013,agent_1,0.21161185090522144
19,50,4500.0,3600.0,177.81356518170776,0.24050137612932013,agent_2,0.2732772199498801
19,50,4800.0,3900.0,192.2627097649485,0.25788366162928905,agent_0,0.22403094316296426
19,50,4800.0,3900.0,192.2627097649485,0.25788366162928905,agent_1,0.22631937320264656
19,50,4800.0,3900.0,192.2627097649485,0.25788366162928905,agent_2,0.29400819556968244
19,50,5100.0,4200.0,206.63751270995178,0.2746899088726578,agent_0,0.23842206272952385
19,50,5100.0,4200.0,206.63751270995178,0.2746899088726578,agent_1,0.2404386261226859
19,50,5100.0,4200.0,206.63751270995178,0.2746899088726578,agent_2,0.31422687165036944
19,50,5400.0,4500.0,220.93740597866577,0.2908870459042445,agent_0,0.2522600103546377
19,50,5400.0,4500.0,220.93740597866577,0.2908870459042445,agent_1,0.2539423507421734
19,50,5400.0,4500.0,220.93740597866577,0.2908870459042445,agent_2,0.33389420893596133
19,100,900.0,0.0,0.0,0.0,agent_0,0.0
19,100,900.0,0.0,0.0,0.0,agent_1,8.537736462515939e-07
19,100,900.0,0.0,0.0,0.0,agent_2,1.2074182697257333e-06
19,100,1200.0,300.0,29.997202369997197,0.042899961238278266,agent_0,0.037690155519823465
19,100,1200.0,300.0,29.997202369997197,0.042899961238278266,agent_1,0.03882258491617879
19,100,1200.0,300.0,29.997202369997197,0.042899961238278266,agent_2,0.04700014625651174
19,100,1500.0,600.0,59.977712539824196,0.08555620857492624,agent_0,0.0750882942243417
19,100,1500.0,600.0,59.977712539824196,0.08555620857492624,agent_1,0.07721984420916923
19,100,1500.0,600.0,59.977712539824196,0.08555620857492624,agent_2,0.09406100945078921
19,100,1800.0,900.0,89.92516968937655,0.12788133435816196,agent_0,0.11212132920494453
19,100,1800.0,900.0,89.92516968937655,0.12788133435816196,agent_1,0.11511888623910681
19,100,1800.0,900.0,89.92516968937655,0.12788133435816196,agent_2,0.1410784515063362
19,100,2100.0,1200.0,119.82371881002737,0.16978990298892502,agent_0,0.14871788660570232
19,100,2100.0,1200.0,119.82371881002737,0.16978990298892502,agent_1,0.15244862986463867
19,100,2100.0,1200.0,119.82371881002737,0.16978990298892502,agent_2,0.18795051278661964
19,100,2400.0,1500.0,149.65816578718,0.21119843947914,agent_0,0.18480828334461946
19,100,2400.0,1500.0,149.65816578718,0.21119843947914,agent_1,0.18913977486214636
19,100,2400.0,1500.0,149.65816578718,0.21119843947914,agent_2,0.2345774395590716
19,100,2700.0,1800.0,179.41412685925272,0.2520253131524543,agent_0,0.22032442506829
19,100,2700.0,1800.0,179.41412685925272,0.2520253131524543,agent_1,0.22512469020828277
19,100,2700.0,1800.0,179.41412685925272,0.2520253131524543,agent_2,0.28086158174103404
19,100,3000.0,2100.0,209.07817487775515,0.29219081358415355,agent_0,0.25519985157344605
19,100,3000.0,2100.0,209.07817487775515,0.29219081358415355,agent_1,0.26033745630206045
19,100,3000.0,2100.0,209.07817487775515,0.29219081358415355,agent_2,0.3267075198153709
19,100,3300.0,2400.0,238.63798123742265,0.33161697278647545,agent_0,0.289369589151461
19,100,3300.0,2400.0,238.63798123742265,0.33161697278647545,agent_1,0.2947137076596308
19,100,3300.0,2400.0,238.63798123742265,0.33161697278647545,agent_2,0.3720218806486336
19,100,3600.0,2700.0,268.08245448726274,0.3702277205562528,agent_0,0.3227702569750223
19,100,3600.0,2700.0,268.08245448726274,0.3702277205562528,agent_1,0.32819073863927856
19,100,3600.0,2700.0,268.08245448726274,0.3702277205562528,agent_2,0.4167135587036348
19,100,3900.0,3000.0,297.401876546577,0.4079485144406595,agent_0,0.3553397753135479
19,100,3900.0,3000.0,297.401876546577,0.4079485144406595,agent_1,0.3607072000478606
19,100,3900.0,3000.0,297.401876546577,0.4079485144406595,agent_2,0.4606932853952081
19,100,4200.0,3300.0,326.5880352413704,0.44470662119981114,agent_0,0.38701756865902304
19,100,4200.0,3300.0,326.5880352413704,0.44470662119981114,agent_1,0.3922033051013843
19,100,4200.0,3300.0,326.5880352413704,0.44470662119981114,agent_2,0.5038740022249513
19,100,4500.0,3600.0,355.6343552343389,0.48043086029019455,agent_0,0.41774436164464884
19,100,4500.0,3600.0,355.6343552343389,0.48043086029019455,agent_1,0.42262061781502147
19,100,4500.0,3600.0,355.6343552343389,0.48043086029019455,agent_2,0.5461705638902458
19,100,4800.0,3900.0,384.53602547620864,0.5150517227891437,agent_0,0.447462259629276
19,100,4800.0,3900.0,384.53602547620864,0.5150517227891437,agent_1,0.4519021329043351
19,100,4800.0,3900.0,384.53602547620864,0.5150517227891437,agent_2,0.5874999089953148
19,100,5100.0,4200.0,413.290125132553,0.548500981208364,agent_0,0.4761144463438763
19,100,5100.0,4200.0,413.290125132553,0.548500981208364,agent_1,0.47999196806474465
19,100,5100.0,4200.0,413.290125132553,0.548500981208364,agent_2,0.6277805807511972
19,100,5400.0,4500.0,441.8957459388673,0.5807121841720201,agent_0,0.5036455484437153
19,100,5400.0,4500.0,441.8957459388673,0.5807121841720201,agent_1,0.5068357311963014
19,100,5400.0,4500.0,441.8957459388673,0.5807121841720201,agent_2,0.6669333760771521
20,1,900.0,0.0,0.0,0.0,agent_0,8.537736462515939e-07
20,1,900.0,0.0,0.0,0.0,agent_1,8.537736462515939e-07
20,1,900.0,0.0,0.0,0.0,agent_2,0.0
20,1,1200.0,300.0,0.2999525506431222,0.0005111930048206585,agent_0,0.0005071731661354989
20,1,1200.0,300.0,0.2999525506431222,0.0005111930048206585,agent_1,0.0005141121205090249
20,1,1200.0,300.0,0.2999525506431222,0.0005111930048206585,agent_2,0.0004527802412544398
20,1,1500.0,600.0,0.5996233601449681,0.0010169229052314226,agent_0,0.0010232825314642105
20,1,1500.0,600.0,0.5996233601449681,0.0010169229052314226,agent_1,0.0010367245105288617
20,1,1500.0,600.0,0.5996233601449681,0.0010169229052314226,agent_2,0.0008934381212689607
20,1,1800.0,900.0,0.8987416135335796,0.001514810042278433,agent_0,0.0015460758746742376
20,1,1800.0,900.0,0.8987416135335796,0.001514810042278433,agent_1,0.0015650860957408365
20,1,1800.0,900.0,0.8987416135335796,0.001514810042278433,agent_2,0.001320945110032222
20,1,2100.0,1200.0,1.1970538179001322,0.0020025819158683866,agent_0,0.002073175845636018
20,1,2100.0,1200.0,1.1970538179001322,0.0020025819158683866,agent_1,0.0020963324864286233
20,1,2100.0,1200.0,1.1970538179001322,0.0020025819158683866,agent_2,0.0017343835322731075
20,1,2400.0,1500.0,1.4943293491003833,0.002478085472512008,agent_0,0.002602088761898993
20,1,2400.0,1500.0,1.4943293491003833,0.002478085472512008,agent_1,0.002627520820348311
20,1,2400.0,1500.0,1.4943293491003833,0.002478085472512008,agent_2,0.002132911294108892
20,1,2700.0,1800.0,1.7903655287911162,0.0029392930681832728,agent_0,0.003130208868897777
20,1,2700.0,1800.0,1.7903655287911162,0.0029392930681832728,agent_1,0.0031556422207585947
20,1,2700.0,1800.0,1.7903655287911162,0.0029392930681832728,agent_2,0.0025157767185923666
20,1,3000.0,2100.0,2.084992238438911,0.003384307796042869,agent_0,0.003654832466409803
20,1,3000.0,2100.0,2.084992238438911,0.003384307796042869,agent_1,0.003677651462405325
20,1,3000.0,2100.0,2.084992238438911,0.003384307796042869,agent_2,0.002882299366559297
20,1,3300.0,2400.0,2.378076044614459,0.0038113635616434916,agent_0,0.004173172746910427
20,1,3300.0,2400.0,2.378076044614459,0.0038113635616434916,agent_1,0.0041904930082310304
20,1,3300.0,2400.0,2.378076044614459,0.0038113635616434916,agent_2,0.0032318641423278753
20,1,3600.0,2700.0,2.6695238336990563,0.004218830534362293,agent_0,0.004682376769112714
20,1,3600.0,2700.0,2.6695238336990563,0.004218830534362293,agent_1,0.004691132312518882
20,1,3600.0,2700.0,2.6695238336990563,0.004218830534362293,agent_2,0.003563918019872616
20,1,3900.0,3000.0,2.9592859549622177,0.004605213341598573,agent_0,0.005179543906886766
20,1,3900.0,3000.0,2.9592859549622177,0.004605213341598573,agent_1,0.005176581135889672
20,1,3900.0,3000.0,2.9592859549622177,0.004605213341598573,agent_2,0.0038779616126623823
20,1,4200.0,3300.0,3.2473588509150906,0.004969152224354169,agent_0,0.005661749774858886
20,1,4200.0,3300.0,3.2473588509150906,0.004969152224354169,agent_1,0.005643930924783016
20,1,4200.0,3300.0,3.2473588509150906,0.004969152224354169,agent_2,0.004173544865446925
20,1,4500.0,3600.0,3.5337871873765834,0.005309420133753118,agent_0,0.006126068357892566
20,1,4500.0,3600.0,3.5337871873765834,0.005309420133753118,agent_1,0.006090379153258683
20,1,4500.0,3600.0,3.5337871873765834,0.005309420133753118,agent_2,0.004450262352909135
20,1,4800.0,3900.0,3.818665458367605,0.005624921458611785,agent_0,0.006569598758675618
20,1,4800.0,3900.0,3.818665458367605,0.005624921458611785,agent_1,0.006513257627605195
20,1,4800.0,3900.0,3.818665458367605,0.005624921458611785,agent_2,0.004707748299154062
20,1,5100.0,4200.0,4.102139079314314,0.005914687673893552,agent_0,0.006989491731429731
20,1,5100.0,4200.0,4.102139079314314,0.005914687673893552,agent_1,0.006910059403308719
20,1,5100.0,4200.0,4.102139079314314,0.005914687673893552,agent_2,0.004945673225334762
20,1,5400.0,4500.0,4.384404944378945,0.0061778740139808,agent_0,0.00738297793009501
20,1,5400.0,4500.0,4.384404944378945,0.0061778740139808,agent_1,0.007278460549062375
20,1,5400.0,4500.0,4.384404944378945,0.0061778740139808,agent_2,0.0051637406750289685
20,5,900.0,0.0,0.0,0.0,agent_0,8.537736462515939e-07
20,5,900.0,0.0,0.0,0.0,agent_1,8.537736462515939e-07
20,5,900.0,0.0,0.0,0.0,agent_2,0.0
20,5,1200.0,300.0,1.4997627536143308,0.002555960176113564,agent_0,0.0025358773287682003
20,5,1200.0,300.0,1.4997627536143308,0.002555960176113564,agent_1,0.0025705698187045503
20,5,1200.0,300.0,1.4997627536143308,0.002555960176113564,agent_2,0.0022638962157281507
20,5,1500.0,600.0,2.99811681294747,0.0050845925936585734,agent_0,0.005116450626761312
20,5,1500.0,600.0,2.99811681294747,0.0050845925936585734,agent_1,0.005183669240511534
20,5,1500.0,600.0,2.99811681294747,0.0050845925936585734,agent_2,0.004467130477400772
20,5,1800.0,900.0,4.49370815908436,0.007573967449510711,agent_0,0.007730443875919683
20,5,1800.0,900.0,4.49370815908436,0.007573967449510711,agent_1,0.00782550327999003
20,5,1800.0,900.0,4.49370815908436,0.007573967449510711,agent_2,0.006604581360441813
20,5,2100.0,1200.0,5.985269468150113,0.010012720094077996,agent_0,0.010365944885337278
20,5,2100.0,1200.0,5.985269468150113,0.010012720094077996,agent_1,0.01048173838718806
20,5,2100.0,1200.0,5.985269468150113,0.010012720094077996,agent_2,0.008671634310845019
20,5,2400.0,1500.0,7.471647878596305,0.012390063545960624,agent_0,0.013010470897093757
20,5,2400.0,1500.0,7.471647878596305,0.012390063545960624,agent_1,0.013137640832116979
20,5,2400.0,1500.0,7.471647878596305,0.012390063545960624,agent_2,0.010664081574383703
20,5,2700.0,1800.0,8.951830402637185,0.014695852323620348,agent_0,0.015650967963322483
20,5,2700.0,1800.0,8.951830402637185,0.014695852323620348,agent_1,0.01577814065260934
20,5,2700.0,1800.0,8.951830402637185,0.014695852323620348,agent_2,0.012578156224606883
20,5,3000.0,2100.0,10.424967013523151,0.016920587225760644,agent_0,0.01827389983828051
20,5,3000.0,2100.0,10.424967013523151,0.016920587225760644,agent_1,0.018387992425236598
20,5,3000.0,2100.0,10.424967013523151,0.016920587225760644,agent_2,0.014410451095655225
20,5,3300.0,2400.0,11.890391279388089,0.01905543369693624,agent_0,0.02086531118101013
20,5,3300.0,2400.0,11.890391279388089,0.01905543369693624,agent_1,0.020951901796450553
20,5,3300.0,2400.0,11.890391279388089,0.01905543369693624,agent_2,0.01615789257420336
20,5,3600.0,2700.0,13.347638534466657,0.02109223627542201,agent_0,0.023410919325746644
20,5,3600.0,2700.0,13.347638534466657,0.02109223627542201,agent_1,0.02345467542678091
20,5,3600.0,2700.0,13.347638534466657,0.02109223627542201,agent_2,0.01781771246018914
20,5,3900.0,3000.0,14.796461581205696,0.023023515390548185,agent_0,0.02589620484452892
20,5,3900.0,3000.0,14.796461581205696,0.023023515390548185,agent_1,0.025881360436972024
20,5,3900.0,3000.0,14.796461581205696,0.023023515390548185,agent_2,0.01938741409212191
20,5,4200.0,3300.0,16.236843818685717,0.024842471958016563,agent_0,0.028306530352643723
20,5,4200.0,3300.0,16.236843818685717,0.024842471958016563,agent_1,0.028217400729782866
20,5,4200.0,3300.0,16.236843818685717,0.024842471958016563,agent_2,0.020864750169917578
20,5,4500.0,3600.0,17.66900985956507,0.026542974013946095,agent_0,0.030627254694004492
20,5,4500.0,3600.0,17.66900985956507,0.026542974013946095,agent_1,0.030448775680306354
20,5,4500.0,3600.0,17.66900985956507,0.026542974013946095,agent_2,0.0222476950994367
20,5,4800.0,3900.0,19.093433511434345,0.028119547127381333,agent_0,0.03284386531004207
20,5,4800.0,3900.0,19.093433511434345,0.028119547127381333,agent_1,0.03256214211155586
20,5,4800.0,3900.0,19.093433511434345,0.028119547127381333,agent_2,0.02353442500090201
20,5,5100.0,4200.0,20.510843191301706,0.029567356420624004,agent_0,0.03494211280288247
20,5,5100.0,4200.0,20.510843191301706,0.029567356420624004,agent_1,0.03454496322492069
20,5,5100.0,4200.0,20.510843191301706,0.029567356420624004,agent_2,0.024723297407222226
20,5,5400.0,4500.0,21.922224652867623,0.030882186919892,agent_0,0.0369081504612358
20,5,5400.0,4500.0,21.922224652867623,0.030882186919892,agent_1,0.0363856260463491
20,5,5400.0,4500.0,21.922224652867623,0.030882186919892,agent_2,0.025812834049152886
20,10,900.0,0.0,0.0,0.0,agent_0,8.537736462515939e-07
20,10,900.0,0.0,0.0,0.0,agent_1,8.537736462515939e-07
20,10,900.0,0.0,0.0,0.0,agent_2,0.0
20,10,1200.0,300.0,2.999525508203955,0.005111912296928424,agent_0,0.005071787283867981
20,10,1200.0,300.0,2.999525508203955,0.005111912296928424,agent_1,0.00514117572250984
20,10,1200.0,300.0,2.999525508203955,0.005111912296928424,agent_2,0.004527760636697342
20,10,1500.0,600.0,5.996233656487429,0.01016912448399935,agent_0,0.010233003377005665
20,10,1500.0,600.0,5.996233656487429,0.01016912448399935,agent_1,0.010367451584939267
20,10,1500.0,600.0,5.996233656487429,0.01016912448399935,agent_2,0.008934115325631625
20,10,1800.0,900.0,8.987416546956329,0.015147731765091212,agent_0,0.015461051290823844
20,10,1800.0,900.0,8.987416546956329,0.015147731765091212,agent_1,0.01565118918864326
20,10,1800.0,900.0,8.987416546956329,0.015147731765091212,agent_2,0.013208798719043962
20,10,2100.0,1200.0,11.970539883660525,0.02002496714778735,agent_0,0.020732058375817406
20,10,2100.0,1200.0,11.970539883660525,0.02002496714778735,agent_1,0.02096366928612381
20,10,2100.0,1200.0,11.970539883660525,0.02002496714778735,agent_2,0.017342562623898997
20,10,2400.0,1500.0,14.943298591968432,0.024779220445997573,agent_0,0.026021009235480338
20,10,2400.0,1500.0,14.943298591968432,0.024779220445997573,agent_1,0.026275371498980203
20,10,2400.0,1500.0,14.943298591968432,0.024779220445997573,agent_2,0.021326975784646728
20,10,2700.0,1800.0,17.903667706654186,0.02939017089974655,agent_0,0.031301744530735844
20,10,2700.0,1800.0,17.903667706654186,0.02939017089974655,agent_1,0.03155610299969941
20,10,2700.0,1800.0,17.903667706654186,0.02939017089974655,agent_2,0.025154492015894557
20,10,3000.0,2100.0,20.84994858943051,0.03383879563149399,agent_0,0.03654714067869952
20,10,3000.0,2100.0,20.84994858943051,0.03383879563149399,agent_1,0.036775321687810274
20,10,3000.0,2100.0,20.84994858943051,0.03383879563149399,agent_2,0.028818288846638195
20,10,3300.0,2400.0,23.780810215420765,0.03810740628804511,agent_0,0.04172923744785674
20,10,3300.0,2400.0,23.780810215420765,0.03810740628804511,agent_1,0.04190239116180995
20,10,3300.0,2400.0,23.780810215420765,0.03810740628804511,agent_2,0.032312213999418034
20,10,3600.0,2700.0,26.695325508890164,0.04217967945062116,agent_0,0.046819422898647996
20,10,3600.0,2700.0,26.695325508890164,0.04217967945062116,agent_1,0.046906881845348226
20,10,3600.0,2700.0,26.695325508890164,0.04217967945062116,agent_2,0.0356307294091151
20,10,3900.0,3000.0,29.59300271448766,0.04604064952611341,agent_0,0.051788616160966264
20,10,3900.0,3000.0,29.59300271448766,0.04604064952611341,agent_1,0.05175885140622648
20,10,3900.0,3000.0,29.59300271448766,0.04604064952611341,agent_2,0.03876884271970524
20,10,4200.0,3300.0,32.47381159551276,0.04967671821421621,agent_0,0.056607506448884626
20,10,4200.0,3300.0,32.47381159551276,0.04967671821421621,agent_1,0.05642915904095654
20,10,4200.0,3300.0,32.47381159551276,0.04967671821421621,agent_2,0.041722063801536834
20,10,4500.0,3600.0,35.338204583691706,0.0530756275688746,agent_0,0.06124678268927662
20,10,4500.0,3600.0,35.338204583691706,0.0530756275688746,agent_1,0.0608897435201537
20,10,4500.0,3600.0,35.338204583691706,0.0530756275688746,agent_2,0.04448634859707016
20,10,4800.0,3900.0,38.1871326342809,0.056226440542968575,agent_0,0.06567740011279996
20,10,4800.0,3900.0,38.1871326342809,0.056226440542968575,agent_1,0.06511390890929179
20,10,4800.0,3900.0,38.1871326342809,0.056226440542968575,agent_2,0.047058059006303735
20,10,5100.0,4200.0,41.022055925670344,0.05911950527082816,agent_0,0.06987085031895007
20,10,5100.0,4200.0,41.022055925670344,0.05911950527082816,agent_1,0.06907658216960093
20,10,5100.0,4200.0,41.022055925670344,0.05911950527082816,agent_2,0.049433922315034476
20,10,5400.0,4500.0,43.84494916560229,0.06174641472013972,agent_0,0.07379944147406943
20,10,5400.0,4500.0,43.84494916560229,0.06174641472013972,agent_1,0.07275454929225642
20,10,5400.0,4500.0,43.84494916560229,0.06174641472013972,agent_2,0.05161099674203024
20,25,900.0,0.0,0.0,0.0,agent_0,8.537736462515939e-07
20,25,900.0,0.0,0.0,0.0,agent_1,8.537736462515939e-07
20,25,900.0,0.0,0.0,0.0,agent_2,0.0
20,25,1200.0,300.0,7.498813777792256,0.012779722421992221,agent_0,0.012679712284062963
20,25,1200.0,300.0,7.498813777792256,0.012779722421992221,agent_1,0.01285320921641456
20,25,1200.0,300.0,7.498813777792256,0.012779722421992221,agent_2,0.011319160850413863
20,25,1500.0,600.0,14.990584371056134,0.025422352732402557,agent_0,0.025583272631859378
20,25,1500.0,600.0,14.990584371056134,0.025422352732402557,agent_1,0.025919477807401187
20,25,1500.0,600.0,14.990584371056134,0.025422352732402557,agent_2,0.022334194968928637
20,25,1800.0,900.0,22.468543086104656,0.0378678043790975,agent_0,0.03865385114467116
20,25,1800.0,900.0,22.468543086104656,0.0378678043790975,agent_1,0.03912934020673195
20,25,1800.0,900.0,22.468543086104656,0.0378678043790975,agent_2,0.03301926625653816
20,25,2100.0,1200.0,29.926356825849968,0.05005886384105769,agent_0,0.05183140414765123
20,25,2100.0,1200.0,29.926356825849968,0.05005886384105769,agent_1,0.05241061040764355
20,25,2100.0,1200.0,29.926356825849968,0.05005886384105769,agent_2,0.04335110882482242
20,25,2400.0,1500.0,37.35826777386632,0.06194124126404805,agent_0,0.0650530158382503
20,25,2400.0,1500.0,37.35826777386632,0.06194124126404805,agent_1,0.06568908852862695
20,25,2400.0,1500.0,37.35826777386632,0.06194124126404805,agent_2,0.053308527857671414
20,25,2700.0,1800.0,44.7592211033651,0.0734639085678638,agent_0,0.07825290261176515
20,25,2700.0,1800.0,44.7592211033651,0.0734639085678638,agent_1,0.07888889566245702
20,25,2700.0,1800.0,44.7592211033651,0.0734639085678638,agent_2,0.06287256840753276
20,25,3000.0,2100.0,52.124980841975955,0.08457912348038524,agent_0,0.09136287215212226
20,25,3000.0,2100.0,52.124980841975955,0.08457912348038524,agent_1,0.09193329261741745
20,25,3000.0,2100.0,52.124980841975955,0.08457912348038524,agent_2,0.07202611106961261
20,25,3300.0,2400.0,59.45223322609039,0.09524252475564328,agent_0,0.10431265212832841
20,25,3300.0,2400.0,59.45223322609039,0.09524252475564328,agent_1,0.10474532968815066
20,25,3300.0,2400.0,59.45223322609039,0.09524252475564328,agent_2,0.08075373787166538
20,25,3600.0,2700.0,66.73867748640058,0.10541320942576543,agent_0,0.11703036386943035
20,25,3600.0,2700.0,66.73867748640058,0.10541320942576543,agent_1,0.1172486115712623
20,25,3600.0,2700.0,66.73867748640058,0.10541320942576543,agent_2,0.08904159060094374
20,25,3900.0,3000.0,73.98310402523447,0.1150537162541191,agent_0,0.12944299034680445
20,25,3900.0,3000.0,73.98310402523447,0.1150537162541191,agent_1,0.12936800951256264
20,25,3900.0,3000.0,73.98310402523447,0.1150537162541191,agent_2,0.09687719867682122
20,25,4200.0,3300.0,81.18545946755292,0.12413004926610217,agent_0,0.14147698516784796
20,25,4200.0,3300.0,81.18545946755292,0.12413004926610217,agent_1,0.1410304573419981
20,25,4200.0,3300.0,81.18545946755292,0.12413004926610217,agent_2,0.1042493696539767
20,25,4500.0,3600.0,88.34689890096996,0.13261160997479818,agent_0,0.1530588577821184
20,25,4500.0,3600.0,88.34689890096996,0.13261160997479818,agent_1,0.1521656555878125
20,25,4500.0,3600.0,88.34689890096996,0.13261160997479818,agent_2,0.11114804699418686
20,25,4800.0,3900.0,95.46982470191948,0.1404711467734453,agent_0,0.1641158505175675
20,25,4800.0,3900.0,95.46982470191948,0.1404711467734453,agent_1,0.1627067927921951
20,25,4800.0,3900.0,95.46982470191948,0.1404711467734453,agent_2,0.11756420914147796
20,25,5100.0,4200.0,102.5579123112648,0.14768466391417073,agent_0,0.17457662298086876
20,25,5100.0,4200.0,102.5579123112648,0.14768466391417073,agent_1,0.17259119480343332
20,25,5100.0,4200.0,102.5579123112648,0.14768466391417073,agent_2,0.12348976688501301
20,25,5400.0,4500.0,109.61612238526055,0.1542313180919039,agent_0,0.18437196068437592
20,25,5400.0,4500.0,109.61612238526055,0.1542313180919039,agent_1,0.18176091789102933
20,25,5400.0,4500.0,109.61612238526055,0.1542313180919039,agent_2,0.12891747616841528
20,50,900.0,0.0,0.0,0.0,agent_0,8.537736462515939e-07
20,50,900.0,0.0,0.0,0.0,agent_1,8.537736462515939e-07
20,50,900.0,0.0,0.0,0.0,agent_2,0.0
20,50,1200.0,300.0,14.997627579927899,0.02555925077363935,agent_0,0.025360237085609035
20,50,1200.0,300.0,14.997627579927899,0.02555925077363935,agent_1,0.025707318241633664
20,50,1200.0,300.0,14.997627579927899,0.02555925077363935,agent_2,0.02263751853062234
20,50,1500.0,600.0,29.981169510845362,0.050843171932179465,agent_0,0.051169087807895156
20,50,1500.0,600.0,29.981169510845362,0.050843171932179465,agent_1,0.051841779266001864
20,50,1500.0,600.0,29.981169510845362,0.050843171932179465,agent_2,0.044664742757885185
20,50,1800.0,900.0,44.93709192052975,0.07573050850832358,agent_0,0.07731176014818882
20,50,1800.0,900.0,44.93709192052975,0.07573050850832358,agent_1,0.07826321874504588
20,50,1800.0,900.0,44.93709192052975,0.07573050850832358,agent_2,0.06602942100991707
20,50,2100.0,1200.0,59.85273745124903,0.10010584246149862,agent_0,0.10366695728321744
20,50,2100.0,1200.0,59.85273745124903,0.10010584246149862,agent_1,0.10482596474731576
20,50,2100.0,1200.0,59.85273745124903,0.10010584246149862,agent_2,0.08668453801304386
20,50,2400.0,1500.0,74.71660674868033,0.1238597123899456,agent_0,0.13010758435660766
20,50,2400.0,1500.0,74.71660674868033,0.1238597123899456,agent_1,0.13138028405679653
20,50,2400.0,1500.0,74.71660674868033,0.1238597123899456,agent_2,0.10658731453316982
20,50,2700.0,1800.0,89.51861550482607,0.14688930815273107,agent_0,0.1565007866253264
20,50,2700.0,1800.0,89.51861550482607,0.14688930815273107,agent_1,0.15777309182607044
20,50,2700.0,1800.0,89.51861550482607,0.14688930815273107,agent_2,0.12569954336906067
20,50,3000.0,2100.0,104.25032724699386,0.16909853098293529,agent_0,0.18270889873569457
20,50,3000.0,2100.0,104.25032724699386,0.16909853098293529,agent_1,0.18384962814867958
20,50,3000.0,2100.0,104.25032724699386,0.16909853098293529,agent_2,0.1439867776064848
20,50,3300.0,2400.0,118.90516049028726,0.19039819350701176,agent_0,0.2085901367431844
20,50,3300.0,2400.0,118.90516049028726,0.19039819350701176,agent_1,0.2094547984789255
20,50,3300.0,2400.0,118.90516049028726,0.19039819350701176,agent_2,0.16141805905759274
20,50,3600.0,2700.0,133.4785701063523,0.21070618048346748,agent_0,0.2339995823531228
20,50,3600.0,2700.0,133.4785701063523,0.21070618048346748,agent_1,0.23443474368655629
20,50,3600.0,2700.0,133.4785701063523,0.21070618048346748,agent_2,0.17796563127865914
20,50,3900.0,3000.0,147.96820281597977,0.22994741845116579,agent_0,0.2587901569003965
20,50,3900.0,3000.0,147.96820281597977,0.22994741845116579,agent_1,0.25863830230516166
20,50,3900.0,3000.0,147.96820281597977,0.22994741845116579,agent_2,0.19360459153496154
20,50,4200.0,3300.0,162.3740257789505,0.2480539227185979,agent_0,0.28281387775755173
20,50,4200.0,3300.0,162.3740257789505,0.2480539227185979,agent_1,0.2819186371536085
20,50,4200.0,3300.0,162.3740257789505,0.2480539227185979,agent_2,0.20831266785425423
20,50,4500.0,3600.0,176.6984289302131,0.2649646588873612,agent_0,0.30592306588797774
20,50,4500.0,3600.0,176.6984289302131,0.2649646588873612,agent_1,0.30413467314033527
20,50,4500.0,3600.0,176.6984289302131,0.2649646588873612,agent_2,0.22206993067485045
20,50,4800.0,3900.0,190.94629990001306,0.2806254364611592,agent_0,0.3279717348907878
20,50,4800.0,3900.0,190.94629990001306,0.2806254364611592,agent_1,0.3251525635015393
20,50,4800.0,3900.0,190.94629990001306,0.2806254364611592,agent_2,0.23485858702411622
20,50,5100.0,4200.0,205.12507229921704,0.29498871947641675,agent_0,0.3488169909121312
20,50,5100.0,4200.0,205.12507229921704,0.29498871947641675,agent_1,0.3448470049365946
20,50,5100.0,4200.0,205.12507229921704,0.29498871947641675,agent_2,0.2466627713746026
20,50,5400.0,4500.0,219.24474629189075,0.3080134107229584,agent_0,0.36832047594746514
20,50,5400.0,4500.0,219.24474629189075,0.3080134107229584,agent_1,0.3631024328793869
20,50,5400.0,4500.0,219.24474629189075,0.3080134107229584,agent_2,0.25746836744608875
20,100,900.0,0.0,0.0,0.0,agent_0,8.537736462515939e-07
20,100,900.0,0.0,0.0,0.0,agent_1,8.537736462515939e-07
20,100,900.0,0.0,0.0,0.0,agent_2,0.0
20,100,1200.0,300.0,29.99525525785934,0.05111772015317561,agent_0,0.050723719676667806
20,100,1200.0,300.0,29.99525525785934,0.05111772015317561,agent_1,0.05141823100950554
20,100,1200.0,300.0,29.99525525785934,0.05111772015317561,agent_2,0.04527182109251663
20,100,1500.0,600.0,59.96234211644574,0.10168017015822503,agent_0,0.10234830664970337
20,100,1500.0,600.0,59.96234211644574,0.10168017015822503,agent_1,0.10369481245801086
20,100,1500.0,600.0,59.96234211644574,0.10168017015822503,agent_2,0.08931487313306134
20,100,1800.0,900.0,89.87420697890923,0.15144048776629382,agent_0,0.1546396132835999
20,100,1800.0,900.0,89.87420697890923,0.15144048776629382,agent_1,0.15654444770760056
20,100,1800.0,900.0,89.87420697890923,0.15144048776629382,agent_2,0.13202232335136596
20,100,2100.0,1200.0,119.70557067926414,0.20016385499346276,agent_0,0.20735017229945196
20,100,2100.0,1200.0,119.70557067926414,0.20016385499346276,agent_1,0.20967055590354736
20,100,2100.0,1200.0,119.70557067926414,0.20016385499346276,agent_2,0.1732982023805626
20,100,2400.0,1500.0,149.43349995620267,0.24762781459749944,agent_0,0.2602207061538789
20,100,2400.0,1500.0,149.43349995620267,0.24762781459749944,agent_1,0.2627683029995773
20,100,2400.0,1500.0,149.43349995620267,0.24762781459749944,agent_2,0.2130553947837979
20,100,2700.0,1800.0,179.03792800769392,0.2936237337219516,agent_0,0.3129803273602299
20,100,2700.0,1800.0,179.03792800769392,0.2936237337219516,agent_1,0.3155261850209935
20,100,2700.0,1800.0,179.03792800769392,0.2936237337219516,agent_2,0.2512163056642648
20,100,3000.0,2100.0,208.5021242264917,0.3379569732927163,agent_0,0.36534856443531094
20,100,3000.0,2100.0,208.5021242264917,0.3379569732927163,agent_1,0.3676295420661438
20,100,3000.0,2100.0,208.5021242264917,0.3379569732927163,agent_2,0.28771122306521896
20,100,3300.0,2400.0,237.81311015233783,0.38044732701770173,agent_0,0.4170368894992144
20,100,3300.0,2400.0,237.81311015233783,0.38044732701770173,agent_1,0.4187634072463492
20,100,3300.0,2400.0,237.81311015233783,0.38044732701770173,agent_2,0.3224777615028005
20,100,3600.0,2700.0,266.962021230206,0.420929366398803,agent_0,0.46775083802484846
20,100,3600.0,2700.0,266.962021230206,0.420929366398803,agent_1,0.46861581075885417
20,100,3600.0,2700.0,266.962021230206,0.420929366398803,agent_2,0.3554602725128128
20,100,3900.0,3000.0,295.94441414549266,0.45925239031860177,agent_0,0.5171921125505743
20,100,3900.0,3000.0,295.94441414549266,0.45925239031860177,agent_1,0.5168808588293171
20,100,3900.0,3000.0,295.94441414549266,0.45925239031860177,agent_2,0.3866091325821965
20,100,4200.0,3300.0,324.760517736206,0.4952805162373287,agent_0,0.5650612510090586
20,100,4200.0,3300.0,324.760517736206,0.4952805162373287,agent_1,0.563262125809806
20,100,4200.0,3300.0,324.760517736206,0.4952805162373287,agent_2,0.41588028034588675
20,100,4500.0,3600.0,353.4154288721866,0.5288923897295499,agent_0,0.6110601918876117
20,100,4500.0,3600.0,353.4154288721866,0.5288923897295499,agent_1,0.6074756476993051
20,100,4500.0,3600.0,353.4154288721866,0.5288923897295499,agent_2,0.44323462314036727
20,100,4800.0,3900.0,381.91925116954786,0.5599809478534314,agent_0,0.6548951913079345
20,100,4800.0,3900.0,381.91925116954786,0.5599809478534314,agent_1,0.6492529466138341
20,100,4800.0,3900.0,381.91925116954786,0.5599809478534314,agent_2,0.4686376084301144
20,100,5100.0,4200.0,410.2871783463114,0.5884530083780998,agent_0,0.6962797451195143
20,100,5100.0,4200.0,410.2871783463114,0.5884530083780998,agent_1,0.6883437235886871
20,100,5100.0,4200.0,410.2871783463114,0.5884530083780998,agent_2,0.4920587888663512
20,100,5400.0,4500.0,438.5395203426623,0.6142287991327571,agent_0,0.7349375756944349
20,100,5400.0,4500.0,438.5395203426623,0.6142287991327571,agent_1,0.7245182797706713
20,100,5400.0,4500.0,438.5395203426623,0.6142287991327571,agent_2,0.5134714495525525
21,1,900.0,0.0,0.0,0.0,agent_0,0.0
21,1,900.0,0.0,0.0,0.0,agent_1,0.0
21,1,900.0,0.0,0.0,0.0,agent_2,8.537736462515939e-07
21,1,1200.0,300.0,0.2999659246960511,0.00045737890168809104,agent_0,0.00047805759091688714
21,1,1200.0,300.0,0.2999659246960511,0.00045737890168809104,agent_1,0.000442800793832108
21,1,1200.0,300.0,0.2999659246960511,0.00045737890168809104,agent_2,0.0004654577854241158
21,1,1500.0,600.0,0.5997299485189926,0.0009089927175846253,agent_0,0.0009536437609668399
21,1,1500.0,600.0,0.5997299485189926,0.0009089927175846253,agent_1,0.0008829662492143876
21,1,1500.0,600.0,0.5997299485189926,0.0009089927175846253,agent_2,0.0009211786394285891
21,1,1800.0,900.0,0.8990981465738309,0.0013538265852950006,agent_0,0.0014254522570585834
21,1,1800.0,900.0,0.8990981465738309,0.0013538265852950006,agent_1,0.001319337771961225
21,1,1800.0,900.0,0.8990981465738309,0.0013538265852950006,agent_2,0.001366378767340135
21,1,2100.0,1200.0,1.197887093995076,0.0017909312072125999,agent_0,0.0018922538397198171
21,1,2100.0,1200.0,1.197887093995076,0.0017909312072125999,agent_1,0.001750819359061922
21,1,2100.0,1200.0,1.197887093995076,0.0017909312072125999,agent_2,0.0018003329138216496
21,1,2400.0,1500.0,1.495925665819677,0.0022194210087944114,agent_0,0.0023529021195289232
21,1,2400.0,1500.0,1.495925665819677,0.0022194210087944114,agent_1,0.002176384744689958
21,1,2400.0,1500.0,1.495925665819677,0.0022194210087944114,agent_2,0.0022223690293747536
21,1,2700.0,1800.0,1.7930566407186204,0.0026384705599512533,agent_0,0.0028063230659800186
21,1,2700.0,1800.0,1.7930566407186204,0.0026384705599512533,agent_1,0.002595071366680569
21,1,2700.0,1800.0,1.7930566407186204,0.0026384705599512533,agent_2,0.002631863863172531
21,1,3000.0,2100.0,2.089138148475419,0.0030473098720602103,agent_0,0.003251515975681315
21,1,3000.0,2100.0,2.089138148475419,0.0030473098720602103,agent_1,0.003005978422402639
21,1,3000.0,2100.0,2.089138148475419,0.0030473098720602103,agent_2,0.0030282375169553475
21,1,3300.0,2400.0,2.384044964143445,0.0034452228416189763,agent_0,0.003687549588824381
21,1,3300.0,2400.0,2.384044964143445,0.0034452228416189763,agent_1,0.0034082622576266605
21,1,3300.0,2400.0,2.384044964143445,0.0034452228416189763,agent_2,0.0034109543686034966
21,1,3600.0,2700.0,2.6776696706186076,0.0038315417953460867,agent_0,0.004113556031148333
21,1,3600.0,2700.0,2.6776696706186076,0.0038315417953460867,agent_1,0.0038011362384742517
21,1,3600.0,2700.0,2.6776696706186076,0.0038315417953460867,agent_2,0.0037795149522536226
21,1,3900.0,3000.0,2.9699237109637657,0.004205645392208004,agent_0,0.004528729136432752
21,1,3900.0,3000.0,2.9699237109637657,0.004205645392208004,agent_1,0.004183865204422575
21,1,3900.0,3000.0,2.9699237109637657,0.004205645392208004,agent_2,0.004133456561111515
21,1,4200.0,3300.0,3.2607383260029756,0.0045669556619526526,agent_0,0.0049323213677384
21,1,4200.0,3300.0,3.2607383260029756,0.0045669556619526526,agent_1,0.004555764657964825
21,1,4200.0,3300.0,3.2607383260029756,0.0045669556619526526,agent_2,0.0044723484975751
21,1,4500.0,3600.0,3.5500654071426783,0.004914934553983293,agent_0,0.005323639148688289
21,1,4500.0,3600.0,3.5500654071426783,0.004914934553983293,agent_1,0.0049161966505486135
21,1,4500.0,3600.0,3.5500654071426783,0.004914934553983293,agent_2,0.004795790360495837
21,1,4800.0,3900.0,3.837878252802836,0.005249081409094136,agent_0,0.0057020403554562905
21,1,4800.0,3900.0,3.837878252802836,0.005249081409094136,agent_1,0.005264567967021952
21,1,4800.0,3900.0,3.837878252802836,0.005249081409094136,agent_2,0.005103408244263558
21,1,5100.0,4200.0,4.1241722548322235,0.005568930484744767,agent_0,0.006066931813167657
21,1,5100.0,4200.0,4.1241722548322235,0.005568930484744767,agent_1,0.0056003275677551645
21,1,5100.0,4200.0,4.1241722548322235,0.005568930484744767,agent_2,0.0053948539381544845
21,1,5400.0,4500.0,4.408965499834103,0.005874046700502234,agent_0,0.006417764369236989
21,1,5400.0,4500.0,4.408965499834103,0.005874046700502234,agent_1,0.005922962419085563
21,1,5400.0,4500.0,4.408965499834103,0.005874046700502234,agent_2,0.005669801123470882
21,5,900.0,0.0,0.0,0.0,agent_0,0.0
21,5,900.0,0.0,0.0,0.0,agent_1,0.0
21,5,900.0,0.0,0.0,0.0,agent_2,8.537736462515939e-07
21,5,1200.0,300.0,1.4998296236796491,0.002286892596133099,agent_0,0.0023902940538361645
21,5,1200.0,300.0,1.4998296236796491,0.002286892596133099,agent_1,0.002214005780089112
21,5,1200.0,300.0,1.4998296236796491,0.002286892596133099,agent_2,0.002327280000780937
21,5,1500.0,600.0,2.998649748523455,0.004544950918887239,agent_0,0.004768246934608717
21,5,1500.0,600.0,2.998649748523455,0.004544950918887239,agent_1,0.0044148508950764605
21,5,1500.0,600.0,2.998649748523455,0.004544950918887239,agent_2,0.004605834641698452
21,5,1800.0,900.0,4.49549077696605,0.0067690856566750965,agent_0,0.0071273010228202205
21,5,1800.0,900.0,4.49549077696605,0.0067690856566750965,agent_1,0.006596710576378804
21,5,1800.0,900.0,4.49549077696605,0.0067690856566750965,agent_2,0.0068317459596086
21,5,2100.0,1200.0,5.989435652086089,0.00895454293562602,agent_0,0.009461308655116468
21,5,2100.0,1200.0,5.989435652086089,0.00895454293562602,agent_1,0.008754106420844317
21,5,2100.0,1200.0,5.989435652086089,0.00895454293562602,agent_2,0.009001379938696466
21,5,2400.0,1500.0,7.479628873393574,0.011096887636341654,agent_0,0.01176451879620564
21,5,2400.0,1500.0,7.479628873393574,0.011096887636341654,agent_1,0.01088189657655863
21,5,2400.0,1500.0,7.479628873393574,0.011096887636341654,agent_2,0.011111367491904006
21,5,2700.0,1800.0,8.965284528944835,0.013191983864401298,agent_0,0.014031557673994955
21,5,2700.0,1800.0,8.965284528944835,0.013191983864401298,agent_1,0.012975259784093834
21,5,2700.0,1800.0,8.965284528944835,0.013191983864401298,agent_2,0.01315858437355014
21,5,3000.0,2100.0,10.44569354348749,0.015235976474551043,agent_0,0.016257411188539073
21,5,3000.0,2100.0,10.44569354348749,0.015235976474551043,agent_1,0.01502968094028725
21,5,3000.0,2100.0,10.44569354348749,0.015235976474551043,agent_2,0.01514013221790053
21,5,3300.0,2400.0,11.920230156100075,0.017225277992521347,agent_0,0.018437411735908685
21,5,3300.0,2400.0,11.920230156100075,0.017225277992521347,agent_1,0.017040940427418452
21,5,3300.0,2400.0,11.920230156100075,0.017225277992521347,agent_2,0.01705332494799087
21,5,3600.0,2700.0,13.38835773892819,0.019156544445783116,agent_0,0.020567212517140127
21,5,3600.0,2700.0,13.38835773892819,0.019156544445783116,agent_1,0.01900509319669628
21,5,3600.0,2700.0,13.38835773892819,0.019156544445783116,agent_2,0.018895665709699947
21,5,3900.0,3000.0,14.849634059171022,0.021026666930845647,agent_0,0.02264277829849978
21,5,3900.0,3000.0,14.849634059171022,0.021026666930845647,agent_1,0.020918461337870536
21,5,3900.0,3000.0,14.849634059171022,0.021026666930845647,agent_2,0.02066483855876004
21,5,4200.0,3300.0,16.303715966368518,0.02283275172342935,agent_0,0.02466036369364293
21,5,4200.0,3300.0,16.303715966368518,0.02283275172342935,agent_1,0.022777616206076903
21,5,4200.0,3300.0,16.303715966368518,0.02283275172342935,agent_2,0.02235868987034774
21,5,4500.0,3600.0,17.750363651981793,0.02457210741073834,agent_0,0.026616498291080343
21,5,4500.0,3600.0,17.750363651981793,0.02457210741073834,agent_1,0.02457936629237518
21,5,4500.0,3600.0,17.750363651981793,0.02457210741073834,agent_2,0.02397521681676392
21,5,4800.0,3900.0,19.189444424555674,0.026242228259626008,agent_0,0.028507967631181703
21,5,4800.0,3900.0,19.189444424555674,0.026242228259626008,agent_1,0.026320741412244716
21,5,4800.0,3900.0,19.189444424555674,0.026242228259626008,agent_2,0.02551255223670669
21,5,5100.0,4200.0,20.620936131382404,0.027840785666866798,agent_0,0.03033180289795543
21,5,5100.0,4200.0,20.620936131382404,0.027840785666866798,agent_1,0.027998984442040218
21,5,5100.0,4200.0,20.620936131382404,0.027840785666866798,agent_2,0.02696895745469125
21,5,5400.0,4500.0,22.044930153763385,0.029365607213740118,agent_0,0.032085256332513995
21,5,5400.0,4500.0,22.044930153763385,0.029365607213740118,agent_1,0.02961153078369525
21,5,5400.0,4500.0,22.044930153763385,0.029365607213740118,agent_2,0.02834280394340489
21,10,900.0,0.0,0.0,0.0,agent_0,0.0
21,10,900.0,0.0,0.0,0.0,agent_1,0.0
21,10,900.0,0.0,0.0,0.0,agent_2,8.537736462515939e-07
21,10,1200.0,300.0,2.9996592478366324,0.004573780730782434,agent_0,0.0047806098366267495
21,10,1200.0,300.0,2.9996592478366324,0.004573780730782434,agent_1,0.004428026294271638
21,10,1200.0,300.0,2.9996592478366324,0.004573780730782434,agent_2,0.004654526567139239
21,10,1500.0,600.0,5.9972995118636625,0.00908986507721957,agent_0,0.009536559688461482
21,10,1500.0,600.0,5.9972995118636625,0.00908986507721957,agent_1,0.008829742867351642
21,10,1500.0,600.0,5.9972995118636625,0.00908986507721957,agent_2,0.009211520008824664
21,10,1800.0,900.0,8.990981664257385,0.013538049167710368,agent_0,0.014254702300260994
21,10,1800.0,900.0,8.990981664257385,0.013538049167710368,agent_1,0.013193473026138837
21,10,1800.0,900.0,8.990981664257385,0.013538049167710368,agent_2,0.013663122152025383
21,10,2100.0,1200.0,11.978871759845912,0.017908801704013867,agent_0,0.018922713042877088
21,10,2100.0,1200.0,11.978871759845912,0.017908801704013867,agent_1,0.017508235957761922
21,10,2100.0,1200.0,11.978871759845912,0.017908801704013867,agent_2,0.01800204575840133
21,10,2400.0,1500.0,14.95925910867478,0.022193230933669737,agent_0,0.023529061276684048
21,10,2400.0,1500.0,14.95925910867478,0.022193230933669737,agent_1,0.02176372417232615
21,10,2400.0,1500.0,14.95925910867478,0.022193230933669737,agent_2,0.02222153640650274
21,10,2700.0,1800.0,17.930572374021377,0.02638304599121218,agent_0,0.028062973775415105
21,10,2700.0,1800.0,17.930572374021377,0.02638304599121218,agent_1,0.02595027358767618
21,10,2700.0,1800.0,17.930572374021377,0.02638304599121218,agent_2,0.02631533193390681
21,10,3000.0,2100.0,20.89139409507978,0.03047051990271118,agent_0,0.03251439862435473
21,10,3000.0,2100.0,20.89139409507978,0.03047051990271118,agent_1,0.030058834316274104
21,10,3000.0,2100.0,20.89139409507978,0.03047051990271118,agent_2,0.030277624477514333
21,10,3300.0,2400.0,23.840473660937985,0.03444846315310972,agent_0,0.036873979148138385
21,10,3300.0,2400.0,23.840473660937985,0.03444846315310972,agent_1,0.03408094942559164
21,10,3300.0,2400.0,23.840473660937985,0.03444846315310972,agent_2,0.034103033373128
21,10,3600.0,2700.0,26.776738959798685,0.038310176078320476,agent_0,0.04113300291523457
21,10,3600.0,2700.0,26.776738959798685,0.038310176078320476,agent_1,0.03800871329128113
21,10,3600.0,2700.0,26.776738959798685,0.038310176078320476,agent_2,0.037786559018897825
21,10,3900.0,3000.0,29.699306906491902,0.04204943118951139,agent_0,0.0452833831901568
21,10,3900.0,3000.0,29.699306906491902,0.04204943118951139,agent_1,0.04183475677857679
21,10,3900.0,3000.0,29.699306906491902,0.04204943118951139,agent_2,0.0413235659577518
21,10,4200.0,3300.0,32.60749281375677,0.04566043384163589,agent_0,0.04931761542923935
21,10,4200.0,3300.0,32.60749281375677,0.04566043384163589,agent_1,0.045552211294068244
21,10,4200.0,3300.0,32.60749281375677,0.04566043384163589,agent_2,0.0447097459530992
21,10,4500.0,3600.0,35.500818900555885,0.04913779634078371,agent_0,0.053228747763068136
21,10,4500.0,3600.0,35.500818900555885,0.04913779634078371,agent_1,0.0491546849201639
21,10,4500.0,3600.0,35.500818900555885,0.04913779634078371,agent_2,0.04794109447698393
21,10,4800.0,3900.0,38.3790218245565,0.05247650464293838,agent_0,0.05701034265025752
21,10,4800.0,3900.0,38.3790218245565,0.05247650464293838,agent_1,0.052636230530512716
21,10,4800.0,3900.0,38.3790218245565,0.05247650464293838,agent_2,0.05101388068316362
21,10,5100.0,4200.0,41.24205950035412,0.055671901165984375,agent_0,0.06065645647201789
21,10,5100.0,4200.0,41.24205950035412,0.055671901165984375,agent_1,0.055991329385936706
21,10,5100.0,4200.0,41.24205950035412,0.055671901165984375,agent_2,0.05392463287158258
21,10,5400.0,4500.0,44.090117058633126,0.058719642969261854,agent_0,0.06416159027047524
21,10,5400.0,4500.0,44.090117058633126,0.058719642969261854,agent_1,0.05921484982113215
21,10,5400.0,4500.0,44.090117058633126,0.058719642969261854,agent_2,0.056670101572055334
21,25,900.0,0.0,0.0,0.0,agent_0,0.0
21,25,900.0,0.0,0.0,0.0,agent_1,0.0
21,25,900.0,0.0,0.0,0.0,agent_2,8.537736462515939e-07
21,25,1200.0,300.0,7.499148123129772,0.011434416589906474,agent_0,0.011951688360510755
21,25,1200.0,300.0,7.499148123129772,0.011434416589906474,agent_1,0.011070176084294137
21,25,1200.0,300.0,7.499148123129772,0.011434416589906474,agent_2,0.01163606648004512
21,25,1500.0,600.0,14.993248890950003,0.022724386031683252,agent_0,0.02384189222276746
21,25,1500.0,600.0,14.993248890950003,0.022724386031683252,agent_1,0.022074663130648934
21,25,1500.0,600.0,14.993248890950003,0.022724386031683252,agent_2,0.023027679329645685
21,25,1800.0,900.0,22.477454989724887,0.033844205129734094,agent_0,0.03563750644258323
21,25,1800.0,900.0,22.477454989724887,0.033844205129734094,agent_1,0.032984070704209834
21,25,1800.0,900.0,22.477454989724887,0.033844205129734094,agent_2,0.034155029518935585
21,25,2100.0,1200.0,29.94718282395168,0.04476986868973737,agent_0,0.04730749517664293
21,25,2100.0,1200.0,29.94718282395168,0.04476986868973737,agent_1,0.04377075957043708
21,25,2100.0,1200.0,29.94718282395168,0.04476986868973737,agent_2,0.044999754632449616
21,25,2400.0,1500.0,37.398158005678084,0.055478986847998846,agent_0,0.058822821034579593
21,25,2400.0,1500.0,37.398158005678084,0.055478986847998846,agent_1,0.05440878547188814
21,25,2400.0,1500.0,37.398158005678084,0.055478986847998846,agent_2,0.055544845585451086
21,25,2700.0,1800.0,44.82645585295738,0.06595068884144735,agent_0,0.07015635585833838
21,25,2700.0,1800.0,44.82645585295738,0.06595068884144735,agent_1,0.06487382592314724
21,25,2700.0,1800.0,44.82645585295738,0.06595068884144735,agent_2,0.0657745439749341
21,25,3000.0,2100.0,52.228537893998414,0.07616553186348138,agent_0,0.08128279196521404
21,25,3000.0,2100.0,52.228537893998414,0.07616553186348138,agent_1,0.07514310836327988
21,25,3000.0,2100.0,52.228537893998414,0.07616553186348138,agent_2,0.07567424732052158
21,25,3300.0,2400.0,59.601284442767266,0.08610543439073468,agent_0,0.09217857723290436
21,25,3300.0,2400.0,59.601284442767266,0.08610543439073468,agent_1,0.08519535814289418
21,25,3300.0,2400.0,59.601284442767266,0.08610543439073468,agent_2,0.08523044076112654
21,25,3600.0,2700.0,66.94202380710682,0.0957535577997007,agent_0,0.10282178927342671
21,25,3600.0,2700.0,66.94202380710682,0.0957535577997007,agent_1,0.09501069453904142
21,25,3600.0,2700.0,66.94202380710682,0.0957535577997007,agent_2,0.0944305811609671
21,25,3900.0,3000.0,74.24855863466965,0.10509426180395663,agent_0,0.11319208909327876
21,25,3900.0,3000.0,74.24855863466965,0.10509426180395663,agent_1,0.104570594492561
21,25,3900.0,3000.0,74.24855863466965,0.10509426180395663,agent_2,0.10326305420874166
21,25,4200.0,3300.0,81.51918931392613,0.1141130062319738,agent_0,0.12327061257646119
21,25,4200.0,3300.0,81.51918931392613,0.1141130062319738,agent_1,0.11385780299507835
21,25,4200.0,3300.0,81.51918931392613,0.1141130062319738,agent_2,0.11171708174409566
21,25,4500.0,3600.0,88.75273516215941,0.12279628590510282,agent_0,0.13303989707880695
21,25,4500.0,3600.0,88.75273516215941,0.12279628590510282,agent_1,0.12285627335542072
21,25,4500.0,3600.0,88.75273516215941,0.12279628590510282,agent_2,0.11978266225551702
21,25,4800.0,3900.0,95.94855312034368,0.13113154697084226,agent_0,0.14248378524626193
21,25,4800.0,3900.0,95.94855312034368,0.13113154697084226,agent_1,0.13155108755442882
21,25,4800.0,3900.0,95.94855312034368,0.13113154697084226,agent_2,0.12745049519182858
21,25,5100.0,4200.0,103.1065546093731,0.13910714366932517,agent_0,0.15158737383186635
21,25,5100.0,4200.0,103.1065546093731,0.13910714366932517,agent_1,0.1399284151000751
21,25,5100.0,4200.0,103.1065546093731,0.13910714366932517,agent_2,0.1347119439864168
21,25,5400.0,4500.0,110.2272201885448,0.1467122334266987,agent_0,0.16033689032682408
21,25,5400.0,4500.0,110.2272201885448,0.1467122334266987,agent_1,0.14797540966794315
21,25,5400.0,4500.0,110.2272201885448,0.1467122334266987,agent_2,0.14155894323718618
21,50,900.0,0.0,0.0,0.0,agent_0,0.0
21,50,900.0,0.0,0.0,0.0,agent_1,0.0
21,50,900.0,0.0,0.0,0.0,agent_2,8.537736462515939e-07
21,50,1200.0,300.0,14.99829625811866,0.02286871531041067,agent_0,0.02390392239735138
21,50,1200.0,300.0,14.99829625811866,0.02286871531041067,agent_1,0.02214072021762495
21,50,1200.0,300.0,14.99829625811866,0.02286871531041067,agent_2,0.023271298631706138
21,50,1500.0,600.0,29.98649815442886,0.04544784559427482,agent_0,0.04768542307185782
21,50,1500.0,600.0,29.98649815442886,0.04544784559427482,agent_1,0.04415034250867316
21,50,1500.0,600.0,29.98649815442886,0.04544784559427482,agent_2,0.046051619728139065
21,50,1800.0,900.0,44.954912754289374,0.06768533839535577,agent_0,0.07127750049357606
21,50,1800.0,900.0,44.954912754289374,0.06768533839535577,agent_1,0.0659694235815519
21,50,1800.0,900.0,44.954912754289374,0.06768533839535577,agent_2,0.06830079514641449
21,50,2100.0,1200.0,59.894377107771845,0.08953259063873208,agent_0,0.09461733103195219
21,50,2100.0,1200.0,59.894377107771845,0.08953259063873208,agent_1,0.08754205760830393
21,50,2100.0,1200.0,59.894377107771845,0.08953259063873208,agent_2,0.08998161948432344
21,50,2400.0,1500.0,74.7963502570596,0.11094428572760422,agent_0,0.11764613519450558
21,50,2400.0,1500.0,74.7963502570596,0.11094428572760422,agent_1,0.10881576870035771
21,50,2400.0,1500.0,74.7963502570596,0.11094428572760422,agent_2,0.11105966353214405
21,50,2700.0,1800.0,89.65299507830902,0.1318782036848905,agent_0,0.140309004252382
21,50,2700.0,1800.0,89.65299507830902,0.1318782036848905,agent_1,0.12974136977632952
21,50,2700.0,1800.0,89.65299507830902,0.1318782036848905,agent_2,0.13150306806205408
21,50,3000.0,2100.0,104.4572519462633,0.15229504021627077,agent_0,0.16255472774424193
21,50,3000.0,2100.0,104.4572519462633,0.15229504021627077,agent_1,0.150272822135746
21,50,3000.0,2100.0,104.4572519462633,0.15229504021627077,agent_2,0.15128235335572326
21,50,3300.0,2400.0,119.2029043511664,0.17215827428693728,agent_0,0.18433566698533593
21,50,3300.0,2400.0,119.2029043511664,0.17215827428693728,agent_1,0.17036713464609177
21,50,3300.0,2400.0,119.2029043511664,0.17215827428693728,agent_2,0.1703702808713053
21,50,3600.0,2700.0,133.88463758878262,0.19143393175461146,agent_0,0.2056075061091391
21,50,3600.0,2700.0,133.88463758878262,0.19143393175461146,agent_1,0.18998415767001503
21,50,3600.0,2700.0,133.88463758878262,0.19143393175461146,agent_2,0.18874162001819922
21,50,3900.0,3000.0,148.49809153737758,0.2100904959682549,agent_0,0.22632916104699818
21,50,3900.0,3000.0,148.49809153737758,0.2100904959682549,agent_1,0.20908651220922353
21,50,3900.0,3000.0,148.49809153737758,0.2100904959682549,agent_2,0.20637306034966646
21,50,4200.0,3300.0,163.03990735633727,0.22809871076415494,agent_0,0.24646256345587128
21,50,4200.0,3300.0,163.03990735633727,0.22809871076415494,agent_1,0.22763941143018843
21,50,4200.0,3300.0,163.03990735633727,0.22809871076415494,agent_2,0.22324302421856584
21,50,4500.0,3600.0,177.5077695747641,0.24543144941530937,agent_0,0.2659725142541303
21,50,4500.0,3600.0,177.5077695747641,0.24543144941530937,agent_1,0.24561054151496306
21,50,4500.0,3600.0,177.5077695747641,0.24543144941530937,agent_2,0.23933154565425602
21,50,4800.0,3900.0,191.90044301317812,0.26206354609818416,agent_0,0.28482649090580897
21,50,4800.0,3900.0,191.90044301317812,0.26206354609818416,agent_1,0.26296990238317636
21,50,4800.0,3900.0,191.90044301317812,0.26206354609818416,agent_2,0.25462011692090136
21,50,5100.0,4200.0,206.21780585212431,0.2779717079753966,agent_0,0.3029945444348173
21,50,5100.0,4200.0,206.21780585212431,0.2779717079753966,agent_1,0.2796897247533762
21,50,5100.0,4200.0,206.21780585212431,0.2779717079753966,agent_2,0.2690916122464414
21,50,5400.0,4500.0,220.46087813328793,0.2931343040368135,agent_0,0.32044905152284076
21,50,5400.0,4500.0,220.46087813328793,0.2931343040368135,agent_1,0.29574426280983696
21,50,5400.0,4500.0,220.46087813328793,0.2931343040368135,agent_2,0.28273010022996237
21,100,900.0,0.0,0.0,0.0,agent_0,0.0
21,100,900.0,0.0,0.0,0.0,agent_1,0.0
21,100,900.0,0.0,0.0,0.0,agent_2,8.537736462515939e-07
21,100,1200.0,300.0,29.99659256402883,0.04573695592931306,agent_0,0.047810023531756826
21,100,1200.0,300.0,29.99659256402883,0.04573695592931306,agent_1,0.04428290960071516
21,100,1200.0,300.0,29.99659256402883,0.04573695592931306,agent_2,0.046539256420426084
21,100,1500.0,600.0,59.97299781035946,0.0908919569536538,agent_0,0.09537736844593836
21,100,1500.0,600.0,59.97299781035946,0.0908919569536538,agent_1,0.08830472404282089
21,100,1500.0,600.0,59.97299781035946,0.0908919569536538,agent_2,0.09208825766954616
21,100,1800.0,900.0,89.90983669176923,0.13535829658466303,agent_0,0.14256484182744647
21,100,1800.0,900.0,89.90983669176923,0.13535829658466303,agent_1,0.13194388874961915
21,100,1800.0,900.0,89.90983669176923,0.13535829658466303,agent_2,0.13656445270968126
21,100,2100.0,1200.0,119.78880039481548,0.17903638230287255,agent_0,0.1892437669951197
21,100,2100.0,1200.0,119.78880039481548,0.17903638230287255,agent_1,0.1750860643674194
21,100,2100.0,1200.0,119.78880039481548,0.17903638230287255,agent_2,0.17989150054091485
21,100,2400.0,1500.0,149.5928384879702,0.22183342329479305,agent_0,0.23529374561044972
21,100,2400.0,1500.0,149.5928384879702,0.22183342329479305,agent_1,0.21762393545277323
21,100,2400.0,1500.0,149.5928384879702,0.22183342329479305,agent_2,0.2219988964778622
21,100,2700.0,1800.0,179.30632598737077,0.2636630601663194,agent_0,0.2806023355637505
21,100,2700.0,1800.0,179.30632598737077,0.2636630601663194,agent_1,0.2594569476142936
21,100,2700.0,1800.0,179.30632598737077,0.2636630601663194,agent_2,0.262821556650371
21,100,3000.0,2100.0,208.9152132961113,0.30444500980522554,agent_0,0.32506472537172937
21,100,3000.0,2100.0,208.9152132961113,0.30444500980522554,agent_1,0.3004910425494315
21,100,3000.0,2100.0,208.9152132961113,0.30444500980522554,agent_2,0.30229943253393854
21,100,3300.0,2400.0,238.4071592667368,0.3441048039748443,agent_0,0.3685834960954752
21,100,3300.0,2400.0,238.4071592667368,0.3441048039748443,agent_1,0.3406384683504148
21,100,3300.0,2400.0,238.4071592667368,0.3441048039748443,agent_2,0.3403772279642221
21,100,3600.0,2700.0,267.77164962877333,0.3825733181164751,agent_0,0.41106813418644117
21,100,3600.0,2700.0,267.77164962877333,0.3825733181164751,agent_1,0.3798173764164944
21,100,3600.0,2700.0,267.77164962877333,0.3825733181164751,agent_2,0.37700392573415586
21,100,3900.0,3000.0,297.0001028131653,0.41978659154438425,agent_0,0.45243485667089733
21,100,3900.0,3000.0,297.0001028131653,0.41978659154438425,agent_1,0.417951685699187
21,100,3900.0,3000.0,297.0001028131653,0.41978659154438425,agent_2,0.41213260360073045
21,100,4200.0,3300.0,326.0859628571774,0.45568543102755416,agent_0,0.4926061827985663
21,100,4200.0,3300.0,326.0859628571774,0.45568543102755416,agent_1,0.45497072922882076
21,100,4200.0,3300.0,326.0859628571774,0.45568543102755416,agent_2,0.4457200510903207
21,100,4500.0,3600.0,355.0247823391882,0.49021514460217946,agent_0,0.5315106422631832
21,100,4500.0,3600.0,355.0247823391882,0.49021514460217946,agent_1,0.49080901706828794
21,100,4500.0,3600.0,355.0247823391882,0.49021514460217946,agent_2,0.4777265179685586
21,100,4800.0,3900.0,383.81429424985373,0.5233251994591832,agent_0,0.5690823884645276
21,100,4800.0,3900.0,383.81429424985373,0.5233251994591832,agent_1,0.525405917133405
21,100,4800.0,3900.0,383.81429424985373,0.5233251994591832,agent_2,0.5081153981998474
21,100,5100.0,4200.0,412.4544754481173,0.5549690396905737,agent_0,0.6052609889797765
21,100,5100.0,4200.0,412.4544754481173,0.5549690396905737,agent_1,0.5587054867674102
21,100,5100.0,4200.0,412.4544754481173,0.5549690396905737,agent_2,0.536853067399004
21,100,5400.0,4500.0,440.9476002983317,0.5851036575953689,agent_0,0.639990924904699
21,100,5400.0,4500.0,440.9476002983317,0.5851036575953689,agent_1,0.5906560545421035
21,100,5400.0,4500.0,440.9476002983317,0.5851036575953689,agent_2,0.563908498947884
22,1,900.0,0.0,0.0,8.537736462515939e-07,agent_0,0.0
22,1,900.0,0.0,0.0,8.537736462515939e-07,agent_1,0.0
22,1,900.0,0.0,0.0,8.537736462515939e-07,agent_2,8.537736462515939e-07
22,1,1200.0,300.0,0.29996790445817145,0.0004487358263124801,agent_0,0.00045680799711810075
22,1,1200.0,300.0,0.29996790445817145,0.0004487358263124801,agent_1,0.00042969673581142115
22,1,1200.0,300.0,0.29996790445817145,0.0004487358263124801,agent_2,0.00046621513672221604
22,1,1500.0,600.0,0.5997449860856178,0.000893329195972224,agent_0,0.0009145103463981637
22,1,1500.0,600.0,0.5997449860856178,0.000893329195972224,agent_1,0.0008603933307651165
22,1,1500.0,600.0,0.5997449860856178,0.000893329195972224,agent_2,0.0009228341358176517
22,1,1800.0,900.0,0.8991462414673945,0.0013326826849069267,agent_0,0.0013718224425697978
22,1,1800.0,900.0,0.8991462414673945,0.0013326826849069267,agent_1,0.0012909198697102788
22,1,1800.0,900.0,0.8991462414673945,0.0013326826849069267,agent_2,0.0013688955202866414
22,1,2100.0,1200.0,1.197994943542411,0.00176574591518119,agent_0,0.0018275094201705142
22,1,2100.0,1200.0,1.197994943542411,0.00176574591518119,agent_1,0.0017201337663495413
22,1,2100.0,1200.0,1.197994943542411,0.00176574591518119,agent_2,0.0018034929068941334
22,1,2400.0,1500.0,1.4961246406199433,0.0021915163807353223,agent_0,0.0022803755483531657
22,1,2400.0,1500.0,1.4961246406199433,0.0021915163807353223,agent_1,0.0021469215924681847
22,1,2400.0,1500.0,1.4961246406199433,0.0021915163807353223,agent_2,0.002225781837293407
22,1,2700.0,1800.0,1.7933810100246617,0.0026090355972167656,agent_0,0.0027292681118504915
22,1,2700.0,1800.0,1.7933810100246617,0.0026090355972167656,agent_1,0.0025702045581235673
22,1,2700.0,1800.0,1.7933810100246617,0.0026090355972167656,agent_2,0.0026349748139611905
22,1,3000.0,2100.0,2.089623594792185,0.003017392853044002,agent_0,0.003173075342238755
22,1,3000.0,2100.0,2.089623594792185,0.003017392853044002,agent_1,0.002988933381718566
22,1,3000.0,2100.0,2.089623594792185,0.003017392853044002,agent_2,0.003030339757055314
22,1,3300.0,2400.0,2.384727416052767,0.00341572002415852,agent_0,0.0036107295770266847
22,1,3300.0,2400.0,2.384727416052767,0.00341572002415852,agent_1,0.0034020911894011175
22,1,3300.0,2400.0,2.384727416052767,0.00341572002415852,agent_2,0.003411195843868902
22,1,3600.0,2700.0,2.678584474626957,0.0038031924706554586,agent_0,0.004041202705222388
22,1,3600.0,2700.0,2.678584474626957,0.0038031924706554586,agent_1,0.0038086925619183368
22,1,3600.0,2700.0,2.678584474626957,0.0038031924706554586,agent_2,0.0037769138752293983
22,1,3900.0,3000.0,2.971105154388382,0.004179027257655599,agent_0,0.004463508291853468
22,1,3900.0,3000.0,2.971105154388382,0.004179027257655599,agent_1,0.004207783897773299
22,1,3900.0,3000.0,2.971105154388382,0.004179027257655599,agent_2,0.004126911401656987
22,1,4200.0,3300.0,3.2622195170268373,0.004542481002688257,agent_0,0.004876698195127482
22,1,4200.0,3300.0,3.2622195170268373,0.004542481002688257,agent_1,0.0045984426138375315
22,1,4200.0,3300.0,3.2622195170268373,0.004542481002688257,agent_2,0.004460651681329486
22,1,4500.0,3600.0,3.5518785116746914,0.004892849393181803,agent_0,0.005279864695151035
22,1,4500.0,3600.0,3.5518785116746914,0.004892849393181803,agent_1,0.004979776910031149
22,1,4500.0,3600.0,3.5518785116746914,0.004892849393181803,agent_2,0.004777640812063949
22,1,4800.0,3900.0,3.8400550824956765,0.0052294662460234485,agent_0,0.005672137604952036
22,1,4800.0,3900.0,3.8400550824956765,0.0052294662460234485,agent_1,0.005350926869550953
22,1,4800.0,3900.0,3.8400550824956765,0.0052294662460234485,agent_2,0.005077426043978164
22,1,5100.0,4200.0,4.126745195695523,0.005551700212436577,agent_0,0.006052683858078493
22,1,5100.0,4200.0,4.126745195695523,0.005551700212436577,agent_1,0.005711062444575363
22,1,5100.0,4200.0,4.126745195695523,0.005551700212436577,agent_2,0.005359593018361217
22,1,5400.0,4500.0,4.411968767002765,0.005858955447131958,agent_0,0.006420705870502426
22,1,5400.0,4500.0,4.411968767002765,0.005858955447131958,agent_1,0.006059383688521871
22,1,5400.0,4500.0,4.411968767002765,0.005858955447131958,agent_2,0.0056237630056705625
22,5,900.0,0.0,0.0,8.537736462515939e-07,agent_0,0.0
22,5,900.0,0.0,0.0,8.537736462515939e-07,agent_1,0.0
22,5,900.0,0.0,0.0,8.537736462515939e-07,agent_2,8.537736462515939e-07
22,5,1200.0,300.0,1.4998395224705974,0.002243671334534784,agent_0,0.0022840549852853323
22,5,1200.0,300.0,1.4998395224705974,0.002243671334534784,agent_1,0.002148486563023951
22,5,1200.0,300.0,1.4998395224705974,0.002243671334534784,agent_2,0.0023310575470432897
22,5,1500.0,600.0,2.99872493594044,0.004466627621593896,agent_0,0.004572581862330478
22,5,1500.0,600.0,2.99872493594044,0.004466627621593896,agent_1,0.004301993934706734
22,5,1500.0,600.0,2.99872493594044,0.004466627621593896,agent_2,0.00461410978003407
22,5,1800.0,900.0,4.495731248540446,0.006663364529379403,agent_0,0.006859170453419416
22,5,1800.0,900.0,4.495731248540446,0.006663364529379403,agent_1,0.006454645992487597
22,5,1800.0,900.0,4.495731248540446,0.006663364529379403,agent_2,0.00684431977212785
22,5,2100.0,1200.0,5.989974888779312,0.008828619691795655,agent_0,0.009137620780206794
22,5,2100.0,1200.0,5.989974888779312,0.008828619691795655,agent_1,0.008600720241825878
22,5,2100.0,1200.0,5.989974888779312,0.008828619691795655,agent_2,0.009017158980798039
22,5,2400.0,1500.0,7.480623717044005,0.010957367481242002,agent_0,0.011401945270392287
22,5,2400.0,1500.0,7.480623717044005,0.010957367481242002,agent_1,0.010734648991723317
22,5,2400.0,1500.0,7.480623717044005,0.010957367481242002,agent_2,0.011128397220644664
22,5,2700.0,1800.0,8.966906307834146,0.013044815224659126,agent_0,0.013646369407980776
22,5,2700.0,1800.0,8.966906307834146,0.013044815224659126,agent_1,0.012851022079098119
22,5,2700.0,1800.0,8.966906307834146,0.013044815224659126,agent_2,0.013174091747242204
22,5,3000.0,2100.0,10.448120644811661,0.015086396544659425,agent_0,0.015865328609769244
22,5,3000.0,2100.0,10.448120644811661,0.015086396544659425,agent_1,0.014944586396766634
22,5,3000.0,2100.0,10.448120644811661,0.015086396544659425,agent_2,0.015150574724776551
22,5,3300.0,2400.0,11.923642191322527,0.01707776835383071,agent_0,0.018053470565133234
22,5,3300.0,2400.0,11.923642191322527,0.01707776835383071,agent_1,0.017010249866922882
22,5,3300.0,2400.0,11.923642191322527,0.01707776835383071,agent_2,0.01705444365327544
22,5,3600.0,2700.0,13.392931404250712,0.019014800390036914,agent_0,0.020205647174710448
22,5,3600.0,2700.0,13.392931404250712,0.019014800390036914,agent_1,0.019043076367175622
22,5,3600.0,2700.0,13.392931404250712,0.019014800390036914,agent_2,0.01888254601784313
22,5,3900.0,3000.0,14.855540753470942,0.020893573731579893,agent_0,0.02231691689777019
22,5,3900.0,3000.0,14.855540753470942,0.020893573731579893,agent_1,0.021038290962945263
22,5,3900.0,3000.0,14.855540753470942,0.020893573731579893,agent_2,0.020631971238262284
22,5,4200.0,3300.0,16.311121195452586,0.022710368017432037,agent_0,0.02438253457300259
22,5,4200.0,3300.0,16.311121195452586,0.022710368017432037,agent_1,0.02299127298859876
22,5,4200.0,3300.0,16.311121195452586,0.022710368017432037,agent_2,0.022300034133244887
22,5,4500.0,3600.0,17.759428217518835,0.02446165978694406,agent_0,0.02639795267579198
22,5,4500.0,3600.0,17.759428217518835,0.02446165978694406,agent_1,0.02489755998269498
22,5,4500.0,3600.0,17.759428217518835,0.02446165978694406,agent_2,0.0238842671276174
22,5,4800.0,3900.0,19.200327369188013,0.02614411596686196,agent_0,0.028358817256050363
22,5,4800.0,3900.0,19.200327369188013,0.02614411596686196,agent_1,0.026752846896555122
22,5,4800.0,3900.0,19.200327369188013,0.02614411596686196,agent_2,0.02538240969318677
22,5,5100.0,4200.0,20.633799386959033,0.027754580396311127,agent_0,0.030260956067982722
22,5,5100.0,4200.0,20.633799386959033,0.027754580396311127,agent_1,0.02855297858608732
22,5,5100.0,4200.0,20.633799386959033,0.027754580396311127,agent_2,0.0267923912224819
22,5,5400.0,4500.0,22.059944818317685,0.029290072914534025,agent_0,0.032100379870805114
22,5,5400.0,4500.0,22.059944818317685,0.029290072914534025,agent_1,0.030293953672840195
22,5,5400.0,4500.0,22.059944818317685,0.029290072914534025,agent_2,0.02811232535300027
22,10,900.0,0.0,0.0,8.537736462515939e-07,agent_0,0.0
22,10,900.0,0.0,0.0,8.537736462515939e-07,agent_1,0.0
22,10,900.0,0.0,0.0,8.537736462515939e-07,agent_2,8.537736462515939e-07
22,10,1200.0,300.0,2.9996790453716686,0.004487338446455879,agent_0,0.0045681350237664516
22,10,1200.0,300.0,2.9996790453716686,0.004487338446455879,agent_1,0.004296993822575473
22,10,1200.0,300.0,2.9996790453716686,0.004487338446455879,agent_2,0.00466207874314824
22,10,1500.0,600.0,5.997449885644887,0.008933219673483716,agent_0,0.009145247821964464
22,10,1500.0,600.0,5.997449885644887,0.008933219673483716,agent_1,0.008604053575548809
22,10,1500.0,600.0,5.997449885644887,0.008933219673483716,agent_2,0.009228058902170362
22,10,1800.0,900.0,8.99146260016075,0.013326610361354652,agent_0,0.01371848726550845
22,10,1800.0,900.0,8.99146260016075,0.013326610361354652,agent_1,0.01290940245147223
22,10,1800.0,900.0,8.99146260016075,0.013326610361354652,agent_2,0.013688242845313519
22,10,2100.0,1200.0,11.979950205607018,0.017656961666620022,agent_0,0.018275425652392253
22,10,2100.0,1200.0,11.979950205607018,0.017656961666620022,agent_1,0.017201570350703275
22,10,2100.0,1200.0,11.979950205607018,0.017656961666620022,agent_2,0.018033553859468542
22,10,2400.0,1500.0,14.961248720038022,0.02191420061784112,agent_0,0.022804060467819274
22,10,2400.0,1500.0,14.961248720038022,0.02191420061784112,agent_1,0.021469397693110973
22,10,2400.0,1500.0,14.961248720038022,0.02191420061784112,agent_2,0.022255514687193324
22,10,2700.0,1800.0,17.93381576256244,0.026088721635015293,agent_0,0.027292815527277737
22,10,2700.0,1800.0,17.93381576256244,0.026088721635015293,agent_1,0.02570204046275755
22,10,2700.0,1800.0,17.93381576256244,0.026088721635015293,agent_2,0.026346225918777434
22,10,3000.0,2100.0,20.89624797209442,0.030171374053780693,agent_0,0.03173053702168363
22,10,3000.0,2100.0,20.89624797209442,0.030171374053780693,agent_1,0.029888970360496557
22,10,3000.0,2100.0,20.89624797209442,0.030171374053780693,agent_2,0.03029834071413641
22,10,3300.0,2400.0,23.84729717010567,0.03415345606986415,agent_0,0.03610649614603026
22,10,3300.0,2400.0,23.84729717010567,0.03415345606986415,agent_1,0.03401998161250097
22,10,3300.0,2400.0,23.84729717010567,0.03415345606986415,agent_2,0.034105046369471266
22,10,3600.0,2700.0,26.785885402783837,0.03802669385845895,agent_0,0.04041037478855009
22,10,3600.0,2700.0,26.785885402783837,0.03802669385845895,agent_1,0.03808518273019474
22,10,3600.0,2700.0,26.785885402783837,0.03802669385845895,agent_2,0.03776003238180574
22,10,3900.0,3000.0,29.711118986652508,0.041783238341726515,agent_0,0.044632269673809594
22,10,3900.0,3000.0,29.711118986652508,0.041783238341726515,agent_1,0.04207500544844279
22,10,3900.0,3000.0,29.711118986652508,0.041783238341726515,agent_2,0.04125747561489452
22,10,4200.0,3300.0,32.62230145472949,0.045415640532168434,agent_0,0.04876267261194659
22,10,4200.0,3300.0,32.62230145472949,0.045415640532168434,agent_1,0.045980192322831945
22,10,4200.0,3300.0,32.62230145472949,0.045415640532168434,agent_2,0.04459200585401547
22,10,4500.0,3600.0,35.51894563591285,0.04891684739721787,agent_0,0.05279247264704743
22,10,4500.0,3600.0,35.51894563591285,0.04891684739721787,agent_1,0.04979180414180644
22,10,4500.0,3600.0,35.51894563591285,0.04891684739721787,agent_2,0.047758691360557284
22,10,4800.0,3900.0,38.4007847004031,0.05228018922629949,agent_0,0.05671294856779672
22,10,4800.0,3900.0,38.4007847004031,0.05228018922629949,agent_1,0.053501218911689914
22,10,4800.0,3900.0,38.4007847004031,0.05228018922629949,agent_2,0.050753016834104485
22,10,5100.0,4200.0,41.26778238379002,0.05549935283881365,agent_0,0.06051574494013549
22,10,5100.0,4200.0,41.26778238379002,0.05549935283881365,agent_1,0.05710011631724869
22,10,5100.0,4200.0,41.26778238379002,0.05549935283881365,agent_2,0.0535708492236006
22,10,5400.0,4500.0,44.12014220143158,0.05856837935510597,agent_0,0.06419287512975594
22,10,5400.0,4500.0,44.12014220143158,0.05856837935510597,agent_1,0.060580486194137036
22,10,5400.0,4500.0,44.12014220143158,0.05856837935510597,agent_2,0.05620842642819453
22,25,900.0,0.0,0.0,8.537736462515939e-07,agent_0,0.0
22,25,900.0,0.0,0.0,8.537736462515939e-07,agent_1,0.0
22,25,900.0,0.0,0.0,8.537736462515939e-07,agent_2,8.537736462515939e-07
22,25,1200.0,300.0,7.499197616711626,0.011218312018450886,agent_0,0.011420531560805424
22,25,1200.0,300.0,7.499197616711626,0.011218312018450886,agent_1,0.010742639141842045
22,25,1200.0,300.0,7.499197616711626,0.011218312018450886,agent_2,0.011654926451488428
22,25,1500.0,600.0,14.993624817544887,0.022332781203722826,agent_0,0.022863750457496907
22,25,1500.0,600.0,14.993624817544887,0.022332781203722826,agent_1,0.021510626855777946
22,25,1500.0,600.0,14.993624817544887,0.022332781203722826,agent_2,0.023068941722056372
22,25,1800.0,900.0,22.47865727506399,0.03331563342081216,agent_0,0.03429731401462867
22,25,1800.0,900.0,22.47865727506399,0.03331563342081216,agent_1,0.03227433315803472
22,25,1800.0,900.0,22.47865727506399,0.03331563342081216,agent_2,0.03421762984442747
22,25,2100.0,1200.0,29.949878730656874,0.04414031767691393,agent_0,0.045689940221083455
22,25,2100.0,1200.0,29.949878730656874,0.04414031767691393,agent_1,0.043004895849328595
22,25,2100.0,1200.0,29.949878730656874,0.04414031767691393,agent_2,0.04507815009816541
22,25,2400.0,1500.0,37.403131463149734,0.0547814864293282,agent_0,0.05701141528278245
22,25,2400.0,1500.0,37.403131463149734,0.0547814864293282,agent_1,0.05367423385067633
22,25,2400.0,1500.0,37.403131463149734,0.0547814864293282,agent_2,0.05562918233462272
22,25,2700.0,1800.0,44.83456305183747,0.06521497556363426,agent_0,0.06823259896038805
22,25,2700.0,1800.0,44.83456305183747,0.06521497556363426,agent_1,0.06425506066140442
22,25,2700.0,1800.0,44.83456305183747,0.06521497556363426,agent_2,0.06585087336954638
22,25,3000.0,2100.0,52.24067013819737,0.07541777377827391,agent_0,0.07932541644976056
22,25,3000.0,2100.0,52.24067013819737,0.07541777377827391,agent_1,0.0747208868394836
22,25,3000.0,2100.0,52.24067013819737,0.07541777377827391,agent_2,0.0757247735504871
22,25,3300.0,2400.0,59.618338995109546,0.0853680090823388,agent_0,0.09026286720851044
22,25,3300.0,2400.0,59.618338995109546,0.0853680090823388,agent_1,0.08504603882416777
22,25,3300.0,2400.0,59.618338995109546,0.0853680090823388,agent_2,0.08523379161218242
22,25,3600.0,2700.0,66.96488323921112,0.09504489686232498,agent_0,0.10101899037608207
22,25,3600.0,2700.0,66.96488323921112,0.09504489686232498,agent_1,0.09520564002926474
22,25,3600.0,2700.0,66.96488323921112,0.09504489686232498,agent_2,0.0943621130957826
22,25,3900.0,3000.0,74.27807899443243,0.10442873248238213,agent_0,0.11156887697403446
22,25,3900.0,3000.0,74.27807899443243,0.10442873248238213,agent_1,0.10517563444934973
22,25,3900.0,3000.0,74.27807899443243,0.10442873248238213,agent_2,0.10309516368351405
22,25,4200.0,3300.0,81.55619724771908,0.1135008301465728,agent_0,0.12188862172669722
22,25,4200.0,3300.0,81.55619724771908,0.1135008301465728,agent_1,0.11493275708738822
22,25,4200.0,3300.0,81.55619724771908,0.1135008301465728,agent_2,0.11141952218950674
22,25,4500.0,3600.0,88.79803397681593,0.12224351263079344,agent_0,0.13195532938122428
22,25,4500.0,3600.0,88.79803397681593,0.12224351263079344,agent_1,0.1244545535175957
22,25,4500.0,3600.0,88.79803397681593,0.12224351263079344,agent_2,0.1193228838683039
22,25,4800.0,3900.0,96.00293763249202,0.13064007999116867,agent_0,0.14174709730415241
22,25,4800.0,3900.0,96.00293763249202,0.13064007999116867,agent_1,0.13371937865843914
22,25,4800.0,3900.0,96.00293763249202,0.13064007999116867,agent_2,0.1267940045025092
22,25,5100.0,4200.0,103.17083450535463,0.13867474261998183,agent_0,0.15124295595554665
22,25,5100.0,4200.0,103.17083450535463,0.13867474261998183,agent_1,0.14270635840000753
22,25,5100.0,4200.0,103.17083450535463,0.13867474261998183,agent_2,0.13382261394882147
22,25,5400.0,4500.0,110.30225150709924,0.1463326152725741,agent_0,0.1604228773141715
22,25,5400.0,4500.0,110.30225150709924,0.1463326152725741,agent_1,0.1513954118751689
22,25,5400.0,4500.0,110.30225150709924,0.1463326152725741,agent_2,0.14039938740059546
22,50,900.0,0.0,0.0,8.537736462515939e-07,agent_0,0.0
22,50,900.0,0.0,0.0,8.537736462515939e-07,agent_1,0.0
22,50,900.0,0.0,0.0,8.537736462515939e-07,agent_2,8.537736462515939e-07
22,50,1200.0,300.0,14.99839524437065,0.022436510662238143,agent_0,0.02284170834953995
22,50,1200.0,300.0,14.99839524437065,0.022436510662238143,agent_1,0.021485793365702055
22,50,1200.0,300.0,14.99839524437065,0.022436510662238143,agent_2,0.0233089515639173
22,50,1500.0,600.0,29.987249981209114,0.044664666012923335,agent_0,0.045729600038703654
22,50,1500.0,600.0,29.987249981209114,0.044664666012923335,agent_1,0.043022893888838905
22,50,1500.0,600.0,29.987249981209114,0.044664666012923335,agent_2,0.046133861083368415
22,50,1800.0,900.0,44.95731714256273,0.06662827999142223,agent_0,0.06859826820767391
22,50,1800.0,900.0,44.95731714256273,0.06662827999142223,agent_1,0.06455141195344571
22,50,1800.0,900.0,44.95731714256273,0.06662827999142223,agent_2,0.06842532461605348
22,50,2100.0,1200.0,59.899768225199175,0.08827365314621341,agent_0,0.09138443684812136
22,50,2100.0,1200.0,59.899768225199175,0.08827365314621341,agent_1,0.08601299915921817
22,50,2100.0,1200.0,59.899768225199175,0.08827365314621341,agent_2,0.09013716190109183
22,50,2400.0,1500.0,74.80629525891169,0.10954953828898183,agent_0,0.11402698428316989
22,50,2400.0,1500.0,74.80629525891169,0.10954953828898183,agent_1,0.10735088293960236
22,50,2400.0,1500.0,74.80629525891169,0.10954953828898183,agent_2,0.1112263089172903
22,50,2700.0,1800.0,89.66920521245896,0.13040710526352758,agent_0,0.13646696150508322
22,50,2700.0,1800.0,89.66920521245896,0.13040710526352758,agent_1,0.12850989993133488
22,50,2700.0,1800.0,89.66920521245896,0.13040710526352758,agent_2,0.13165271121799385
22,50,3000.0,2100.0,104.48150823129664,0.15079988324348542,agent_0,0.15864758314026597
22,50,3000.0,2100.0,104.48150823129664,0.15079988324348542,agent_1,0.14943650761720184
22,50,3000.0,2100.0,104.48150823129664,0.15079988324348542,agent_2,0.15137919710062617
22,50,3300.0,2400.0,119.2369993130098,0.17068373696762892,agent_0,0.1805142512976623
22,50,3300.0,2400.0,119.2369993130098,0.17068373696762892,agent_1,0.17007882759200965
22,50,3300.0,2400.0,119.2369993130098,0.17068373696762892,agent_2,0.17037138680840608
22,50,3600.0,2700.0,133.93033408205247,0.190016765223319,agent_0,0.20201449226776608
22,50,3600.0,2700.0,133.93033408205247,0.190016765223319,agent_1,0.19038661337847884
22,50,3600.0,2700.0,133.93033408205247,0.190016765223319,agent_2,0.18859752800327645
22,50,3900.0,3000.0,148.55709927257072,0.20875928799843577,agent_0,0.22309798587688484
22,50,3900.0,3000.0,148.55709927257072,0.20875928799843577,agent_1,0.21031130236176154
22,50,3900.0,3000.0,148.55709927257072,0.20875928799843577,agent_2,0.20602842087844173
22,50,4200.0,3300.0,163.1138773969882,0.22687372551736742,agent_0,0.24371647349585862
22,50,4200.0,3300.0,163.1138773969882,0.22687372551736742,agent_1,0.22980596117466673
22,50,4200.0,3300.0,163.1138773969882,0.22687372551736742,agent_2,0.22263724204974802
22,50,4500.0,3600.0,177.59830675250512,0.24432457851345696,agent_0,0.263823774539271
22,50,4500.0,3600.0,177.59830675250512,0.24432457851345696,agent_1,0.24882532867078055
22,50,4500.0,3600.0,177.59830675250512,0.24432457851345696,agent_2,0.23839946873408885
22,50,4800.0,3900.0,192.00913593362222,0.2610783659251022,agent_0,0.2833757547528486
22,50,4800.0,3900.0,192.00913593362222,0.2610783659251022,agent_1,0.2673258170109209
22,50,4800.0,3900.0,192.00913593362222,0.2610783659251022,agent_2,0.2532927642675183
22,50,5100.0,4200.0,206.34627390610297,0.27710349116229166,agent_0,0.3023302098601104
22,50,5100.0,4200.0,206.34627390610297,0.27710349116229166,agent_1,0.2852654377588321
22,50,5100.0,4200.0,206.34627390610297,0.27710349116229166,agent_2,0.26729680229932073
22,50,5400.0,4500.0,220.6108347046667,0.292370229506619,agent_0,0.3206468845048525
22,50,5400.0,4500.0,220.6108347046667,0.292370229506619,agent_1,0.30260384903292975
22,50,5400.0,4500.0,220.6108347046667,0.292370229506619,agent_2,0.2803932063704518
22,100,900.0,0.0,0.0,8.537736462515939e-07,agent_0,0.0
22,100,900.0,0.0,0.0,8.537736462515939e-07,agent_1,0.0
22,100,900.0,0.0,0.0,8.537736462515939e-07,agent_2,8.537736462515939e-07
22,100,1200.0,300.0,29.9967905329081,0.044872564386231224,agent_0,0.0456859944373379
22,100,1200.0,300.0,29.9967905329081,0.044872564386231224,agent_1,0.04297364390293132
22,100,1200.0,300.0,29.9967905329081,0.044872564386231224,agent_2,0.04661429446334657
22,100,1500.0,600.0,59.974501357329295,0.08932571950134133,agent_0,0.09146756866591499
22,100,1500.0,600.0,59.974501357329295,0.08932571950134133,agent_1,0.0860523249458887
22,100,1500.0,600.0,59.974501357329295,0.08932571950134133,agent_2,0.09225160724184557
22,100,1800.0,900.0,89.91464473170711,0.1332445241042416,agent_0,0.13721100094014332
22,100,1800.0,900.0,89.91464473170711,0.1332445241042416,agent_1,0.12911372567809645
22,100,1800.0,900.0,89.91464473170711,0.1332445241042416,agent_2,0.13681082870968958
22,100,2100.0,1200.0,119.79957981898141,0.1765191743250645,agent_0,0.18278686907497213
22,100,2100.0,1200.0,119.79957981898141,0.1765191743250645,agent_1,0.1720386353476468
22,100,2100.0,1200.0,119.79957981898141,0.1765191743250645,agent_2,0.18019759636482516
22,100,2400.0,1500.0,149.61272076553135,0.21904495709147034,agent_0,0.22807013231889825
22,100,2400.0,1500.0,149.61272076553135,0.21904495709147034,agent_1,0.21471104956526238
22,100,2400.0,1500.0,149.61272076553135,0.21904495709147034,agent_2,0.222324086488286
22,100,2700.0,1800.0,179.33872903609932,0.2607221983806089,agent_0,0.2729402006475904
22,100,2700.0,1800.0,179.33872903609932,0.2607221983806089,agent_1,0.25701826560513286
22,100,2700.0,1800.0,179.33872903609932,0.2607221983806089,agent_2,0.26310880401772496
22,100,3000.0,2100.0,208.96369273291756,0.3014561634286053,agent_0,0.3172809461058028
22,100,3000.0,2100.0,208.96369273291756,0.3014561634286053,agent_1,0.29885093224126213
22,100,3000.0,2100.0,208.96369273291756,0.3014561634286053,agent_2,0.30247632874883107
22,100,3300.0,2400.0,238.47529206242663,0.34115702201544224,agent_0,0.3609807770765183
22,100,3300.0,2400.0,238.47529206242663,0.34115702201544224,agent_1,0.34010316074057106
22,100,3300.0,2400.0,238.47529206242663,0.34115702201544224,agent_2,0.3403571307616097
22,100,3600.0,2700.0,267.86295223500133,0.37973965543163296,agent_0,0.40393253539004886
22,100,3600.0,2700.0,267.86295223500133,0.37973965543163296,agent_1,0.3806724828865743
22,100,3600.0,2700.0,267.86295223500133,0.37973965543163296,agent_2,0.3766872362342123
22,100,3900.0,3000.0,297.1179849843626,0.41712363818264214,agent_0,0.4460335758046617
22,100,3900.0,3000.0,297.1179849843626,0.41712363818264214,agent_1,0.4204599750328795
22,100,3900.0,3000.0,297.1179849843626,0.41712363818264214,agent_2,0.41140806996543466
22,100,4200.0,3300.0,326.23371765352226,0.4532330012736524,agent_0,0.48718560019744306
22,100,4200.0,3300.0,326.23371765352226,0.4532330012736524,agent_1,0.4593701670133979
22,100,4200.0,3300.0,326.23371765352226,0.4532330012736524,agent_2,0.4444660943932738
22,100,4500.0,3600.0,355.20561210816624,0.48799619552732604,agent_0,0.5272947058339658
22,100,4500.0,3600.0,355.20561210816624,0.48799619552732604,agent_1,0.4973111440696861
22,100,4500.0,3600.0,355.20561210816624,0.48799619552732604,agent_2,0.4758126470913339
22,100,4800.0,3900.0,384.03137185100434,0.5213459678500679,agent_0,0.5662713348994884
22,100,4800.0,3900.0,384.03137185100434,0.5213459678500679,agent_1,0.5341945628398778
22,100,4800.0,3900.0,384.03137185100434,0.5213459678500679,agent_2,0.5054036999779831
22,100,5100.0,4200.0,412.71103941636187,0.5532190932504355,agent_0,0.6040300521949246
22,100,5100.0,4200.0,412.71103941636187,0.5532190932504355,agent_1,0.5699355155226046
22,100,5100.0,4200.0,412.71103941636187,0.5532190932504355,agent_2,0.5331994956917779
22,100,5400.0,4500.0,441.24708219236817,0.5835563469102459,agent_0,0.6404895912224782
22,100,5400.0,4500.0,441.24708219236817,0.5835563469102459,agent_1,0.6044526339276631
22,100,5400.0,4500.0,441.24708219236817,0.5835563469102459,agent_2,0.5591644130066479
23,1,900.0,0.0,0.0,8.537736462515939e-07,agent_0,0.0
23,1,900.0,0.0,0.0,8.537736462515939e-07,agent_1,0.0
23,1,900.0,0.0,0.0,8.537736462515939e-07,agent_2,0.0
23,1,1200.0,300.0,0.29997797499394047,0.00039566122130588514,agent_0,0.0003571285258112921
23,1,1200.0,300.0,0.29997797499394047,0.00039566122130588514,agent_1,0.0003471007282371263
23,1,1200.0,300.0,0.29997797499394047,0.00039566122130588514,agent_2,0.00046040095158997817
23,1,1500.0,600.0,0.5998251089087911,0.0007873640175341326,agent_0,0.0007090491184197448
23,1,1500.0,600.0,0.5998251089087911,0.0007873640175341326,agent_1,0.0006900123393735365
23,1,1500.0,600.0,0.5998251089087911,0.0007873640175341326,agent_2,0.0009153377300833977
23,1,1800.0,900.0,0.8994145567431382,0.0011745595257795789,agent_0,0.0010555525777559342
23,1,1800.0,900.0,0.8994145567431382,0.0011745595257795789,agent_1,0.0010284879257147824
23,1,1800.0,900.0,0.8994145567431382,0.0011745595257795789,agent_2,0.0013637336367065074
23,1,2100.0,1200.0,1.1986245698821136,0.0015567260187466844,agent_0,0.0013964474806285388
23,1,2100.0,1200.0,1.1986245698821136,0.0015567260187466844,agent_1,0.0013622840766137514
23,1,2100.0,1200.0,1.1986245698821136,0.0015567260187466844,agent_2,0.0018045911242297228
23,1,2400.0,1500.0,1.497339251378817,0.0019333677357217885,agent_0,0.0017315548319541147
23,1,2400.0,1500.0,1.497339251378817,0.0019333677357217885,agent_1,0.0016911669847878444
23,1,2400.0,1500.0,1.497339251378817,0.0019333677357217885,agent_2,0.002236978683227233
23,1,2700.0,1800.0,1.7954492360504988,0.002304019194611936,agent_0,0.0020607114118020077
23,1,2700.0,1800.0,1.7954492360504988,0.002304019194611936,agent_1,0.002014919552413472
23,1,2700.0,1800.0,1.7954492360504988,0.002304019194611936,agent_2,0.002660043156073911
23,1,3000.0,2100.0,2.0928523208630905,0.00266824057631761,agent_0,0.002383767364067764
23,1,3000.0,2100.0,2.0928523208630905,0.00266824057631761,agent_1,0.0023333301051357553
23,1,3000.0,2100.0,2.0928523208630905,0.00266824057631761,agent_2,0.003073002964125614
23,1,3300.0,2400.0,2.38945403589535,0.0030256157636889365,agent_0,0.0027005820000743784
23,1,3300.0,2400.0,2.38945403589535,0.0030256157636889365,agent_1,0.00264619604426709
23,1,3300.0,2400.0,2.38945403589535,0.0030256157636889365,agent_2,0.003475148319501408
23,1,3600.0,2700.0,2.6851681671735927,0.0033757533041095726,agent_0,0.0030110242303955986
23,1,3600.0,2700.0,2.6851681671735927,0.0033757533041095726,agent_1,0.0029533228746556183
23,1,3600.0,2700.0,2.6851681671735927,0.0033757533041095726,agent_2,0.003865837386596227
23,1,3900.0,3000.0,2.9799172425292095,0.0037182824470580605,agent_0,0.0033149699934312982
23,1,3900.0,3000.0,2.9799172425292095,0.0037182824470580605,agent_1,0.0032545204119744657
23,1,3900.0,3000.0,2.9799172425292095,0.0037182824470580605,agent_2,0.004244496420531987
23,1,4200.0,3300.0,3.273632968845899,0.004052854147108982,agent_0,0.0036123028788263814
23,1,4200.0,3300.0,3.273632968845899,0.004052854147108982,agent_1,0.0035496050831215014
23,1,4200.0,3300.0,3.273632968845899,0.004052854147108982,agent_2,0.0046106158718868485
23,1,4500.0,3600.0,3.5662566438579626,0.004379138698078244,agent_0,0.0039029119024134567
23,1,4500.0,3600.0,3.5662566438579626,0.004379138698078244,agent_1,0.0038383980624791107
23,1,4500.0,3600.0,3.5662566438579626,0.004379138698078244,agent_2,0.004963748126652512
23,1,4800.0,3900.0,3.857739525999695,0.004696823548276091,agent_0,0.0041866899887551216
23,1,4800.0,3900.0,3.857739525999695,0.004696823548276091,agent_1,0.00412072273891036
23,1,4800.0,3900.0,3.857739525999695,0.004696823548276091,agent_2,0.005303503351668425
23,1,5100.0,4200.0,4.148043184717147,0.005005615476002835,agent_0,0.004463534502812188
23,1,5100.0,4200.0,4.148043184717147,0.005005615476002835,agent_1,0.0043964081408698055
23,1,5100.0,4200.0,4.148043184717147,0.005005615476002835,agent_2,0.005629548678317645
23,1,5400.0,4500.0,4.437139814189657,0.0053052339577972785,agent_0,0.004733343811047719
23,1,5400.0,4500.0,4.437139814189657,0.0053052339577972785,agent_1,0.004665281938660812
23,1,5400.0,4500.0,4.437139814189657,0.0053052339577972785,agent_2,0.005941599066002331
23,5,900.0,0.0,0.0,8.537736462515939e-07,agent_0,0.0
23,5,900.0,0.0,0.0,8.537736462515939e-07,agent_1,0.0
23,5,900.0,0.0,0.0,8.537736462515939e-07,agent_2,0.0
23,5,1200.0,300.0,1.4998898750740162,0.0019782968950673007,agent_0,0.0017856407921489896
23,5,1200.0,300.0,1.4998898750740162,0.0019782968950673007,agent_1,0.0017354895708465781
23,5,1200.0,300.0,1.4998898750740162,0.0019782968950673007,agent_2,0.002301999691695509
23,5,1500.0,600.0,2.999125547197902,0.0039368099973496285,agent_0,0.003545235106638533
23,5,1500.0,600.0,2.999125547197902,0.0039368099973496285,agent_1,0.003450051344626786
23,5,1500.0,600.0,2.999125547197902,0.0039368099973496285,agent_2,0.004576666592629688
23,5,1800.0,900.0,4.497072803502581,0.005872769518203547,agent_0,0.00527772946703778
23,5,1800.0,900.0,4.497072803502581,0.005872769518203547,agent_1,0.005142407666005486
23,5,1800.0,900.0,4.497072803502581,0.005872769518203547,agent_2,0.0068186132395329085
23,5,2100.0,1200.0,5.9931229312957,0.0077835623441082314,agent_0,0.006982163180139752
23,5,2100.0,1200.0,5.9931229312957,0.0077835623441082314,agent_1,0.006811349114039413
23,5,2100.0,1200.0,5.9931229312957,0.0077835623441082314,agent_2,0.009022830572342024
23,5,2400.0,1500.0,7.486696502654404,0.009666707182136008,agent_0,0.008657640130380173
23,5,2400.0,1500.0,7.486696502654404,0.009666707182136008,agent_1,0.008455712649603852
23,5,2400.0,1500.0,7.486696502654404,0.009666707182136008,agent_2,0.01118465875035378
23,5,2700.0,1800.0,8.977246781403142,0.011519872566915917,agent_0,0.010303345470622956
23,5,2700.0,1800.0,8.977246781403142,0.011519872566915917,agent_1,0.010074399416261258
23,5,2700.0,1800.0,8.977246781403142,0.011519872566915917,agent_2,0.013299826079027719
23,5,3000.0,2100.0,10.464262881112367,0.013340852488567118,agent_0,0.011918520620541441
23,5,3000.0,2100.0,10.464262881112367,0.013340852488567118,agent_1,0.011666352356595777
23,5,3000.0,2100.0,10.464262881112367,0.013340852488567118,agent_2,0.015364417501684777
23,5,3300.0,2400.0,11.947272624456874,0.015127565765945648,agent_0,0.013502461261092617
23,5,3300.0,2400.0,11.947272624456874,0.015127565765945648,agent_1,0.013230556360103566
23,5,3300.0,2400.0,11.947272624456874,0.015127565765945648,agent_2,0.01737487625401589
23,5,3600.0,2700.0,13.425845161477074,0.016878049111884657,agent_0,0.015054509548642923
23,5,3600.0,2700.0,13.425845161477074,0.016878049111884657,agent_1,0.01476603295025043
23,5,3600.0,2700.0,13.425845161477074,0.016878049111884657,agent_2,0.01932799426891761
23,5,3900.0,3000.0,14.899593400983248,0.018590446050028745,agent_0,0.016574044325329558
23,5,3900.0,3000.0,14.899593400983248,0.018590446050028745,agent_1,0.01627183218196048
23,5,3900.0,3000.0,14.899593400983248,0.018590446050028745,agent_2,0.021220894794109022
23,5,4200.0,3300.0,16.36817619891371,0.02026300747221337,agent_0,0.018060481045549838
23,5,4200.0,3300.0,16.36817619891371,0.02026300747221337,agent_1,0.017747033467735995
23,5,4200.0,3300.0,16.36817619891371,0.02026300747221337,agent_2,0.023051029217625512
23,5,4500.0,3600.0,17.83130041786606,0.02189408380628052,agent_0,0.019513263985732606
23,5,4500.0,3600.0,17.83130041786606,0.02189408380628052,agent_1,0.019190740386752878
23,5,4500.0,3600.0,17.83130041786606,0.02189408380628052,agent_2,0.02481615982986165
23,5,4800.0,3900.0,19.2887227757501,0.02348211089297724,agent_0,0.020931855284795627
23,5,4800.0,3900.0,19.2887227757501,0.02348211089297724,agent_1,0.02060207055900219
23,5,4800.0,3900.0,19.2887227757501,0.02348211089297724,agent_2,0.026514334824021876
23,5,5100.0,4200.0,20.740251596169756,0.02502562002965304,agent_0,0.02231574235093376
23,5,5100.0,4200.0,20.740251596169756,0.02502562002965304,agent_1,0.02198016415011646
23,5,5100.0,4200.0,20.740251596169756,0.02502562002965304,agent_2,0.028143891818748577
23,5,5400.0,4500.0,22.185748374598003,0.026523207175336145,agent_0,0.023664413603223827
23,5,5400.0,4500.0,22.185748374598003,0.026523207175336145,agent_1,0.023324161444526627
23,5,5400.0,4500.0,22.185748374598003,0.026523207175336145,agent_2,0.029703405379292506
23,10,900.0,0.0,0.0,8.537736462515939e-07,agent_0,0.0
23,10,900.0,0.0,0.0,8.537736462515939e-07,agent_1,0.0
23,10,900.0,0.0,0.0,8.537736462515939e-07,agent_2,0.0
23,10,1200.0,300.0,2.9997797503669106,0.003956590843018186,agent_0,0.0035712752573580156
23,10,1200.0,300.0,2.9997797503669106,0.003956590843018186,agent_1,0.0034709726318723844
23,10,1200.0,300.0,2.9997797503669106,0.003956590843018186,agent_2,0.004603992338840158
23,10,1500.0,600.0,5.998251101001049,0.007873597919296763,agent_0,0.007090437216476096
23,10,1500.0,600.0,5.998251101001049,0.007873597919296763,agent_1,0.006900073060191874
23,10,1500.0,600.0,5.998251101001049,0.007873597919296763,agent_2,0.009153287481720198
23,10,1800.0,900.0,8.99414565639635,0.011745465758613594,agent_0,0.010555368721776792
23,10,1800.0,900.0,8.99414565639635,0.011745465758613594,agent_1,0.01028473351762234
23,10,1800.0,900.0,8.99414565639635,0.011745465758613594,agent_2,0.013637085845008622
23,10,2100.0,1200.0,11.986246067426523,0.015566953859038555,agent_0,0.013964139850402705
23,10,2100.0,1200.0,11.986246067426523,0.015566953859038555,agent_1,0.013622526997278873
23,10,2100.0,1200.0,11.986246067426523,0.015566953859038555,agent_2,0.018045347198143217
23,10,2400.0,1500.0,14.973393620184222,0.01933308571588334,agent_0,0.01731494912623522
23,10,2400.0,1500.0,14.973393620184222,0.01933308571588334,agent_1,0.016911118860152913
23,10,2400.0,1500.0,14.973393620184222,0.01933308571588334,agent_2,0.022368731098137508
23,10,2700.0,1800.0,17.95449506705103,0.02303918598007633,agent_0,0.02060615981481593
23,10,2700.0,1800.0,17.95449506705103,0.02303918598007633,agent_1,0.02014830338360629
23,10,2700.0,1800.0,17.95449506705103,0.02303918598007633,agent_2,0.026598676801644485
23,10,3000.0,2100.0,20.92852895717306,0.02668083137207063,agent_0,0.023836247706682634
23,10,3000.0,2100.0,20.92852895717306,0.02668083137207063,agent_1,0.023331959091651228
23,10,3000.0,2100.0,20.92852895717306,0.02668083137207063,agent_2,0.030727338366598123
23,10,3300.0,2400.0,23.894551367115973,0.030253849323050894,agent_0,0.02700379754574717
23,10,3300.0,2400.0,23.894551367115973,0.030253849323050894,agent_1,0.026460049153995274
23,10,3300.0,2400.0,23.894551367115973,0.030253849323050894,agent_2,0.03474758940399193
23,10,3600.0,2700.0,26.8517011465863,0.03375430403692246,agent_0,0.030107488225923112
23,10,3600.0,2700.0,26.8517011465863,0.03375430403692246,agent_1,0.029530610598985645
23,10,3600.0,2700.0,26.8517011465863,0.03375430403692246,agent_2,0.038653003181590456
23,10,3900.0,3000.0,29.799204788218926,0.0371784743187052,agent_0,0.033146072675645614
23,10,3900.0,3000.0,29.799204788218926,0.0371784743187052,agent_1,0.03254173784827075
23,10,3900.0,3000.0,29.799204788218926,0.0371784743187052,agent_2,0.04243781819005213
23,10,4200.0,3300.0,32.73638080804556,0.04052285511870764,agent_0,0.03611837702620112
23,10,4200.0,3300.0,32.73638080804556,0.04052285511870764,agent_1,0.03549158504968569
23,10,4200.0,3300.0,32.73638080804556,0.04052285511870764,agent_2,0.04609693137177155
23,10,4500.0,3600.0,35.66264386624892,0.04378414137600565,agent_0,0.03902328629229848
23,10,4500.0,3600.0,35.66264386624892,0.04378414137600565,agent_1,0.038378354913555165
23,10,4500.0,3600.0,35.66264386624892,0.04378414137600565,agent_2,0.0496258640833133
23,10,4800.0,3900.0,38.577508463448055,0.046959200287631946,agent_0,0.04185972163962386
23,10,4800.0,3900.0,38.577508463448055,0.046959200287631946,agent_1,0.04120027900981514
23,10,4800.0,3900.0,38.577508463448055,0.046959200287631946,agent_2,0.053020711419896026
23,10,5100.0,4200.0,41.4805924378433,0.05004509060264402,agent_0,0.04462665499515615
23,10,5100.0,4200.0,41.4805924378433,0.05004509060264402,agent_1,0.04395563440329066
23,10,5100.0,4200.0,41.4805924378433,0.05004509060264402,agent_2,0.05627814934395122
23,10,5400.0,4500.0,44.37162009160247,0.05303900174526477,agent_0,0.04732306120829226
23,10,5400.0,4500.0,44.37162009160247,0.05303900174526477,agent_1,0.04664269919713528
23,10,5400.0,4500.0,44.37162009160247,0.05303900174526477,agent_2,0.059395329848030406
23,25,900.0,0.0,0.0,8.537736462515939e-07,agent_0,0.0
23,25,900.0,0.0,0.0,8.537736462515939e-07,agent_1,0.0
23,25,900.0,0.0,0.0,8.537736462515939e-07,agent_2,0.0
23,25,1200.0,300.0,7.499449377491407,0.00989145582065672,agent_0,0.008928139021809974
23,25,1200.0,300.0,7.499449377491407,0.00989145582065672,agent_1,0.008677388514051873
23,25,1200.0,300.0,7.499449377491407,0.00989145582065672,agent_2,0.011509927578783323
23,25,1500.0,600.0,14.995627802160255,0.019683829611543944,agent_0,0.017725843047219917
23,25,1500.0,600.0,14.995627802160255,0.019683829611543944,agent_1,0.017249959806896822
23,25,1500.0,600.0,14.995627802160255,0.019683829611543944,agent_2,0.022882874452370236
23,25,1800.0,900.0,22.485364512262578,0.029363114488782836,agent_0,0.02638774393137657
23,25,1800.0,900.0,22.485364512262578,0.029363114488782836,agent_1,0.025711219712906463
23,25,1800.0,900.0,22.485364512262578,0.029363114488782836,agent_2,0.03409165801339197
23,25,2100.0,1200.0,29.96561670822702,0.03891610024763498,agent_0,0.03490894706677133
23,25,2100.0,1200.0,29.96561670822702,0.03891610024763498,agent_1,0.0340550317474348
23,25,2100.0,1200.0,29.96561670822702,0.03891610024763498,agent_2,0.045111008492731544
23,25,2400.0,1500.0,37.43348867209868,0.048330243741310834,agent_0,0.04328488555448809
23,25,2400.0,1500.0,37.43348867209868,0.048330243741310834,agent_1,0.04227549526001971
23,25,2400.0,1500.0,37.43348867209868,0.048330243741310834,agent_2,0.05591742244551421
23,25,2700.0,1800.0,44.88624897351362,0.05759376291658109,agent_0,0.051511409951807065
23,25,2700.0,1800.0,44.88624897351362,0.05759376291658109,agent_1,0.050367036219154275
23,25,2700.0,1800.0,44.88624897351362,0.05759376291658109,agent_2,0.06648936359673732
23,25,3000.0,2100.0,52.3213464048488,0.06669551382419191,agent_0,0.05958465741421525
23,25,3000.0,2100.0,52.3213464048488,0.06669551382419191,agent_1,0.05832429632012156
23,25,3000.0,2100.0,52.3213464048488,0.06669551382419191,agent_2,0.07680710127703863
23,25,3300.0,2400.0,59.73642439705612,0.07562498791838985,agent_0,0.06750104260332569
23,25,3300.0,2400.0,59.73642439705612,0.07562498791838985,agent_1,0.06614213321326248
23,25,3300.0,2400.0,59.73642439705612,0.07562498791838985,agent_2,0.08685272207232632
23,25,3600.0,2700.0,67.1293342036474,0.08437227698786723,agent_0,0.075257220818926
23,25,3600.0,2700.0,67.1293342036474,0.08437227698786723,agent_1,0.07381559377873807
23,25,3600.0,2700.0,67.1293342036474,0.08437227698786723,agent_2,0.09661008043347753
23,25,3900.0,3000.0,74.4981471245158,0.09292801759790494,agent_0,0.08285003704739667
23,25,3900.0,3000.0,74.4981471245158,0.09292801759790494,agent_1,0.0813398730283121
23,25,3900.0,3000.0,74.4981471245158,0.09292801759790494,agent_2,0.10606471240484787
23,25,4200.0,3300.0,81.84116548773147,0.10128339524257617,agent_0,0.09027652397975702
23,25,4200.0,3300.0,81.84116548773147,0.10128339524257617,agent_1,0.08871031961278812
23,25,4200.0,3300.0,81.84116548773147,0.10128339524257617,agent_2,0.11520381781097457
23,25,4500.0,3600.0,89.1569329620356,0.10943010375467216,agent_0,0.09753386603787723
23,25,4500.0,3600.0,89.1569329620356,0.10943010375467216,agent_1,0.09592240797706776
23,25,4500.0,3600.0,89.1569329620356,0.10943010375467216,agent_2,0.1240161749833973
23,25,4800.0,3900.0,96.44424378903568,0.11736027598811793,agent_0,0.10461934209398391
23,25,4800.0,3900.0,96.44424378903568,0.11736027598811793,agent_1,0.10297168909264239
23,25,4800.0,3900.0,96.44424378903568,0.11736027598811793,agent_2,0.13249201303592792
23,25,5100.0,4200.0,103.70215149872672,0.12506653184678204,agent_0,0.11153036220924567
23,25,5100.0,4200.0,103.70215149872672,0.12506653184678204,agent_1,0.10985383198978592
23,25,5100.0,4200.0,103.70215149872672,0.12506653184678204,agent_2,0.14062302861017054
23,25,5400.0,4500.0,110.9299766793783,0.13254182585867172,agent_0,0.11826434755281405
23,25,5400.0,4500.0,110.9299766793783,0.13254182585867172,agent_1,0.11656451249822815
23,25,5400.0,4500.0,110.9299766793783,0.13254182585867172,agent_2,0.14840212285844764
23,50,900.0,0.0,0.0,8.537736462515939e-07,agent_0,0.0
23,50,900.0,0.0,0.0,8.537736462515939e-07,agent_1,0.0
23,50,900.0,0.0,0.0,8.537736462515939e-07,agent_2,0.0
23,50,1200.0,300.0,14.998898760253654,0.019782841540885394,agent_0,0.017856114033340566
23,50,1200.0,300.0,14.998898760253654,0.019782841540885394,agent_1,0.0173546342716293
23,50,1200.0,300.0,14.998898760253654,0.019782841540885394,agent_2,0.023019676348500957
23,50,1500.0,600.0,29.99125577057701,0.0393671058676628,agent_0,0.035450851199406434
23,50,1500.0,600.0,29.99125577057701,0.0393671058676628,agent_1,0.034499175293096464
23,50,1500.0,600.0,29.99125577057701,0.0393671058676628,agent_2,0.045764597757778885
23,50,1800.0,900.0,44.97073026757806,0.05872438773817396,agent_0,0.052773222004489376
23,50,1800.0,900.0,44.97073026757806,0.05872438773817396,agent_1,0.0514203870297449
23,50,1800.0,900.0,44.97073026757806,0.05872438773817396,agent_2,0.06817978168314609
23,50,2100.0,1200.0,59.93123857116789,0.07782790034448579,agent_0,0.06981320542769127
23,50,2100.0,1200.0,59.93123857116789,0.07782790034448579,agent_1,0.06810576533846233
23,50,2100.0,1200.0,59.93123857116789,0.07782790034448579,agent_2,0.09021412323390834
23,50,2400.0,1500.0,74.86699281621094,0.09665221667950573,agent_0,0.08656145522605715
23,50,2400.0,1500.0,74.86699281621094,0.09665221667950573,agent_1,0.08454329398569484
23,50,2400.0,1500.0,74.86699281621094,0.09665221667950573,agent_2,0.11182010666413368
23,50,2700.0,1800.0,89.7725357932297,0.11517345933040775,agent_0,0.1030094797247573
23,50,2700.0,1800.0,89.7725357932297,0.11517345933040775,agent_1,0.10072162593077381
23,50,2700.0,1800.0,89.7725357932297,0.11517345933040775,agent_2,0.1329542107965239
23,50,3000.0,2100.0,104.64277318175088,0.13336905459363216,agent_0,0.1191493784005621
23,50,3000.0,2100.0,104.64277318175088,0.13336905459363216,agent_1,0.11662986146569367
23,50,3000.0,2100.0,104.64277318175088,0.13336905459363216,agent_2,0.153576587582245
23,50,3300.0,2400.0,119.47300267870064,0.1512177278814533,agent_0,0.1349738235677601
23,50,3300.0,2400.0,119.47300267870064,0.1512177278814533,agent_1,0.13225754843721013
23,50,3300.0,2400.0,119.47300267870064,0.1512177278814533,agent_2,0.17365108625698594
23,50,3600.0,2700.0,134.25894059633634,0.16869943354981415,agent_0,0.15047598573402646
23,50,3600.0,2700.0,134.25894059633634,0.16869943354981415,agent_1,0.14759462847496765
23,50,3600.0,2700.0,134.25894059633634,0.16869943354981415,agent_2,0.19314515481340566
23,50,3900.0,3000.0,148.99674647328817,0.18579524417428667,agent_0,0.1656494309532027
23,50,3900.0,3000.0,148.99674647328817,0.18579524417428667,agent_1,0.1626313547657595
23,50,3900.0,3000.0,148.99674647328817,0.18579524417428667,agent_2,0.21202966637104043
23,50,4200.0,3300.0,163.68304513532308,0.20248735870290563,agent_0,0.18048811628473052
23,50,4200.0,3300.0,163.68304513532308,0.20248735870290563,agent_1,0.17735830274089032
23,50,4200.0,3300.0,163.68304513532308,0.20248735870290563,agent_2,0.23027888190269896
23,50,4500.0,3600.0,178.31494735196924,0.2187590210937857,agent_0,0.19498631721780985
23,50,4500.0,3600.0,178.31494735196924,0.2187590210937857,agent_1,0.19176631424367246
23,50,4500.0,3600.0,178.31494735196924,0.2187590210937857,agent_2,0.24787027748653692
23,50,4800.0,3900.0,192.8900682677356,0.23459438155926537,agent_0,0.20913851259221497
23,50,4800.0,3900.0,192.8900682677356,0.23459438155926537,agent_1,0.20584639895928178
23,50,4800.0,3900.0,192.8900682677356,0.23459438155926537,agent_2,0.264784286128121
23,50,5100.0,4200.0,207.40654473619455,0.2499785920562119,agent_0,0.2229394575053635
23,50,5100.0,4200.0,207.40654473619455,0.2499785920562119,agent_1,0.21958981719972853
23,50,5100.0,4200.0,207.40654473619455,0.2499785920562119,agent_2,0.2810043277800802
23,50,5400.0,4500.0,221.86305070003252,0.2648975008005922,agent_0,0.2363839424808838
23,50,5400.0,4500.0,221.86305070003252,0.2648975008005922,agent_1,0.2329878570967706
23,50,5400.0,4500.0,221.86305070003252,0.2648975008005922,agent_2,0.2965162796367265
23,100,900.0,0.0,0.0,8.537736462515939e-07,agent_0,0.0
23,100,900.0,0.0,0.0,8.537736462515939e-07,agent_1,0.0
23,100,900.0,0.0,0.0,8.537736462515939e-07,agent_2,0.0
23,100,1200.0,300.0,29.997797541782973,0.03956540020984056,agent_0,0.035711570671786444
23,100,1200.0,300.0,29.997797541782973,0.03956540020984056,agent_1,0.03470869596620005
23,100,1200.0,300.0,29.997797541782973,0.03956540020984056,agent_2,0.04603863348357682
23,100,1500.0,600.0,59.98251221174781,0.07873197973961071,agent_0,0.07089834924690025
23,100,1500.0,600.0,59.98251221174781,0.07873197973961071,agent_1,0.06899536089291063
23,100,1500.0,600.0,59.98251221174781,0.07873197973961071,agent_2,0.09152456218238857
23,100,1800.0,900.0,89.94146554858779,0.11744134948385737,agent_0,0.10553733689786379
23,100,1800.0,900.0,89.94146554858779,0.11744134948385737,agent_1,0.10283252389670097
23,100,1800.0,900.0,89.94146554858779,0.11744134948385737,agent_2,0.13634533154323417
23,100,2100.0,1200.0,119.86249792998578,0.15563845916665156,agent_0,0.13960755601846453
23,100,2100.0,1200.0,119.86249792998578,0.15563845916665156,agent_1,0.13619424514501716
23,100,2100.0,1200.0,119.86249792998578,0.15563845916665156,agent_2,0.18039645602135174
23,100,2400.0,1500.0,149.73404801943983,0.1932710833733981,agent_0,0.1730894589697283
23,100,2400.0,1500.0,149.73404801943983,0.1932710833733981,agent_1,0.16905562607715777
23,100,2400.0,1500.0,149.73404801943983,0.1932710833733981,agent_2,0.2235808576305078
23,100,2700.0,1800.0,179.54522416905323,0.23029020731947747,agent_0,0.20596528615021664
23,100,2700.0,1800.0,179.54522416905323,0.23029020731947747,agent_1,0.2013931727161671
23,100,2700.0,1800.0,179.54522416905323,0.23029020731947747,agent_2,0.2658096938616912
23,100,3000.0,2100.0,209.28587033909008,0.2666495367092547,agent_0,0.2382185350965258
23,100,3000.0,2100.0,209.28587033909008,0.2666495367092547,agent_1,0.23318435045357577
23,100,3000.0,2100.0,209.28587033909008,0.2666495367092547,agent_2,0.3070017211852657
23,100,3300.0,2400.0,238.94662553521923,0.30230549095561104,agent_0,0.26983392125091593
23,100,3300.0,2400.0,238.94662553521923,0.30230549095561104,agent_1,0.26440758371137224
23,100,3300.0,2400.0,238.94662553521923,0.30230549095561104,agent_2,0.347083347754752
23,100,3600.0,2700.0,268.5189779114098,0.33721706392516754,agent_0,0.30079722557432886
23,100,3600.0,2700.0,268.5189779114098,0.33721706392516754,agent_1,0.2950421477231531
23,100,3600.0,2700.0,268.5189779114098,0.33721706392516754,agent_2,0.3859884360037423
23,100,3900.0,3000.0,297.99531462581376,0.37134560310697134,agent_0,0.3310950867475095
23,100,3900.0,3000.0,297.99531462581376,0.37134560310697134,agent_1,0.3250680032943182
23,100,3900.0,3000.0,297.99531462581376,0.37134560310697134,agent_2,0.42365795176060705
23,100,4200.0,3300.0,327.3689663247666,0.40465482572124933,agent_0,0.360714989243771
23,100,4200.0,3300.0,327.3689663247666,0.40465482572124933,agent_1,0.35446581739382843
23,100,4200.0,3300.0,327.3689663247666,0.40465482572124933,agent_2,0.4600398823887672
23,100,4500.0,3600.0,356.63424855038363,0.4371106552138128,agent_0,0.38964511584684924
23,100,4500.0,3600.0,356.63424855038363,0.4371106552138128,agent_1,0.3832168507575784
23,100,4500.0,3600.0,356.63424855038363,0.4371106552138128,agent_2,0.49508888173104354
23,100,4800.0,3900.0,385.78649843279,0.468680942980021,agent_0,0.417874115349894
23,100,4800.0,3900.0,385.78649843279,0.468680942980021,agent_1,0.41130276038426805
23,100,4800.0,3900.0,385.78649843279,0.468680942980021,agent_2,0.5287657424824513
23,100,5100.0,4200.0,414.8221089283885,0.4993356571864276,agent_0,0.4453912459561017
23,100,5100.0,4200.0,414.8221089283885,0.4993356571864276,agent_1,0.4387057641582178
23,100,5100.0,4200.0,414.8221089283885,0.4993356571864276,agent_2,0.5610374417649489
23,100,5400.0,4500.0,443.7385588951703,0.5290462688113519,agent_0,0.47218589086483803
23,100,5400.0,4500.0,443.7385588951703,0.5290462688113519,agent_1,0.46540819404683204
23,100,5400.0,4500.0,443.7385588951703,0.5290462688113519,agent_2,0.5918760660115532
24,1,900.0,0.0,0.0,1.4787793334710982e-06,agent_0,0.0
24,1,900.0,0.0,0.0,1.4787793334710982e-06,agent_1,8.537736462515939e-07
24,1,900.0,0.0,0.0,1.4787793334710982e-06,agent_2,0.0
24,1,1200.0,300.0,0.29998688720075184,0.0003332069739767421,agent_0,0.0003234822045976064
24,1,1200.0,300.0,0.29998688720075184,0.0003332069739767421,agent_1,0.00034188171436911957
24,1,1200.0,300.0,0.29998688720075184,0.0003332069739767421,agent_2,0.000311537312289722
24,1,1500.0,600.0,0.5998955027482695,0.0006646818383369509,agent_0,0.0006483847350707808
24,1,1500.0,600.0,0.5998955027482695,0.0006646818383369509,agent_1,0.0006847403033816939
24,1,1500.0,600.0,0.5998955027482695,0.0006646818383369509,agent_2,0.0006191424970284496
24,1,1800.0,900.0,0.8996488091672161,0.0009942094216139998,agent_0,0.0009745241826342896
24,1,1800.0,900.0,0.8996488091672161,0.0009942094216139998,agent_1,0.0010282398371653108
24,1,1800.0,900.0,0.8996488091672161,0.0009942094216139998,agent_2,0.0009228108340247242
24,1,2100.0,1200.0,1.1991713290661217,0.0013215779007880433,agent_0,0.0013017125352363242
24,1,2100.0,1200.0,1.1991713290661217,0.0013215779007880433,agent_1,0.0013720402822359958
24,1,2100.0,1200.0,1.1991713290661217,0.0013215779007880433,agent_2,0.0012225475182510727
24,1,2400.0,1500.0,1.4983893812902092,0.0016465818867335046,agent_0,0.0016297507995761233
24,1,2400.0,1500.0,1.4983893812902092,0.0016465818867335046,agent_1,0.0017157870319061332
24,1,2400.0,1500.0,1.4983893812902092,0.0016465818867335046,agent_2,0.0015183583593329267
24,1,2700.0,1800.0,1.7972312986228065,0.001969019902590358,agent_0,0.0019584305725873284
24,1,2700.0,1800.0,1.7972312986228065,0.001969019902590358,agent_1,0.0020591213256777796
24,1,2700.0,1800.0,1.7972312986228065,0.001969019902590358,agent_2,0.0018102558414360736
24,1,3000.0,2100.0,2.0956276474994473,0.0022886966035755366,agent_0,0.002287535887017851
24,1,3000.0,2100.0,2.0956276474994473,0.0022886966035755366,agent_1,0.002401678166222167
24,1,3000.0,2100.0,2.0956276474994473,0.0022886966035755366,agent_2,0.002098255519909376
24,1,3300.0,2400.0,2.393511435328453,0.0026054211843696373,agent_0,0.002616838510360807
24,1,3300.0,2400.0,2.393511435328453,0.0026054211843696373,agent_1,0.0027430830490950556
24,1,3300.0,2400.0,2.393511435328453,0.0026054211843696373,agent_2,0.0023823745477131383
24,1,3600.0,2700.0,2.6908183125985023,0.0029190057744550237,agent_0,0.002946101568142283
24,1,3600.0,2700.0,2.6908183125985023,0.0029190057744550237,agent_1,0.003082955712249753
24,1,3600.0,2700.0,2.6908183125985023,0.0029190057744550237,agent_2,0.002662632978238303
24,1,3900.0,3000.0,2.9874867770643654,0.003229266177838818,agent_0,0.003275076375173104
24,1,3900.0,3000.0,2.9874867770643654,0.003229266177838818,agent_1,0.0034209101289995637
24,1,3900.0,3000.0,2.9874867770643654,0.003229266177838818,agent_2,0.002939051635315688
24,1,4200.0,3300.0,3.283458365428991,0.0035360218593383963,agent_0,0.003603502960598519
24,1,4200.0,3300.0,3.283458365428991,0.0035360218593383963,agent_1,0.0037565532054960045
24,1,4200.0,3300.0,3.283458365428991,0.0035360218593383963,agent_2,0.0032116517997121765
24,1,4500.0,3600.0,3.578677852467944,0.0038390954237654865,agent_0,0.003931109410571469
24,1,4500.0,3600.0,3.578677852467944,0.0038390954237654865,agent_1,0.004089488338344325
24,1,4500.0,3600.0,3.578677852467944,0.0038390954237654865,agent_2,0.0034804555759465044
24,1,4800.0,3900.0,3.8730934387092555,0.004138311497726505,agent_0,0.00425761209607746
24,1,4800.0,3900.0,3.8730934387092555,0.004138311497726505,agent_1,0.004419312514229322
24,1,4800.0,3900.0,3.8730934387092555,0.004138311497726505,agent_2,0.003745484649506126
24,1,5100.0,4200.0,4.166656947203322,0.004433497589434015,agent_0,0.004582715364398582
24,1,5100.0,4200.0,4.166656947203322,0.004433497589434015,agent_1,0.004745620001689385
24,1,5100.0,4200.0,4.166656947203322,0.004433497589434015,agent_2,0.004006760996149402
24,1,5400.0,4500.0,4.459324010146242,0.004724482816875668,agent_0,0.004906109804864809
24,1,5400.0,4500.0,4.459324010146242,0.004724482816875668,agent_1,0.00506800058154631
24,1,5400.0,4500.0,4.459324010146242,0.004724482816875668,agent_2,0.0042643034814379525
24,5,900.0,0.0,0.0,1.4787793334710982e-06,agent_0,0.0
24,5,900.0,0.0,0.0,1.4787793334710982e-06,agent_1,8.537736462515939e-07
24,5,900.0,0.0,0.0,1.4787793334710982e-06,agent_2,0.0
24,5,1200.0,300.0,1.499934436058804,0.0016660337761309004,agent_0,0.0016174137270974411
24,5,1200.0,300.0,1.499934436058804,0.0016660337761309004,agent_1,0.0017094079322733258
24,5,1200.0,300.0,1.499934436058804,0.0016660337761309004,agent_2,0.0015576886672971648
24,5,1500.0,600.0,2.9994775146909447,0.0033234068891469467,agent_0,0.00324193120805863
24,5,1500.0,600.0,2.9994775146909447,0.0033234068891469467,agent_1,0.0034237056690781444
24,5,1500.0,600.0,2.9994775146909447,0.0033234068891469467,agent_2,0.0030957000058764025
24,5,1800.0,900.0,4.49824405293845,0.00497103222609308,agent_0,0.004872638417397888
24,5,1800.0,900.0,4.49824405293845,0.00497103222609308,agent_1,0.005141211876954595
24,5,1800.0,900.0,4.49824405293845,0.00497103222609308,agent_2,0.004614020205441378
24,5,2100.0,1200.0,5.9958566748707804,0.006607856193150914,agent_0,0.006508588438444829
24,5,2100.0,1200.0,5.9958566748707804,0.006607856193150914,agent_1,0.006860210606149345
24,5,2100.0,1200.0,5.9958566748707804,0.006607856193150914,agent_2,0.006112666939412266
24,5,2400.0,1500.0,7.491946995772262,0.00823284015880027,agent_0,0.008148777128008065
24,5,2400.0,1500.0,7.491946995772262,0.00823284015880027,agent_1,0.008578931726045382
24,5,2400.0,1500.0,7.491946995772262,0.00823284015880027,agent_2,0.007591672453831543
24,5,2700.0,1800.0,8.986156713422652,0.00984498254096099,agent_0,0.00979216806015845
24,5,2700.0,1800.0,8.986156713422652,0.00984498254096099,agent_1,0.010295581082837414
24,5,2700.0,1800.0,8.986156713422652,0.00984498254096099,agent_2,0.009051097370183248
24,5,3000.0,2100.0,10.47813870957388,0.011443301876979528,agent_0,0.01143767282534333
24,5,3000.0,2100.0,10.47813870957388,0.011443301876979528,agent_1,0.012008322744737177
24,5,3000.0,2100.0,10.47813870957388,0.011443301876979528,agent_2,0.010491015811335875
24,5,3300.0,2400.0,11.96755808891995,0.013026837167006746,agent_0,0.013084151854516812
24,5,3300.0,2400.0,11.96755808891995,0.013026837167006746,agent_1,0.013715284402470046
24,5,3300.0,2400.0,11.96755808891995,0.013026837167006746,agent_2,0.011911513945541666
24,5,3600.0,2700.0,13.454093192148632,0.01459464845921922,agent_0,0.014730413661174896
24,5,3600.0,2700.0,13.454093192148632,0.01459464845921922,agent_1,0.015414561009984958
24,5,3600.0,2700.0,13.454093192148632,0.01459464845921922,agent_2,0.013312688263270528
24,5,3900.0,3000.0,14.937436619173758,0.016145813680992698,agent_0,0.016375211997296104
24,5,3900.0,3000.0,14.937436619173758,0.016145813680992698,agent_1,0.017104216102295778
24,5,3900.0,3000.0,14.937436619173758,0.016145813680992698,agent_2,0.014694642132603635
24,5,4200.0,3300.0,16.417296189155707,0.017679426540301572,agent_0,0.018017242719889078
24,5,4200.0,3300.0,16.417296189155707,0.017679426540301572,agent_1,0.018782283131240158
24,5,4200.0,3300.0,16.417296189155707,0.017679426540301572,agent_2,0.01605748195075623
24,5,4500.0,3600.0,17.893395938140408,0.019194598466051024,agent_0,0.019655145694239356
24,5,4500.0,3600.0,17.893395938140408,0.019194598466051024,agent_1,0.02044677263666852
24,5,4500.0,3600.0,17.893395938140408,0.019194598466051024,agent_2,0.017401318076561905
24,5,4800.0,3900.0,19.365477058823313,0.020690450251800212,agent_0,0.021287496705834127
24,5,4800.0,3900.0,19.365477058823313,0.020690450251800212,agent_1,0.022095667578201486
24,5,4800.0,3900.0,19.365477058823313,0.020690450251800212,agent_2,0.01872625690202895
24,5,5100.0,4200.0,20.833298885670096,0.022166119093065855,agent_0,0.022912814610255076
24,5,5100.0,4200.0,20.833298885670096,0.022166119093065855,agent_1,0.02372693668059486
24,5,5100.0,4200.0,20.833298885670096,0.022166119093065855,agent_2,0.0200324055910124
24,5,5400.0,4500.0,22.29663982922509,0.02362074655239564,agent_0,0.024529549208871956
24,5,5400.0,4500.0,22.29663982922509,0.02362074655239564,agent_1,0.025338525873462046
24,5,5400.0,4500.0,22.29663982922509,0.02362074655239564,agent_2,0.02131986119607007
24,10,900.0,0.0,0.0,1.4787793334710982e-06,agent_0,0.0
24,10,900.0,0.0,0.0,1.4787793334710982e-06,agent_1,8.537736462515939e-07
24,10,900.0,0.0,0.0,1.4787793334710982e-06,agent_2,0.0
24,10,1200.0,300.0,2.9998688721942033,0.003332066349423281,agent_0,0.0032348352286675967
24,10,1200.0,300.0,2.9998688721942033,0.003332066349423281,agent_1,0.003418821834832208
24,10,1200.0,300.0,2.9998688721942033,0.003332066349423281,agent_2,0.0031153689116664553
24,10,1500.0,600.0,5.99895503172967,0.006646803033813195,agent_0,0.00648388636457553
24,10,1500.0,600.0,5.99895503172967,0.006646803033813195,agent_1,0.006847430023738786
24,10,1500.0,600.0,5.99895503172967,0.006646803033813195,agent_2,0.006191362574941383
24,10,1800.0,900.0,8.99648812353766,0.00994202747268524,agent_0,0.009745320226481878
24,10,1800.0,900.0,8.99648812353766,0.00994202747268524,agent_1,0.01028245126985904
24,10,1800.0,900.0,8.99648812353766,0.00994202747268524,agent_2,0.009227948196251386
24,10,2100.0,1200.0,11.99171342356917,0.013215625371388299,agent_0,0.013017233987219042
24,10,2100.0,1200.0,11.99171342356917,0.013215625371388299,agent_1,0.013720444241003514
24,10,2100.0,1200.0,11.99171342356917,0.013215625371388299,agent_2,0.012225157078478863
24,10,2400.0,1500.0,14.983894215007135,0.016465511603431446,agent_0,0.016297611748065835
24,10,2400.0,1500.0,14.983894215007135,0.016465511603431446,agent_1,0.01715785893317619
24,10,2400.0,1500.0,14.983894215007135,0.016465511603431446,agent_2,0.01518304858168879
24,10,2700.0,1800.0,17.97231397820514,0.019689675930960236,agent_0,0.01958437240687044
24,10,2700.0,1800.0,17.97231397820514,0.019689675930960236,agent_1,0.020591096687671454
24,10,2700.0,1800.0,17.97231397820514,0.019689675930960236,agent_2,0.01810174047348646
24,10,3000.0,2100.0,20.956278600593127,0.022886148270762813,agent_0,0.02287533123405944
24,10,3000.0,2100.0,20.956278600593127,0.022886148270762813,agent_1,0.024016476049649488
24,10,3000.0,2100.0,20.956278600593127,0.022886148270762813,agent_2,0.0209813772907425
24,10,3300.0,2400.0,23.935118461016025,0.026053000154113874,agent_0,0.026168200758594704
24,10,3300.0,2400.0,23.935118461016025,0.026053000154113874,agent_1,0.02743024255586105
24,10,3300.0,2400.0,23.935118461016025,0.026053000154113874,agent_2,0.023822127956640644
24,10,3600.0,2700.0,26.908190461801198,0.029188344838660778,agent_0,0.02946058937040183
24,10,3600.0,2700.0,26.908190461801198,0.029188344838660778,agent_1,0.030828576172492794
24,10,3600.0,2700.0,26.908190461801198,0.029188344838660778,agent_2,0.0266241820048791
24,10,3900.0,3000.0,29.87488008060661,0.03229033259090752,agent_0,0.032749996144089556
24,10,3900.0,3000.0,29.87488008060661,0.03229033259090752,agent_1,0.03420759450247434
24,10,3900.0,3000.0,29.87488008060661,0.03229033259090752,agent_2,0.02938774319819517
24,10,4200.0,3300.0,32.834603295321656,0.035357144924731514,agent_0,0.036033803970491225
24,10,4200.0,3300.0,32.834603295321656,0.035357144924731514,agent_1,0.037563355030169526
24,10,4200.0,3300.0,32.834603295321656,0.035357144924731514,agent_2,0.03211302164906512
24,10,4500.0,3600.0,35.78680858370079,0.03838699910483881,agent_0,0.03930928414349524
24,10,4500.0,3600.0,35.78680858370079,0.03838699910483881,agent_1,0.04089186955095636
24,10,4500.0,3600.0,35.78680858370079,0.03838699910483881,agent_2,0.03480023543827019
24,10,4800.0,3900.0,38.73097880667881,0.041378131671664514,agent_0,0.04257357936587535
24,10,4800.0,3900.0,38.73097880667881,0.041378131671664514,agent_1,0.04418909551620764
24,10,4800.0,3900.0,38.73097880667881,0.041378131671664514,agent_2,0.037449594804775506
24,10,5100.0,4200.0,41.666633181722894,0.04432881233107042,agent_0,0.04582371880061792
24,10,5100.0,4200.0,41.666633181722894,0.04432881233107042,agent_1,0.04745096203478587
24,10,5100.0,4200.0,41.666633181722894,0.04432881233107042,agent_2,0.040061311817246655
24,10,5400.0,4500.0,44.59332915406456,0.04723731949175604,agent_0,0.049056593175572545
24,10,5400.0,4500.0,44.59332915406456,0.04723731949175604,agent_1,0.05067335292268961
24,10,5400.0,4500.0,44.59332915406456,0.04723731949175604,agent_2,0.04263557838023194
24,25,900.0,0.0,0.0,1.4787793334710982e-06,agent_0,0.0
24,25,900.0,0.0,0.0,1.4787793334710982e-06,agent_1,8.537736462515939e-07
24,25,900.0,0.0,0.0,1.4787793334710982e-06,agent_2,0.0
24,25,1200.0,300.0,7.499672181044449,0.008330155543210987,agent_0,0.008087142642581355
24,25,1200.0,300.0,7.499672181044449,0.008330155543210987,agent_1,0.008547101670533214
24,25,1200.0,300.0,7.499672181044449,0.008330155543210987,agent_2,0.007788358548190554
24,25,1500.0,600.0,14.99738759695521,0.016616924681752587,agent_0,0.016209897820392245
24,25,1500.0,600.0,14.99738759695521,0.016616924681752587,agent_1,0.017118714698754364
24,25,1500.0,600.0,14.99738759695521,0.016616924681752587,agent_2,0.015478124149901306
24,25,1800.0,900.0,22.491220441707718,0.02485479057643446,agent_0,0.024363625730039057
24,25,1800.0,900.0,22.491220441707718,0.02485479057643446,agent_1,0.025706333725091114
24,25,1800.0,900.0,22.491220441707718,0.02485479057643446,agent_2,0.023069178057126494
24,25,2100.0,1200.0,29.97928411420039,0.03303840918544579,agent_0,0.032543511586669495
24,25,2100.0,1200.0,29.97928411420039,0.03303840918544579,agent_1,0.03430128137426422
24,25,2100.0,1200.0,29.97928411420039,0.03303840918544579,agent_2,0.030561563478033092
24,25,2400.0,1500.0,37.45973721799947,0.04116251077514329,agent_0,0.04074445663120991
24,25,2400.0,1500.0,37.45973721799947,0.04116251077514329,agent_1,0.04289460866240571
24,25,2400.0,1500.0,37.45973721799947,0.04116251077514329,agent_2,0.03795539603888463
24,25,2700.0,1800.0,44.93078909162852,0.04922201568995406,agent_0,0.04896119771680147
24,25,2700.0,1800.0,44.93078909162852,0.04922201568995406,agent_1,0.05147724391465409
24,25,2700.0,1800.0,44.93078909162852,0.04922201568995406,agent_2,0.04525094030665897
24,25,3000.0,2100.0,52.390705385372996,0.05721194597007325,agent_0,0.05718821132347703
24,25,3000.0,2100.0,52.390705385372996,0.05721194597007325,agent_1,0.06003990906797595
24,25,3000.0,2100.0,52.390705385372996,0.05721194597007325,agent_2,0.0524485298404105
24,25,3300.0,2400.0,59.83781332035142,0.06512743040305626,agent_0,0.0654197160077582
24,25,3300.0,2400.0,59.83781332035142,0.06512743040305626,agent_1,0.06857314375524844
24,25,3300.0,2400.0,59.83781332035142,0.06512743040305626,agent_2,0.059548560778846966
24,25,3600.0,2700.0,67.27050681318696,0.07296370406177975,agent_0,0.07364966932816472
24,25,3600.0,2700.0,67.27050681318696,0.07296370406177975,agent_1,0.07706732450831237
24,25,3600.0,2700.0,67.27050681318696,0.07296370406177975,agent_2,0.06655148298874089
24,25,3900.0,3000.0,74.68725164614344,0.08071609705926422,agent_0,0.08187175444696798
24,25,3900.0,3000.0,74.68725164614344,0.08071609705926422,agent_1,0.08551267329048927
24,25,3900.0,3000.0,74.68725164614344,0.08071609705926422,agent_2,0.07345778315368875
24,25,4200.0,3300.0,82.08659031590277,0.08838001989675802,agent_0,0.09007936381352984
24,25,4200.0,3300.0,82.08659031590277,0.08838001989675802,agent_1,0.09389926341652813
24,25,4200.0,3300.0,82.08659031590277,0.08838001989675802,agent_2,0.08026796560360738
24,25,4500.0,3600.0,89.46714706498382,0.09595097481160055,agent_0,0.09826561034064352
24,25,4500.0,3600.0,89.46714706498382,0.09595097481160055,agent_1,0.10221705611967621
24,25,4500.0,3600.0,89.46714706498382,0.09595097481160055,agent_2,0.0869825558188717
24,25,4800.0,3900.0,96.82763261804635,0.10342451468683984,agent_0,0.10642328551507363
24,25,4800.0,3900.0,96.82763261804635,0.10342451468683984,agent_1,0.11045587940823616
24,25,4800.0,3900.0,96.82763261804635,0.10342451468683984,agent_2,0.0936020610513334
24,25,5100.0,4200.0,104.16684913896368,0.11079627792766329,agent_0,0.11454489699869522
24,25,5100.0,4200.0,104.16684913896368,0.11079627792766329,agent_1,0.11860549360903541
24,25,5100.0,4200.0,104.16684913896368,0.11079627792766329,agent_2,0.10012699404999066
24,25,5400.0,4500.0,111.48369492794052,0.11806192705211167,agent_0,0.12262260696146943
24,25,5400.0,4500.0,111.48369492794052,0.11806192705211167,agent_1,0.12665554929225664
24,25,5400.0,4500.0,111.48369492794052,0.11806192705211167,agent_2,0.10655781847466836
24,50,900.0,0.0,0.0,1.4787793334710982e-06,agent_0,0.0
24,50,900.0,0.0,0.0,1.4787793334710982e-06,agent_1,8.537736462515939e-07
24,50,900.0,0.0,0.0,1.4787793334710982e-06,agent_2,0.0
24,50,1200.0,300.0,14.999344363951122,0.01666027608469213,agent_0,0.016174467508496097
24,50,1200.0,300.0,14.999344363951122,0.01666027608469213,agent_1,0.01709435937200466
24,50,1200.0,300.0,14.999344363951122,0.01666027608469213,agent_2,0.01557650395131454
24,50,1500.0,600.0,29.994775253009504,0.03323357119118015,agent_0,0.032420400432923394
24,50,1500.0,600.0,29.994775253009504,0.03323357119118015,agent_1,0.034237892970934006
24,50,1500.0,600.0,29.994775253009504,0.03323357119118015,agent_2,0.030955306660840887
24,50,1800.0,900.0,44.98244132861251,0.04970864912619817,agent_0,0.048728330372883065
24,50,1800.0,900.0,44.98244132861251,0.04970864912619817,agent_1,0.05141334678160866
24,50,1800.0,900.0,44.98244132861251,0.04970864912619817,agent_2,0.04613604451667169
24,50,2100.0,1200.0,59.95857008913847,0.06607462576415628,agent_0,0.06508843410693167
24,50,2100.0,1200.0,59.95857008913847,0.06607462576415628,agent_1,0.06860311888768691
24,50,2100.0,1200.0,59.95857008913847,0.06607462576415628,agent_2,0.061118687066591064
24,50,2400.0,1500.0,74.91948006714881,0.08232077204819342,agent_0,0.08149031569036759
24,50,2400.0,1500.0,74.91948006714881,0.08232077204819342,agent_1,0.08578906250854294
24,50,2400.0,1500.0,74.91948006714881,0.08232077204819342,agent_2,0.07590335713748722
24,50,2700.0,1800.0,89.861592075942,0.09843674619465155,agent_0,0.0979232463351369
24,50,2700.0,1800.0,89.861592075942,0.09843674619465155,agent_1,0.10295278413893036
24,50,2700.0,1800.0,89.861592075942,0.09843674619465155,agent_2,0.09049048313949101
24,50,3000.0,2100.0,104.78144053695958,0.11441241708220874,agent_0,0.11437597248326314
24,50,3000.0,2100.0,104.78144053695958,0.11441241708220874,agent_1,0.1200754777772998
24,50,3000.0,2100.0,104.78144053695958,0.11441241708220874,agent_2,0.10488063875331341
24,50,3300.0,2400.0,119.6756841592066,0.13023787430139075,agent_0,0.13083672136660307
24,50,3300.0,2400.0,119.6756841592066,0.13023787430139075,agent_1,0.13713797454942375
24,50,3300.0,2400.0,119.6756841592066,0.13023787430139075,agent_2,0.11907452937761354
24,50,3600.0,2700.0,134.54111633681737,0.14590342771398068,agent_0,0.1472931951098886
24,50,3600.0,2700.0,134.54111633681737,0.14590342771398068,agent_1,0.1541207821775786
24,50,3600.0,2700.0,134.54111633681737,0.14590342771398068,agent_2,0.13307297397594647
24,50,3900.0,3000.0,149.37467562428358,0.1613995852021075,agent_0,0.1637325447339657
24,50,3900.0,3000.0,149.37467562428358,0.1613995852021075,agent_1,0.17100410370366007
24,50,3900.0,3000.0,149.37467562428358,0.1613995852021075,agent_2,0.14687687059550916
24,50,4200.0,3300.0,164.1734555552401,0.17671702327767266,agent_0,0.1801413380400558
24,50,4200.0,3300.0,164.1734555552401,0.17671702327767266,agent_1,0.18776785078344185
24,50,4200.0,3300.0,164.1734555552401,0.17671702327767266,agent_2,0.16048715782169665
24,50,4500.0,3600.0,178.93471481216164,0.1918466102018426,agent_0,0.19650558274612046
24,50,4500.0,3600.0,178.93471481216164,0.1918466102018426,agent_1,0.20439171828910327
24,50,4500.0,3600.0,178.93471481216164,0.1918466102018426,agent_2,0.173904821066536
24,50,4800.0,3900.0,193.65588679163193,0.206779323834686,agent_0,0.2128106436361466
24,50,4800.0,3900.0,193.65588679163193,0.206779323834686,agent_1,0.22085514370712234
24,50,4800.0,3900.0,193.65588679163193,0.206779323834686,agent_2,0.18713081357702746
24,50,5100.0,4200.0,208.33458959558456,0.22150632160886582,agent_0,0.22904131856848803
24,50,5100.0,4200.0,208.33458959558456,0.22150632160886582,agent_1,0.23713743971180756
24,50,5100.0,4200.0,208.33458959558456,0.22150632160886582,agent_2,0.20016610349058306
24,50,5400.0,4500.0,222.96863548748064,0.23601881785404238,agent_0,0.24518171633835995
24,50,5400.0,4500.0,222.96863548748064,0.23601881785404238,agent_1,0.2532177116313366
24,50,5400.0,4500.0,222.96863548748064,0.23601881785404238,agent_2,0.21301156434084104
24,100,900.0,0.0,0.0,1.4787793334710982e-06,agent_0,0.0
24,100,900.0,0.0,0.0,1.4787793334710982e-06,agent_1,8.537736462515939e-07
24,100,900.0,0.0,0.0,1.4787793334710982e-06,agent_2,0.0
24,100,1200.0,300.0,29.998688735415527,0.03332041066455564,agent_0,0.03234966199740898
24,100,1200.0,300.0,29.998688735415527,0.03332041066455564,agent_1,0.034189341183921564
24,100,1200.0,300.0,29.998688735415527,0.03332041066455564,agent_2,0.03115215406819035
24,100,1500.0,600.0,59.9895507447725,0.06646601857419734,agent_0,0.06484320945557684
24,100,1500.0,600.0,59.9895507447725,0.06646601857419734,agent_1,0.06847762827149594
24,100,1500.0,600.0,59.9895507447725,0.06646601857419734,agent_2,0.06190683781445691
24,100,1800.0,900.0,89.96488445577772,0.09941353310541651,agent_0,0.09746094146632561
24,100,1800.0,900.0,89.96488445577772,0.09941353310541651,agent_1,0.1028293694948377
24,100,1800.0,900.0,89.96488445577772,0.09941353310541651,agent_2,0.09226281402234818
24,100,2100.0,1200.0,119.91714769507846,0.13214039401446284,agent_0,0.13018242822835963
24,100,2100.0,1200.0,119.91714769507846,0.13214039401446284,agent_1,0.1372083641497379
24,100,2100.0,1200.0,119.91714769507846,0.13214039401446284,agent_2,0.12221954889076961
24,100,2400.0,1500.0,149.8389828807017,0.16462437865868224,agent_0,0.16298607636872373
24,100,2400.0,1500.0,149.8389828807017,0.16462437865868224,agent_1,0.17157731330074796
24,100,2400.0,1500.0,149.8389828807017,0.16462437865868224,agent_2,0.1517768499764227
24,100,2700.0,1800.0,179.7232402646848,0.19684406746630556,agent_0,0.19584960984533992
24,100,2700.0,1800.0,179.7232402646848,0.19684406746630556,agent_1,0.20589842096343486
24,100,2700.0,1800.0,179.7232402646848,0.19684406746630556,agent_2,0.1809351678330878
24,100,3000.0,2100.0,209.56300128733,0.22877849184315802,agent_0,0.22874968768014575
24,100,3000.0,2100.0,209.56300128733,0.22877849184315802,agent_1,0.24013306785944896
24,100,3000.0,2100.0,209.56300128733,0.22877849184315802,agent_2,0.2096952730829829
24,100,3300.0,2400.0,239.35160058321438,0.2604071552928795,agent_0,0.2616619169329946
24,100,3300.0,2400.0,239.35160058321438,0.2604071552928795,agent_1,0.274241916156694
24,100,3300.0,2400.0,239.35160058321438,0.2604071552928795,agent_2,0.23805822688640055
24,100,3600.0,2700.0,269.0826473699575,0.2917100334831166,agent_0,0.29456084300895524
24,100,3600.0,2700.0,269.0826473699575,0.2917100334831166,agent_1,0.3081849942475134
24,100,3600.0,2700.0,269.0826473699575,0.2917100334831166,agent_2,0.26602534252849025
24,100,3900.0,3000.0,298.7500469366396,0.322667530542071,agent_0,0.32741990026633233
24,100,3900.0,3000.0,298.7500469366396,0.322667530542071,agent_1,0.3419217402076276
24,100,3900.0,3000.0,298.7500469366396,0.322667530542071,agent_2,0.29359811435669125
24,100,4200.0,3300.0,328.3480207621798,0.35326042114456363,agent_0,0.36021135052197345
24,100,4200.0,3300.0,328.3480207621798,0.35326042114456363,agent_1,0.3754110345961955
24,100,4200.0,3300.0,328.3480207621798,0.35326042114456363,agent_2,0.32077813889369644
24,100,4500.0,3600.0,357.87112727671126,0.38346989743060766,agent_0,0.3929063326504963
24,100,4500.0,3600.0,357.87112727671126,0.38346989743060766,agent_1,0.40861135598945975
24,100,4500.0,3600.0,357.87112727671126,0.38346989743060766,agent_2,0.3475671254597284
24,100,4800.0,3900.0,387.31428135329725,0.4132774055522654,agent_0,0.42547470041474783
24,100,4800.0,3900.0,387.31428135329725,0.4132774055522654,agent_1,0.44148070635542674
24,100,4800.0,3900.0,387.31428135329725,0.4132774055522654,agent_2,0.37396673687672016
24,100,5100.0,4200.0,416.6727745883354,0.4426647861097261,agent_0,0.4578851785275852
24,100,5100.0,4200.0,416.6727745883354,0.4426647861097261,agent_1,0.4739768825746409
24,100,5100.0,4200.0,416.6727745883354,0.4426647861097261,agent_2,0.3999786817741874
24,100,5400.0,4500.0,445.9422944482043,0.4716140298056345,agent_0,0.4901051228652799
24,100,5400.0,4500.0,445.9422944482043,0.4716140298056345,agent_1,0.5060573180958226
24,100,5400.0,4500.0,445.9422944482043,0.4716140298056345,agent_2,0.42560449465505173
